Air temperature [K],Process temperature [K],Rotational speed [rpm],Torque [Nm],Tool wear [min],Temperature difference [K],Mechanical power [W],Torque-speed interaction,Tool wear-torque interaction,Type_H,Type_L,Type_M,Machine failure
302.0,310.9,1456,47.2,54,8.899999999999977,7196.676675039404,68723.2,2548.8,0,0,1,0
297.0,308.3,1399,46.4,132,11.300000000000011,6797.736295935547,64913.6,6124.8,0,0,1,0
301.0,311.6,1357,45.6,137,10.600000000000023,6479.974671000451,61879.200000000004,6247.2,0,0,1,0
298.9,309.8,1411,56.3,84,10.900000000000034,8318.864042877189,79439.3,4729.2,0,1,0,0
297.1,308.5,1733,28.7,50,11.399999999999977,5208.45693236203,49737.1,1435.0,0,1,0,0
298.3,308.9,1706,31.8,8,10.599999999999966,5681.130491045638,54250.8,254.4,1,0,0,0
300.7,311.0,1263,52.3,104,10.300000000000011,6917.252952453614,66054.9,5439.2,0,0,1,0
297.6,309.0,1413,40.2,51,11.399999999999977,5948.3543621599865,56802.600000000006,2050.2000000000003,1,0,0,0
303.9,313.2,1608,40.6,79,9.300000000000011,6836.608269035965,65284.8,3207.4,0,0,1,0
297.3,308.6,1431,42.0,109,11.300000000000011,6293.866722201792,60102.0,4578.0,1,0,0,0
298.9,310.1,1466,42.5,187,11.200000000000045,6524.564342730401,62305.0,7947.5,0,1,0,0
297.9,308.6,1691,29.6,116,10.700000000000045,5241.600734857403,50053.600000000006,3433.6000000000004,0,1,0,0
299.2,310.7,1540,36.3,175,11.5,5854.04375069922,55901.99999999999,6352.499999999999,0,1,0,0
298.4,308.4,1515,40.1,179,10.0,6361.882203152011,60751.5,7177.900000000001,0,1,0,0
300.4,309.8,1421,47.2,0,9.400000000000034,7023.679639581725,67071.2,0.0,0,0,1,0
298.7,309.9,1617,33.0,203,11.199999999999989,5587.9508529401655,53361.0,6699.0,0,1,0,0
297.7,308.7,1249,60.4,143,11.0,7900.016438325086,75439.59999999999,8637.199999999999,0,1,0,0
298.9,310.0,1564,33.8,183,11.100000000000023,5535.821358841598,52863.2,6185.4,0,1,0,0
298.1,308.7,1568,32.9,10,10.599999999999966,5402.198951308912,51587.2,329.0,0,1,0,0
304.1,313.2,1434,50.1,43,9.099999999999966,7523.4232549637645,71843.40000000001,2154.3,0,1,0,0
302.5,311.1,1571,34.2,201,8.600000000000023,5626.403947020104,53728.200000000004,6874.200000000001,0,1,0,0
299.2,308.8,1908,21.3,104,9.600000000000023,4255.852735965021,40640.4,2215.2000000000003,1,0,0,0
299.6,310.2,1468,48.0,9,10.599999999999966,7378.972824751707,70464.0,432.0,0,1,0,0
301.0,312.2,1489,40.3,117,11.199999999999989,6283.886929538887,60006.7,4715.099999999999,1,0,0,0
299.1,310.5,1389,61.4,64,11.399999999999977,8930.982427478135,85284.59999999999,3929.6,0,1,0,0
302.4,310.2,1351,45.1,168,7.800000000000011,6380.585151416381,60930.1,7576.8,0,1,0,1
299.1,310.5,1532,36.6,62,11.399999999999977,5871.762333265467,56071.200000000004,2269.2000000000003,0,1,0,0
300.6,309.6,1726,30.0,147,9.0,5422.388920095983,51780.0,4410.0,0,1,0,0
301.7,311.2,1589,37.9,75,9.5,6306.548284546783,60223.1,2842.5,0,1,0,0
296.8,307.5,1347,54.8,43,10.699999999999989,7729.951556010758,73815.59999999999,2356.4,0,1,0,0
300.7,311.8,1486,47.3,19,11.100000000000023,7360.5212038996215,70287.8,898.6999999999999,0,1,0,0
299.6,311.0,1430,38.3,124,11.399999999999977,5735.396268148646,54768.99999999999,4749.2,0,1,0,0
297.1,308.3,1403,54.1,179,11.199999999999989,7948.4702690189515,75902.3,9683.9,0,1,0,0
300.7,310.6,1520,45.9,146,9.900000000000034,7306.087875188424,69768.0,6701.4,0,1,0,0
298.9,308.2,1372,63.6,30,9.300000000000011,9137.762055937417,87259.2,1908.0,0,0,1,1
298.7,309.8,1354,53.3,212,11.100000000000023,7557.43623142663,72168.2,11299.599999999999,0,1,0,1
299.7,309.1,1347,55.3,139,9.400000000000034,7800.480311083849,74489.09999999999,7686.7,0,1,0,0
300.7,309.5,1508,39.9,59,8.800000000000011,6300.903889745832,60169.2,2354.1,0,1,0,0
303.0,312.8,1648,32.1,104,9.800000000000011,5539.758821634097,52900.8,3338.4,0,0,1,0
300.4,311.7,1832,24.2,179,11.300000000000011,4642.687511377044,44334.4,4331.8,0,0,1,0
302.0,311.1,1406,48.8,159,9.100000000000023,7185.1156140741905,68612.8,7759.2,0,0,1,0
298.3,308.1,1326,58.4,90,9.800000000000011,8109.330284858261,77438.4,5256.0,0,1,0,0
298.9,310.3,1456,44.1,118,11.400000000000034,6724.013588331307,64209.6,5203.8,0,1,0,0
298.0,308.5,1702,26.7,203,10.5,4758.821719804747,45443.4,5420.099999999999,0,1,0,0
302.6,311.4,1738,25.8,128,8.799999999999955,4695.6757074675925,44840.4,3302.4,0,1,0,0
297.1,308.2,1347,50.8,49,11.099999999999966,7165.721515426031,68427.59999999999,2489.2,0,1,0,0
303.8,312.7,1664,29.3,178,8.899999999999977,5105.632604810036,48755.200000000004,5215.400000000001,0,1,0,0
298.6,309.8,1637,34.6,207,11.199999999999989,5931.347873928553,56640.200000000004,7162.200000000001,0,1,0,0
301.6,311.1,1907,21.5,102,9.5,4293.56231978361,41000.5,2193.0,0,1,0,0
302.3,311.2,1505,36.7,78,8.899999999999977,5784.038594401728,55233.50000000001,2862.6000000000004,0,0,1,0
298.2,309.0,1410,47.6,76,10.800000000000011,7028.371084611086,67116.0,3617.6,0,0,1,0
296.8,307.9,1709,28.4,118,11.099999999999966,5082.636146585759,48535.6,3351.2,0,1,0,0
297.2,308.3,1776,28.0,43,11.100000000000023,5207.503982590441,49728.0,1204.0,0,0,1,0
300.2,310.2,1600,31.5,23,10.0,5277.875658030853,50400.0,724.5,0,1,0,0
301.0,310.7,1391,45.0,123,9.699999999999989,6554.933071715104,62595.0,5535.0,0,1,0,0
298.7,309.3,1402,45.3,190,10.600000000000023,6650.814479502664,63510.6,8607.0,1,0,0,0
298.1,307.9,1496,40.0,0,9.799999999999955,6266.430146360441,59840.0,0.0,0,0,1,0
301.5,310.3,1415,41.6,28,8.800000000000011,6164.223665363653,58864.0,1164.8,0,1,0,0
301.1,311.1,1711,29.1,170,10.0,5214.007079383371,49790.100000000006,4947.0,0,1,0,0
296.8,307.8,1664,32.8,142,11.0,5715.520458626935,54579.2,4657.599999999999,0,0,1,0
298.2,308.4,1477,49.9,72,10.199999999999989,7718.086807755699,73702.3,3592.7999999999997,0,1,0,0
297.4,309.0,1520,37.0,147,11.600000000000023,5889.439027929666,56240.0,5439.0,0,0,1,0
298.9,308.9,1487,39.5,30,10.0,6150.871896585897,58736.5,1185.0,0,0,1,0
299.3,309.1,1551,39.1,147,9.800000000000011,6350.63530145216,60644.100000000006,5747.7,0,1,0,0
298.3,308.2,1663,28.4,67,9.899999999999977,4945.830258497435,47229.2,1902.8,0,1,0,0
301.0,311.0,1423,38.6,199,10.0,5752.025765261648,54927.8,7681.400000000001,0,0,1,0
301.5,311.1,1434,49.6,129,9.600000000000023,7448.339190542969,71126.40000000001,6398.400000000001,0,1,0,0
300.5,311.6,1476,39.1,199,11.100000000000023,6043.544619563757,57711.6,7780.900000000001,0,0,1,0
300.6,310.0,1425,49.5,174,9.399999999999977,7386.669726753,70537.5,8613.0,0,1,0,0
301.3,310.8,1455,41.2,56,9.5,6277.530440403125,59946.00000000001,2307.2000000000003,0,0,1,0
297.2,308.4,1863,26.0,110,11.199999999999989,5072.41549848608,48438.0,2860.0,0,0,1,0
298.8,308.8,1523,44.4,55,10.0,7081.275504897538,67621.2,2442.0,0,1,0,0
300.4,310.0,1769,26.1,38,9.600000000000023,4835.005341654299,46170.9,991.8000000000001,0,1,0,0
301.6,311.1,1408,44.4,106,9.5,6546.576435256554,62515.2,4706.4,0,1,0,0
298.7,309.6,1424,50.4,32,10.900000000000034,7515.694937035934,71769.59999999999,1612.8,0,0,1,0
301.5,310.7,1435,38.5,224,9.199999999999989,5785.504670973403,55247.5,8624.0,0,1,0,0
298.0,308.1,1552,36.6,190,10.100000000000023,5948.417194013057,56803.200000000004,6954.0,0,0,1,0
302.2,311.6,1592,37.7,79,9.400000000000034,6285.112150673789,60018.4,2978.3,0,0,1,0
300.6,310.4,1494,47.3,118,9.799999999999955,7400.147159236901,70666.2,5581.4,0,1,0,0
297.5,309.4,1433,48.3,139,11.899999999999977,7248.062658876618,69213.9,6713.7,0,0,1,0
297.3,308.7,1491,40.2,112,11.399999999999977,6276.7136263131915,59938.200000000004,4502.400000000001,0,1,0,0
300.1,311.5,2218,17.0,123,11.399999999999977,3948.5630865418916,37706.0,2091.0,0,1,0,0
302.0,310.9,1679,29.0,222,8.899999999999977,5098.909596531354,48691.0,6438.0,1,0,0,0
299.2,308.4,1393,48.4,35,9.199999999999989,7060.331553873606,67421.2,1694.0,0,1,0,0
302.1,310.7,1364,47.8,213,8.599999999999966,6827.64425799772,65199.2,10181.4,0,0,1,1
300.0,309.2,1635,32.4,4,9.199999999999989,5547.424307708856,52974.0,129.6,0,0,1,0
301.4,310.8,1431,44.3,21,9.400000000000034,6638.530852227128,63393.299999999996,930.3,0,1,0,0
300.8,310.3,1537,33.3,52,9.5,5359.776978509938,51182.1,1731.6,0,1,0,0
299.7,309.2,1572,32.8,142,9.5,5399.518125577849,51561.6,4657.599999999999,1,0,0,0
296.8,307.9,1843,25.2,116,11.099999999999966,4863.56241887543,46443.6,2923.2,0,0,1,0
298.0,307.7,1547,36.8,186,9.699999999999989,5961.653771060182,56929.6,6844.799999999999,1,0,0,0
301.0,310.9,1679,29.8,64,9.899999999999977,5239.569171608081,50034.200000000004,1907.2,0,1,0,0
295.7,306.1,1343,54.4,119,10.400000000000034,7650.741533238246,73059.2,6473.599999999999,0,1,0,0
299.3,310.7,1374,48.9,222,11.399999999999977,7035.973738832773,67188.59999999999,10855.8,0,0,1,0
300.8,309.7,1373,45.4,179,8.899999999999977,6527.622159579896,62334.2,8126.599999999999,0,1,0,0
298.6,309.7,1627,33.4,99,11.099999999999966,5690.6599887615275,54341.799999999996,3306.6,0,1,0,0
300.4,311.5,1492,44.6,149,11.100000000000023,6968.387608878545,66543.2,6645.400000000001,0,1,0,0
300.4,310.5,2424,14.5,12,10.100000000000023,3680.6899529458015,35148.0,174.0,0,1,0,0
301.3,310.5,1365,47.7,70,9.199999999999989,6818.355615718608,65110.50000000001,3339.0,0,1,0,0
300.0,309.6,1694,28.7,94,9.600000000000023,5091.244110456595,48617.799999999996,2697.7999999999997,0,1,0,0
301.4,310.3,2203,16.6,169,8.900000000000034,3829.5805007749345,36569.8,2805.4,0,1,0,0
302.4,310.9,1469,39.6,86,8.5,6091.799482722897,58172.4,3405.6,0,1,0,0
297.3,308.6,1584,29.4,141,11.300000000000011,4876.757108020507,46569.6,4145.4,0,0,1,0
304.2,313.6,1424,43.7,151,9.400000000000034,6516.584697390285,62228.8,6598.700000000001,0,0,1,0
298.9,310.0,1719,27.3,58,11.100000000000023,4914.361972083978,46928.700000000004,1583.4,0,1,0,0
297.4,309.2,1620,33.2,28,11.800000000000011,5632.247309355781,53784.00000000001,929.6000000000001,0,1,0,0
302.1,311.2,1454,46.8,0,9.099999999999966,7125.886120578512,68047.2,0.0,0,1,0,0
301.9,310.9,1486,40.3,6,9.0,6271.22631114492,59885.799999999996,241.79999999999998,0,1,0,0
297.2,308.5,1550,41.5,125,11.300000000000011,6736.098248072115,64325.0,5187.5,0,1,0,0
298.0,308.9,1339,51.4,68,10.899999999999977,7207.295258208536,68824.59999999999,3495.2,0,0,1,0
300.2,311.6,1999,21.0,19,11.400000000000034,4396.030600168197,41979.0,399.0,0,1,0,0
296.9,308.0,1546,31.1,11,11.100000000000023,5034.988658006313,48080.600000000006,342.1,0,1,0,0
303.5,312.8,1404,55.8,84,9.300000000000011,8204.080719290529,78343.2,4687.2,1,0,0,0
297.2,308.5,1494,39.6,181,11.300000000000011,6195.47204029136,59162.4,7167.6,0,1,0,0
302.1,311.5,1987,20.1,21,9.399999999999977,4182.3708837975555,39938.700000000004,422.1,0,1,0,0
300.6,310.8,1378,51.2,119,10.199999999999989,7388.355714810427,70553.6,6092.8,0,1,0,0
302.6,312.4,1398,41.6,40,9.799999999999955,6090.16585454303,58156.8,1664.0,0,1,0,0
298.7,309.7,1697,29.8,74,11.0,5295.740848254267,50570.6,2205.2000000000003,1,0,0,0
296.7,308.0,1451,50.7,197,11.300000000000011,7703.782089206355,73565.7,9987.900000000001,0,1,0,0
300.5,311.9,1370,44.8,20,11.399999999999977,6427.279690224237,61375.99999999999,896.0,0,0,1,0
301.3,311.1,1560,35.3,55,9.800000000000011,5766.707474929423,55067.99999999999,1941.4999999999998,0,1,0,0
300.9,311.0,1567,34.3,130,10.100000000000023,5628.487870146985,53748.1,4459.0,0,0,1,0
303.7,312.7,1395,53.9,123,9.0,7873.930747324777,75190.5,6629.7,0,1,0,0
301.0,310.9,1495,37.3,21,9.899999999999977,5839.540064615147,55763.49999999999,783.3,1,0,0,0
303.6,312.7,2174,17.6,37,9.099999999999966,4006.82915829047,38262.4,651.2,0,0,1,0
297.5,309.1,1540,38.5,176,11.600000000000023,6208.8342810446275,59290.0,6776.0,0,0,1,0
297.6,308.4,1569,38.3,93,10.799999999999955,6292.892828479178,60092.7,3561.8999999999996,0,0,1,0
302.3,311.7,2170,18.2,91,9.399999999999977,4135.802008695843,39494.0,1656.2,0,1,0,0
298.0,308.5,1713,25.3,124,10.5,4538.438995155423,43338.9,3137.2000000000003,0,1,0,0
302.7,312.4,1477,46.3,251,9.699999999999989,7161.270925833444,68385.09999999999,11621.3,0,1,0,1
297.1,308.0,1559,38.8,229,10.899999999999977,6334.4142113841235,60489.2,8885.199999999999,1,0,0,0
300.3,309.2,1649,32.4,50,8.899999999999977,5594.925188631134,53427.6,1620.0,0,1,0,0
300.2,309.7,1448,36.8,14,9.5,5580.138759208238,53286.399999999994,515.1999999999999,0,1,0,0
298.3,309.4,1356,45.4,96,11.099999999999966,6446.799452578542,61562.4,4358.4,0,1,0,0
301.8,310.7,1597,30.8,74,8.899999999999977,5150.913426923777,49187.6,2279.2000000000003,0,1,0,0
299.0,310.2,1516,35.3,102,11.199999999999989,5604.056751277568,53514.799999999996,3600.6,0,1,0,0
302.2,311.3,1510,37.1,10,9.100000000000023,5866.50540155846,56021.0,371.0,0,0,1,0
299.2,308.4,1330,51.2,56,9.199999999999989,7130.996444628352,68096.0,2867.2000000000003,0,0,1,0
300.2,309.5,1500,45.7,89,9.300000000000011,7178.539213452678,68550.0,4067.3,0,0,1,0
301.6,310.7,1683,29.7,131,9.099999999999966,5234.427431631706,49985.1,3890.7,0,1,0,0
299.9,310.4,1419,45.7,178,10.5,6790.8980959262335,64848.3,8134.6,0,1,0,0
298.6,309.0,1469,46.0,4,10.399999999999977,7076.3327324558895,67574.0,184.0,0,1,0,0
300.9,311.0,2235,15.8,156,10.100000000000023,3697.9687125405458,35313.0,2464.8,0,1,0,0
301.9,310.8,1400,58.2,79,8.900000000000034,8532.565647149877,81480.0,4597.8,0,1,0,0
298.2,308.3,1448,43.3,199,10.100000000000023,6565.761094394476,62698.399999999994,8616.699999999999,0,0,1,0
298.2,308.9,1367,45.0,85,10.699999999999989,6441.835736185871,61515.0,3825.0,0,1,0,0
298.6,309.1,1587,37.3,203,10.5,6198.896376283771,59195.1,7571.9,0,0,1,0
300.5,309.9,1480,40.0,148,9.399999999999977,6199.409503083858,59200.0,5920.0,0,1,0,0
300.8,310.2,1850,22.8,33,9.399999999999977,4417.07927094725,42180.0,752.4,0,1,0,0
298.1,308.6,1558,42.4,14,10.5,6917.703247400629,66059.2,593.6,0,1,0,0
297.1,308.1,1446,36.6,227,11.0,5542.146432050826,52923.6,8308.2,0,1,0,0
302.3,311.8,1475,42.8,38,9.5,6610.958140704121,63129.99999999999,1626.3999999999999,1,0,0,0
301.1,310.6,1611,35.2,70,9.5,5938.364097521571,56707.200000000004,2464.0,0,1,0,0
300.4,310.5,1578,32.8,26,10.100000000000023,5420.126973385398,51758.399999999994,852.8,0,1,0,0
297.3,308.5,1710,27.7,138,11.199999999999989,4960.260640752925,47367.0,3822.6,0,0,1,0
302.5,310.5,1520,41.2,154,8.0,6557.969944613575,62624.00000000001,6344.8,0,1,0,0
302.2,310.7,1601,33.0,166,8.5,5532.658822236985,52833.0,5478.0,0,0,1,0
297.2,308.6,1636,31.3,192,11.400000000000034,5362.363556461394,51206.8,6009.6,0,1,0,0
297.1,307.8,1636,30.3,90,10.699999999999989,5191.042037085631,49570.8,2727.0,0,1,0,0
296.2,307.2,1552,34.8,8,11.0,5655.872086110775,54009.6,278.4,0,0,1,0
300.3,311.4,1318,52.7,13,11.099999999999966,7273.6875829544,69458.6,685.1,0,1,0,0
299.8,309.2,1400,42.6,210,9.399999999999977,6245.486195336508,59640.0,8946.0,0,1,0,0
298.6,309.5,1420,50.4,82,10.899999999999977,7494.583434403809,71568.0,4132.8,1,0,0,0
301.9,310.8,1906,21.7,62,8.900000000000034,4331.230015700153,41360.2,1345.3999999999999,0,1,0,0
302.1,310.8,1565,35.3,6,8.699999999999989,5785.190511708043,55244.49999999999,211.79999999999998,0,1,0,0
302.4,311.1,1905,20.9,77,8.700000000000045,4169.364690211693,39814.5,1609.3,0,1,0,0
298.6,309.8,1419,44.9,115,11.199999999999989,6672.020229914395,63713.1,5163.5,0,0,1,0
296.9,307.8,1285,52.1,100,10.900000000000034,7010.830525628543,66948.5,5210.0,0,1,0,0
298.3,308.5,1664,31.6,144,10.199999999999989,5506.416051603998,52582.4,4550.400000000001,0,1,0,0
296.8,307.9,1337,56.5,5,11.099999999999966,7910.582661616658,75540.5,282.5,0,1,0,0
302.2,311.2,1692,28.2,122,9.0,4996.640283681493,47714.4,3440.4,1,0,0,0
298.7,309.9,1404,47.1,64,11.199999999999989,6924.94985445491,66128.40000000001,3014.4,0,1,0,0
298.2,307.6,1511,31.0,209,9.400000000000034,4905.178049559983,46841.0,6479.0,0,1,0,1
300.5,309.7,1580,42.8,196,9.199999999999989,7081.568720211872,67624.0,8388.8,0,1,0,0
302.8,310.6,1404,43.2,203,7.800000000000011,6351.5463633217005,60652.8,8769.6,0,1,0,0
302.0,310.8,1609,35.2,4,8.800000000000011,5930.991826761146,56636.8,140.8,0,0,1,0
299.2,308.5,1457,44.7,195,9.300000000000011,6820.17773945769,65127.9,8716.5,0,1,0,0
299.2,308.5,1742,28.9,150,9.300000000000011,5271.990407793128,50343.799999999996,4335.0,0,0,1,0
302.9,311.0,1469,48.7,130,8.100000000000023,7491.682697186997,71540.3,6331.0,1,0,0,0
297.8,308.5,1448,40.0,192,10.699999999999989,6065.368216530695,57920.0,7680.0,0,1,0,0
297.2,308.6,1335,53.0,39,11.400000000000034,7409.446273491528,70755.0,2067.0,0,1,0,0
297.5,308.6,1536,38.7,7,11.100000000000023,6224.87734752896,59443.200000000004,270.90000000000003,1,0,0,0
303.6,312.5,1607,33.7,14,8.899999999999977,5671.192586284783,54155.9,471.80000000000007,0,0,1,0
296.8,307.9,1698,30.8,48,11.099999999999966,5476.675641150014,52298.4,1478.4,0,1,0,0
301.2,309.8,1709,27.0,151,8.600000000000023,4832.083660486461,46143.0,4077.0,1,0,0,0
300.8,312.4,1365,44.5,129,11.599999999999966,6360.939725355934,60742.5,5740.5,0,1,0,0
299.7,309.6,1553,36.8,174,9.900000000000034,5984.775892990603,57150.399999999994,6403.2,0,1,0,0
298.1,307.4,1335,56.2,190,9.299999999999955,7856.809067362715,75027.0,10678.0,0,0,1,0
297.2,307.9,1540,37.1,164,10.699999999999989,5983.058489006642,57134.0,6084.400000000001,0,1,0,0
300.3,310.4,1293,49.7,37,10.099999999999966,6729.511375475089,64262.100000000006,1838.9,0,0,1,0
298.3,309.0,1470,38.4,10,10.699999999999989,5911.2207369945545,56448.0,384.0,1,0,0,0
300.1,309.4,1453,47.6,28,9.299999999999955,7242.711479390005,69162.8,1332.8,0,1,0,0
299.9,309.1,1345,56.8,10,9.200000000000045,8000.170412121527,76396.0,568.0,0,0,1,0
301.3,311.0,1539,36.9,206,9.699999999999989,5946.940645465871,56789.1,7601.4,0,1,0,0
299.4,308.6,1492,40.5,181,9.200000000000045,6327.795922860561,60426.0,7330.5,0,1,0,0
298.4,309.3,1395,47.6,24,10.900000000000034,6953.601179455648,66402.0,1142.4,0,1,0,0
302.3,311.5,1387,47.3,2,9.199999999999989,6870.15000660079,65605.09999999999,94.6,0,1,0,0
300.9,310.9,1497,43.2,62,10.0,6772.268451490445,64670.4,2678.4,0,1,0,0
298.8,308.5,1736,29.0,31,9.699999999999989,5272.0113517441505,50344.0,899.0,0,1,0,0
297.8,307.6,1607,30.3,62,9.800000000000011,5099.024788261986,48692.1,1878.6000000000001,0,1,0,0
300.0,309.5,1879,22.4,79,9.5,4407.612605084431,42089.6,1769.6,0,0,1,0
297.5,308.9,1738,24.0,195,11.399999999999977,4368.070425551248,41712.0,4680.0,0,1,0,0
297.6,308.8,1385,44.4,181,11.199999999999989,6439.636621328358,61494.0,8036.4,1,0,0,0
302.2,311.1,1516,33.7,158,8.900000000000034,5350.048513259322,51089.200000000004,5324.6,0,0,1,0
303.8,313.0,1633,32.9,207,9.199999999999989,5626.142147632305,53725.7,6810.299999999999,0,1,0,0
300.6,310.7,1397,53.7,80,10.099999999999966,7855.960837346244,75018.90000000001,4296.0,0,1,0,0
297.3,308.3,1268,60.6,119,11.0,8046.749759198753,76840.8,7211.400000000001,0,1,0,0
297.6,308.6,1529,45.3,15,11.0,7253.277702681578,69263.7,679.5,0,1,0,0
300.2,311.0,2370,14.7,144,10.800000000000011,3648.3315486138267,34839.0,2116.7999999999997,0,0,1,0
302.4,310.1,1645,31.6,93,7.7000000000000455,5443.542310630154,51982.0,2938.8,0,1,0,0
303.7,312.4,1702,31.2,144,8.699999999999989,5560.870324266221,53102.4,4492.8,0,1,0,0
299.8,309.3,1640,31.1,211,9.5,5341.126390123128,51004.0,6562.1,0,0,1,0
299.7,311.1,1574,36.4,135,11.400000000000034,5999.771761923738,57293.6,4914.0,0,1,0,0
297.5,309.4,1650,34.6,142,11.899999999999977,5978.450819781377,57090.0,4913.2,0,1,0,0
301.5,310.0,1417,44.6,49,8.5,6618.100028003282,63198.200000000004,2185.4,0,0,1,0
298.1,308.1,1456,43.7,80,10.0,6663.024802949617,63627.200000000004,3496.0,0,0,1,0
299.5,310.1,1585,35.2,50,10.600000000000023,5842.524577636058,55792.00000000001,1760.0000000000002,0,1,0,0
301.0,310.6,1493,37.8,206,9.600000000000023,5909.901268080047,56435.399999999994,7786.799999999999,0,1,0,1
301.7,310.7,1659,29.9,73,9.0,5194.529204931115,49604.1,2182.7,0,0,1,0
297.3,308.4,1469,46.7,65,11.099999999999966,7184.016056645436,68602.3,3035.5,0,1,0,0
302.2,310.1,1421,45.4,9,7.900000000000034,6755.827449936659,64513.4,408.59999999999997,0,0,1,0
303.6,312.8,1689,33.1,16,9.199999999999989,5854.452157744187,55905.9,529.6,0,0,1,0
298.5,309.6,1579,33.5,91,11.100000000000023,5539.308526687082,52896.5,3048.5,1,0,0,0
300.6,310.2,1318,51.0,8,9.599999999999966,7039.05249963329,67218.0,408.0,0,1,0,0
302.1,310.6,1517,38.9,2,8.5,6179.648885292779,59011.299999999996,77.8,0,0,1,0
297.1,308.2,2267,15.7,181,11.099999999999966,3727.175052243418,35591.9,2841.7,0,1,0,0
299.4,308.6,1415,56.4,175,9.200000000000045,8357.264777079567,79806.0,9870.0,0,1,0,0
301.0,310.7,1300,57.2,174,9.699999999999989,7786.960990697901,74360.0,9952.800000000001,0,1,0,0
297.9,308.5,1383,44.6,184,10.600000000000023,6459.30299133983,61681.8,8206.4,1,0,0,0
301.9,310.8,1427,47.7,92,8.900000000000034,7128.05381950949,68067.90000000001,4388.400000000001,0,1,0,0
299.4,309.3,1391,46.6,185,9.900000000000034,6787.997358709419,64820.6,8621.0,0,1,0,0
299.3,310.4,1510,45.5,27,11.099999999999966,7194.770775496224,68705.0,1228.5,1,0,0,0
300.0,311.5,1445,41.6,81,11.5,6294.913919752988,60112.0,3369.6,0,1,0,0
298.2,309.1,1568,36.3,166,10.900000000000034,5960.480909802842,56918.399999999994,6025.799999999999,0,1,0,0
300.9,311.9,2140,16.5,43,11.0,3697.6545532751866,35310.0,709.5,1,0,0,0
299.6,310.9,1472,40.9,137,11.299999999999955,6304.631913028092,60204.799999999996,5603.3,0,1,0,0
298.5,309.6,1502,39.4,84,11.100000000000023,6197.189444275321,59178.799999999996,3309.6,0,0,1,0
300.6,310.0,1455,40.4,172,9.399999999999977,6155.63664544384,58782.0,6948.8,0,1,0,0
299.1,310.6,1577,37.1,44,11.5,6126.807296859399,58506.700000000004,1632.4,0,1,0,0
302.5,310.3,1688,31.6,66,7.800000000000011,5585.835513886748,53340.8,2085.6,0,1,0,0
298.9,310.0,1378,49.3,18,11.100000000000023,7114.178451956133,67935.4,887.4,0,1,0,0
298.5,309.3,1761,27.2,49,10.800000000000011,5015.992494427607,47899.2,1332.8,0,0,1,0
297.5,308.2,1489,40.7,141,10.699999999999989,6346.258015688157,60602.3,5738.700000000001,0,1,0,0
297.7,309.0,1531,42.4,38,11.300000000000011,6797.820071739642,64914.4,1611.2,0,0,1,0
297.4,308.2,1359,46.9,199,10.800000000000011,6674.5335040372665,63737.1,9333.1,1,0,0,0
301.7,310.6,1660,28.7,66,8.900000000000034,4989.05857341083,47642.0,1894.2,0,1,0,0
301.0,311.9,1889,23.5,198,10.899999999999977,4648.667009394377,44391.5,4653.0,0,1,0,0
302.3,310.1,1353,50.9,36,7.800000000000011,7211.808679654193,68867.7,1832.3999999999999,0,1,0,1
298.3,309.1,1616,31.1,195,10.800000000000011,5262.963564901813,50257.600000000006,6064.5,0,1,0,0
299.2,309.1,1503,34.7,6,9.900000000000034,5461.564580486248,52154.100000000006,208.20000000000002,0,0,1,0
297.5,308.0,1560,39.0,141,10.5,6371.1499014801,60840.0,5499.0,0,0,1,0
299.6,309.2,1422,39.8,219,9.599999999999966,5926.677372850216,56595.6,8716.199999999999,0,1,0,0
300.5,311.4,1743,27.6,46,10.899999999999977,5037.732315590449,48106.8,1269.6000000000001,0,0,1,0
297.2,307.9,1632,37.5,156,10.699999999999989,6408.849013323178,61200.0,5850.0,0,0,1,0
300.1,309.3,1340,56.0,130,9.199999999999989,7858.170424179269,75040.0,7280.0,0,1,0,0
298.0,308.5,1682,33.0,58,10.5,5812.574727671836,55506.0,1914.0,0,0,1,0
297.6,309.6,1419,48.2,215,12.0,7162.391427213226,68395.8,10363.0,1,0,0,0
300.7,310.9,1650,29.4,102,10.199999999999989,5079.955320854696,48510.0,2998.7999999999997,0,1,0,0
300.8,311.9,1498,39.3,23,11.099999999999966,6164.998591551538,58871.399999999994,903.9,0,1,0,0
303.0,311.2,1382,50.5,203,8.199999999999989,7308.496429556175,69791.0,10251.5,0,1,0,0
301.9,310.7,1511,37.6,70,8.800000000000011,5949.506279466303,56813.6,2632.0,0,0,1,0
297.9,307.7,1464,43.2,97,9.800000000000011,6622.979968591858,63244.8,4190.400000000001,1,0,0,0
301.4,310.6,1459,46.9,27,9.200000000000045,7165.66915554847,68427.09999999999,1266.3,0,0,1,0
298.4,308.3,1422,42.7,186,9.900000000000034,6358.52069901267,60719.4,7942.200000000001,0,1,0,0
300.0,309.3,1413,40.7,117,9.300000000000011,6022.338869152026,57509.100000000006,4761.900000000001,0,0,1,0
300.5,309.5,1320,49.9,59,9.0,6897.680830221749,65868.0,2944.1,0,0,1,0
300.3,311.3,1377,53.8,125,11.0,7757.911730627707,74082.59999999999,6725.0,0,0,1,0
300.6,310.0,1438,53.8,103,9.399999999999977,8101.581022979406,77364.4,5541.4,0,1,0,0
297.9,307.8,1499,37.5,78,9.900000000000034,5886.559234663874,56212.5,2925.0,0,1,0,0
298.8,309.6,1442,50.0,104,10.800000000000011,7550.294344127469,72100.0,5200.0,0,1,0,0
295.6,306.0,1569,40.4,174,10.399999999999977,6637.933949622946,63387.6,7029.599999999999,0,1,0,0
297.7,309.2,1732,28.8,152,11.5,5223.588936976821,49881.6,4377.6,0,0,1,0
300.3,311.5,1695,25.6,43,11.199999999999989,4543.999614152277,43392.0,1100.8,0,1,0,0
300.2,311.6,1510,47.5,146,11.400000000000034,7511.024435957596,71725.0,6935.0,0,0,1,0
298.8,310.0,1412,46.3,107,11.199999999999989,6846.116822800829,65375.6,4954.099999999999,0,1,0,0
298.6,309.4,1315,55.5,28,10.799999999999955,7642.709528020569,72982.5,1554.0,0,1,0,0
297.7,307.3,1365,49.2,36,9.600000000000023,7032.769314326111,67158.0,1771.2,0,0,1,0
297.4,308.2,1639,33.8,39,10.800000000000011,5801.285938069936,55398.2,1318.1999999999998,0,1,0,0
302.5,311.5,1481,41.1,215,9.0,6374.197246354083,60869.1,8836.5,0,0,1,0
300.0,309.6,1452,46.0,51,9.600000000000023,6994.441883952316,66792.0,2346.0,0,1,0,0
296.6,307.5,1734,27.0,50,10.899999999999977,4902.769495192231,46818.0,1350.0,0,0,1,0
302.6,312.3,1454,54.8,253,9.699999999999989,8343.986312130395,79679.2,13864.4,0,0,1,1
298.2,308.8,1302,60.4,34,10.600000000000023,8235.24531841414,78640.8,2053.6,0,1,0,0
295.8,306.5,1568,35.1,111,10.699999999999989,5763.440218569691,55036.8,3896.1000000000004,0,1,0,0
297.4,308.4,1369,50.6,220,11.0,7254.084044796,69271.40000000001,11132.0,0,1,0,1
301.2,310.6,1352,52.0,69,9.400000000000034,7362.217663932561,70304.0,3588.0,1,0,0,0
300.8,311.8,1928,21.8,209,11.0,4401.413195581348,42030.4,4556.2,0,1,0,0
300.8,310.7,1924,22.4,36,9.899999999999977,4513.170118245049,43097.6,806.4,0,0,1,0
301.7,310.2,1620,30.8,42,8.5,5225.096901450544,49896.0,1293.6000000000001,1,0,0,0
302.0,311.0,1420,45.9,144,9.0,6825.424199189184,65178.0,6609.599999999999,0,1,0,0
300.4,311.7,1513,40.0,51,11.300000000000011,6337.639579841809,60520.0,2040.0,0,1,0,0
300.6,311.7,1535,33.3,92,11.099999999999966,5352.802642818968,51115.49999999999,3063.6,1,0,0,0
297.2,308.3,1326,57.2,100,11.100000000000023,7942.700210511858,75847.2,5720.0,0,0,1,0
299.0,308.5,1559,38.1,194,9.5,6220.133542622039,59397.9,7391.400000000001,0,1,0,0
302.4,311.8,1557,31.5,49,9.400000000000034,5136.032749721273,49045.5,1543.5,0,0,1,0
297.1,308.0,1690,25.6,159,10.899999999999977,4530.5954854969605,43264.0,4070.4,0,0,1,0
299.3,308.5,1589,32.7,74,9.199999999999989,5441.269891944059,51960.3,2419.8,0,1,0,0
298.8,308.9,1527,32.4,189,10.099999999999966,5180.988940594142,49474.799999999996,6123.599999999999,0,1,0,0
297.5,308.5,1484,44.7,40,11.0,6946.564011911607,66334.8,1788.0,0,0,1,0
298.3,308.1,1840,21.5,88,9.800000000000011,4142.713512533741,39560.0,1892.0,0,1,0,0
301.1,310.0,1433,48.1,14,8.899999999999977,7218.049977059324,68927.3,673.4,0,0,1,0
302.1,311.2,1460,46.9,198,9.099999999999966,7170.580512063583,68474.0,9286.199999999999,0,1,0,0
300.8,309.9,2041,19.2,194,9.099999999999966,4103.673987825131,39187.2,3724.7999999999997,1,0,0,0
300.8,311.9,1431,48.5,25,11.099999999999966,7267.917524447307,69403.5,1212.5,1,0,0,0
300.7,310.4,1366,52.6,205,9.699999999999989,7524.281956955747,71851.6,10783.0,0,1,0,0
302.0,311.2,1434,44.9,15,9.199999999999989,6742.548984987486,64386.6,673.5,0,1,0,0
299.8,310.0,1632,33.7,172,10.199999999999989,5759.418979973097,54998.4,5796.400000000001,0,0,1,0
299.8,311.3,1727,30.0,24,11.5,5425.530512749573,51810.0,720.0,0,1,0,0
301.1,311.3,1836,22.8,31,10.199999999999989,4383.652725113054,41860.8,706.8000000000001,0,0,1,0
297.5,308.9,1390,47.4,187,11.399999999999977,6899.565785813903,65886.0,8863.8,0,1,0,0
300.4,309.4,1362,42.1,182,9.0,6004.651702512315,57340.200000000004,7662.2,0,0,1,0
301.7,311.0,1311,46.8,136,9.300000000000011,6425.059631415701,61354.799999999996,6364.799999999999,0,0,1,0
298.2,308.3,1402,51.0,141,10.100000000000023,7487.6719305659135,71502.0,7191.0,0,1,0,0
299.4,308.5,1845,22.9,76,9.100000000000023,4424.4620136831845,42250.5,1740.3999999999999,0,1,0,0
300.8,310.4,1518,36.0,59,9.599999999999966,5722.725177779168,54648.0,2124.0,0,0,1,0
296.9,307.9,1385,44.8,144,11.0,6497.651365664649,62047.99999999999,6451.2,0,0,1,0
300.3,309.9,1393,56.1,12,9.599999999999966,8183.566119262589,78147.3,673.2,0,1,0,0
298.1,309.0,1437,36.2,95,10.899999999999977,5447.45882947163,52019.4,3439.0000000000005,0,1,0,0
300.2,311.4,1495,43.6,95,11.199999999999989,6825.843078209663,65182.0,4142.0,0,1,0,0
298.9,309.9,1590,31.3,98,11.0,5211.588053040107,49767.0,3067.4,0,1,0,0
301.8,310.7,1644,33.4,68,8.899999999999977,5750.1198657184705,54909.6,2271.2,0,1,0,0
300.3,309.6,1419,42.5,137,9.300000000000011,6315.386631878881,60307.5,5822.5,0,0,1,0
298.2,308.3,2051,19.2,90,10.100000000000023,4123.780180808106,39379.2,1728.0,0,1,0,0
297.5,309.6,1312,50.7,0,12.100000000000023,6965.790558951576,66518.40000000001,0.0,0,1,0,0
300.0,309.2,1566,34.4,18,9.199999999999989,5641.295096198119,53870.399999999994,619.1999999999999,0,1,0,0
303.6,312.6,1502,39.5,103,9.0,6212.918351494293,59329.0,4068.5,0,1,0,0
300.5,309.4,1655,32.1,37,8.899999999999977,5563.289350609485,53125.5,1187.7,0,0,1,0
302.5,312.0,1357,42.0,179,9.5,5968.397723289889,56994.0,7518.0,1,0,0,0
302.4,311.4,1675,29.6,128,9.0,5192.005458832732,49580.0,3788.8,0,0,1,0
297.4,308.5,1692,34.3,83,11.100000000000023,6077.473820222525,58035.6,2846.8999999999996,0,1,0,0
299.8,309.3,1663,35.2,208,9.5,6130.043137292597,58537.600000000006,7321.6,0,0,1,0
299.0,308.6,1329,60.5,120,9.600000000000023,8419.939550518684,80404.5,7260.0,0,1,0,0
301.9,310.7,1472,47.0,73,8.800000000000011,7244.931538198541,69184.0,3431.0,0,0,1,0
300.1,309.1,1551,33.7,214,9.0,5473.565464422962,52268.700000000004,7211.8,0,1,0,0
298.2,308.9,1336,45.0,66,10.699999999999989,6295.751677793946,60120.0,2970.0,0,1,0,0
298.6,309.2,1311,46.6,44,10.599999999999966,6397.602111623327,61092.6,2050.4,0,0,1,0
299.6,309.3,1553,32.4,112,9.699999999999989,5269.204862306944,50317.2,3628.7999999999997,0,0,1,0
298.1,308.9,1417,39.2,65,10.799999999999955,5816.80540577867,55546.4,2548.0,0,0,1,0
298.6,309.0,1456,47.7,0,10.399999999999977,7272.912656766515,69451.2,0.0,0,1,0,0
299.5,310.1,1359,61.1,67,10.600000000000023,8695.394394385437,83034.90000000001,4093.7000000000003,0,0,1,0
301.0,311.6,1461,40.6,154,10.600000000000023,6211.619826530811,59316.6,6252.400000000001,0,1,0,0
300.4,309.9,1376,43.5,74,9.5,6268.1056624423545,59856.0,3219.0,0,1,0,0
302.2,311.4,1432,45.3,33,9.199999999999989,6793.1286267102805,64869.6,1494.8999999999999,0,0,1,0
301.4,310.6,1459,35.0,87,9.200000000000045,5347.514295185426,51065.0,3045.0,0,0,1,0
299.4,309.3,1366,48.4,116,9.900000000000034,6923.483777883234,66114.4,5614.4,0,1,0,0
298.7,309.8,1546,40.9,109,11.100000000000023,6621.576723873253,63231.399999999994,4458.099999999999,0,1,0,0
298.8,309.7,1480,38.1,157,10.899999999999977,5904.937551687375,56388.0,5981.7,0,0,1,0
298.3,308.1,1505,46.1,80,9.800000000000011,7265.508970079555,69380.5,3688.0,0,1,0,0
302.5,311.4,1629,31.7,225,8.899999999999977,5407.654850550646,51639.299999999996,7132.5,0,0,1,0
298.0,308.9,1406,40.9,77,10.899999999999977,6021.951406058082,57505.4,3149.2999999999997,0,1,0,0
297.8,309.2,1400,56.9,34,11.399999999999977,8341.975692832095,79660.0,1934.6,0,1,0,0
297.4,308.5,1389,39.2,54,11.100000000000023,5701.865002559331,54448.8,2116.8,0,1,0,0
302.0,311.3,1725,27.7,23,9.300000000000011,5003.771699005142,47782.5,637.1,0,0,1,0
299.2,308.4,1436,41.8,28,9.199999999999989,6285.782357106554,60024.799999999996,1170.3999999999999,0,1,0,0
298.2,307.6,1369,54.5,82,9.400000000000034,7813.193289355376,74610.5,4469.0,0,1,0,0
298.3,309.6,1681,27.1,194,11.300000000000011,4770.518916451612,45555.100000000006,5257.400000000001,0,0,1,0
300.7,311.1,1427,50.3,137,10.400000000000034,7516.585054954451,71778.09999999999,6891.099999999999,0,1,0,0
301.4,310.8,1698,29.6,99,9.400000000000034,5263.298668118196,50260.8,2930.4,0,1,0,0
296.9,307.7,1653,35.9,177,10.800000000000011,6214.353012139433,59342.7,6354.3,0,1,0,0
295.6,306.1,1651,28.1,110,10.5,4858.274071241888,46393.100000000006,3091.0,0,0,1,0
298.5,308.6,1897,20.2,50,10.100000000000023,4012.7981843322905,38319.4,1010.0,0,0,1,0
297.9,307.9,1406,58.5,93,10.0,8613.304578347135,82251.0,5440.5,1,0,0,0
301.2,310.6,1811,24.0,84,9.400000000000034,4551.539436520892,43464.0,2016.0,0,1,0,0
301.0,312.2,1510,39.9,61,11.199999999999989,6309.260526204381,60249.0,2433.9,0,1,0,0
298.2,308.8,1645,28.2,58,10.600000000000023,4857.8447202458965,46389.0,1635.6,0,0,1,0
297.9,308.7,1751,26.6,111,10.800000000000011,4877.490146306345,46576.600000000006,2952.6000000000004,0,0,1,0
300.0,311.4,1533,42.6,180,11.399999999999977,6838.807383893477,65305.8,7668.0,0,0,1,0
301.6,309.8,1588,33.9,89,8.199999999999989,5637.399521307668,53833.2,3017.1,0,1,0,0
302.3,310.9,1627,32.3,0,8.599999999999966,5503.243043023872,52552.1,0.0,0,0,1,0
300.3,311.7,1551,36.4,84,11.399999999999977,5912.10038293756,56456.399999999994,3057.6,0,0,1,0
295.6,306.1,1418,46.2,24,10.5,6860.358709497104,65511.600000000006,1108.8000000000002,0,0,1,0
300.6,311.8,1652,27.2,52,11.199999999999989,4705.51936444884,44934.4,1414.3999999999999,0,1,0,0
300.0,309.6,1431,47.7,39,9.600000000000023,7148.034348786321,68258.7,1860.3000000000002,0,1,0,0
297.4,308.9,1500,46.3,137,11.5,7272.786993060371,69450.0,6343.099999999999,0,0,1,0
297.8,307.9,1726,27.3,35,10.099999999999966,4934.373917287345,47119.8,955.5,0,0,1,0
299.8,311.2,2142,16.6,144,11.399999999999977,3723.541276740767,35557.200000000004,2390.4,0,1,0,0
300.9,310.0,1416,46.6,201,9.100000000000023,6909.995873423823,65985.6,9366.6,0,0,1,0
297.3,308.4,1864,23.1,90,11.099999999999966,4509.065103844358,43058.4,2079.0,1,0,0,0
298.5,308.2,1444,40.5,170,9.699999999999989,6124.220718907942,58482.0,6885.0,0,1,0,0
297.5,308.6,1355,58.9,138,11.100000000000023,8357.631296222487,79809.5,8128.2,1,0,0,0
297.4,308.4,1341,52.2,49,11.0,7330.403802327209,70000.2,2557.8,0,1,0,0
301.1,312.4,1809,25.1,126,11.299999999999955,4754.89472898776,45405.9,3162.6000000000004,0,0,1,0
299.3,308.5,1404,49.4,93,9.199999999999989,7263.110887687315,69357.59999999999,4594.2,0,0,1,0
299.9,310.0,1447,45.9,162,10.100000000000023,6955.203391708978,66417.3,7435.8,0,1,0,0
297.5,308.9,1471,37.7,197,11.399999999999977,5807.412043744436,55456.700000000004,7426.900000000001,1,0,0,0
297.6,308.6,1664,30.1,81,11.0,5245.035542825328,50086.4,2438.1,0,1,0,0
300.0,311.5,1749,28.3,83,11.5,5183.2823032312635,49496.700000000004,2348.9,0,1,0,0
298.3,308.1,1528,33.9,82,9.800000000000011,5424.39953939428,51799.2,2779.7999999999997,0,1,0,0
297.9,309.0,1562,35.8,40,11.100000000000023,5855.886818389326,55919.6,1432.0,0,1,0,0
298.5,308.8,1332,59.1,115,10.300000000000011,8243.66478672576,78721.2,6796.5,0,1,0,0
297.4,308.7,1522,46.3,146,11.300000000000011,7379.454535625256,70468.59999999999,6759.799999999999,1,0,0,0
300.1,309.3,1616,32.0,199,9.199999999999989,5415.267976747846,51712.0,6368.0,0,1,0,0
299.8,309.4,1460,37.4,25,9.599999999999966,5718.117508553903,54604.0,935.0,0,1,0,0
296.4,307.5,1331,47.8,99,11.100000000000023,6662.459316271968,63621.799999999996,4732.2,0,1,0,0
299.3,308.8,1647,32.9,172,9.5,5674.376066840421,54186.299999999996,5658.8,0,1,0,0
300.2,311.6,1511,35.7,160,11.400000000000034,5648.866334493271,53942.700000000004,5712.0,0,1,0,0
299.0,309.1,1523,38.6,177,10.100000000000023,6156.244020023535,58787.8,6832.2,0,1,0,0
298.7,309.8,1435,48.8,71,11.100000000000023,7333.315011519535,70028.0,3464.7999999999997,0,0,1,0
296.0,306.6,1628,36.8,121,10.600000000000023,6273.802417120865,59910.399999999994,4452.799999999999,0,0,1,0
297.8,307.2,1351,56.3,174,9.399999999999977,7965.120710082977,76061.3,9796.199999999999,0,1,0,0
301.3,310.8,1494,35.3,54,9.5,5522.731389451641,52738.2,1906.1999999999998,0,0,1,0
301.5,310.5,1611,33.8,144,9.0,5702.17916182469,54451.799999999996,4867.2,0,1,0,0
299.3,309.0,1732,29.7,141,9.699999999999989,5386.826091257346,51440.4,4187.7,1,0,0,0
304.2,313.4,1644,31.7,23,9.199999999999989,5457.449094110045,52114.799999999996,729.1,0,1,0,0
299.7,309.1,1483,41.1,208,9.400000000000034,6382.8052102249185,60951.3,8548.800000000001,0,1,0,0
303.6,312.3,1630,32.4,223,8.699999999999989,5530.459707379471,52812.0,7225.2,0,0,1,0
300.5,310.0,1451,48.6,208,9.5,7384.6905233812395,70518.6,10108.800000000001,0,1,0,0
298.6,310.2,1569,36.3,10,11.599999999999966,5964.282236913686,56954.7,363.0,0,1,0,0
298.7,309.6,1254,57.1,124,10.900000000000034,7498.290513735047,71603.40000000001,7080.400000000001,0,0,1,0
298.8,309.6,1575,34.4,149,10.800000000000011,5673.716332383166,54180.0,5125.599999999999,0,0,1,0
298.5,309.3,1552,36.8,133,10.800000000000011,5980.922206002199,57113.6,4894.4,0,0,1,0
301.9,310.4,1603,37.6,69,8.5,6311.75285637623,60272.8,2594.4,0,1,0,0
300.0,309.1,1401,44.5,0,9.100000000000023,6528.700773057628,62344.5,0.0,0,1,0,0
301.9,310.8,1563,39.2,39,8.900000000000034,6416.137508279507,61269.600000000006,1528.8000000000002,0,0,1,0
297.2,307.9,1309,49.6,167,10.699999999999989,6799.076708801078,64926.4,8283.2,0,1,0,0
295.7,306.3,1490,34.3,97,10.600000000000023,5351.912524900452,51106.99999999999,3327.1,0,1,0,0
298.4,309.5,1514,38.8,128,11.100000000000023,6151.573518945197,58743.2,4966.4,0,0,1,0
299.9,310.5,1539,32.8,213,10.600000000000023,5286.16946263633,50479.2,6986.4,0,1,0,0
302.9,312.3,1509,46.8,175,9.400000000000034,7395.4347702565165,70621.2,8189.999999999999,1,0,0,0
302.3,311.3,1439,41.8,96,9.0,6298.914214398558,60150.2,4012.7999999999997,0,1,0,0
297.5,308.6,1536,39.0,202,11.100000000000023,6273.132210688099,59904.0,7878.0,0,1,0,0
297.8,308.3,1477,44.8,170,10.5,6929.264308365838,66169.59999999999,7615.999999999999,0,1,0,0
296.9,307.8,1426,50.7,130,10.900000000000034,7571.049799592186,72298.2,6591.0,0,0,1,0
298.3,308.4,1490,41.7,170,10.099999999999966,6506.552544849821,62133.00000000001,7089.000000000001,0,1,0,0
302.9,312.5,1903,21.2,23,9.600000000000023,4224.771912645506,40343.6,487.59999999999997,0,0,1,0
300.7,309.9,1383,44.5,176,9.199999999999989,6444.820249206781,61543.5,7832.0,0,1,0,0
301.4,311.2,1727,26.5,43,9.800000000000011,4792.551952928789,45765.5,1139.5,0,0,1,0
300.4,309.6,1563,34.0,6,9.200000000000045,5565.01722656896,53142.0,204.0,0,0,1,0
301.9,310.9,1590,34.3,106,9.0,5711.101284960883,54536.99999999999,3635.7999999999997,1,0,0,0
297.4,308.4,1474,43.6,4,11.0,6729.961670422103,64266.4,174.4,0,1,0,0
298.2,309.0,1353,50.3,150,10.800000000000011,7126.797182448053,68055.9,7545.0,0,0,1,0
302.2,311.1,1351,48.6,110,8.900000000000034,6875.752513499693,65658.6,5346.0,0,1,0,0
301.9,310.5,1472,39.7,187,8.600000000000023,6119.654937584725,58438.4,7423.900000000001,1,0,0,0
299.8,309.2,1439,36.1,203,9.399999999999977,5439.971366980573,51947.9,7328.3,0,1,0,0
298.0,307.6,1472,46.7,116,9.600000000000023,7198.6872943377,68742.40000000001,5417.200000000001,0,0,1,0
298.8,308.7,1543,38.2,44,9.899999999999977,6172.454638116058,58942.600000000006,1680.8000000000002,0,0,1,0
299.0,310.4,1339,49.6,94,11.399999999999977,6954.899704419133,66414.40000000001,4662.400000000001,0,1,0,0
302.7,312.2,1376,52.8,164,9.5,7608.183424757616,72652.8,8659.199999999999,0,1,0,0
301.9,310.5,1590,40.3,130,8.600000000000023,6710.127748802438,64076.99999999999,5239.0,0,0,1,0
302.3,310.8,1465,43.8,7,8.5,6719.552526763208,64166.99999999999,306.59999999999997,0,1,0,0
297.9,307.6,1747,25.3,136,9.700000000000045,4628.518928509354,44199.1,3440.8,0,1,0,0
295.5,306.1,1573,35.1,129,10.600000000000023,5781.818535593192,55212.3,4527.900000000001,0,1,0,0
297.4,308.4,1421,46.0,124,11.0,6845.111513151681,65366.0,5704.0,0,1,0,0
301.2,310.9,1413,50.1,141,9.699999999999989,7413.247600602371,70791.3,7064.1,0,1,0,0
299.0,310.6,1587,34.2,141,11.600000000000023,5683.706597021582,54275.4,4822.200000000001,0,0,1,0
303.5,312.9,1572,44.7,84,9.399999999999977,7358.4896406503,70268.40000000001,3754.8,0,0,1,0
300.2,309.7,1408,44.0,144,9.5,6487.5982691731615,61952.0,6336.0,0,0,1,0
302.2,311.5,1479,39.5,36,9.300000000000011,6117.780453968084,58420.5,1422.0,0,0,1,0
301.4,310.8,1610,34.6,187,9.400000000000034,5833.5186786957665,55706.0,6470.2,0,1,0,0
297.5,308.3,1674,30.0,54,10.800000000000011,5259.026102109314,50220.0,1620.0,1,0,0,0
301.7,311.1,1618,36.7,115,9.400000000000034,6218.3218908584695,59380.600000000006,4220.5,0,0,1,0
300.4,311.8,1433,42.2,14,11.400000000000034,6332.675863449137,60472.600000000006,590.8000000000001,0,1,0,0
299.8,309.6,1526,41.7,85,9.800000000000011,6663.757841235455,63634.200000000004,3544.5000000000005,0,1,0,0
300.3,310.3,1629,34.1,52,10.0,5817.067205166469,55548.9,1773.2,0,1,0,0
299.4,309.2,1621,34.5,48,9.800000000000011,5856.399945189413,55924.5,1656.0,0,1,0,0
302.1,310.1,1447,46.6,169,8.0,7061.274031669682,67430.2,7875.400000000001,0,1,0,0
299.7,311.0,1506,42.7,85,11.300000000000011,6734.129516675866,64306.200000000004,3629.5000000000005,0,0,1,0
298.0,307.7,1492,38.7,202,9.699999999999989,6046.560548511204,57740.4,7817.400000000001,0,1,0,0
298.2,308.3,1458,41.8,132,10.100000000000023,6382.082643914592,60944.399999999994,5517.599999999999,0,1,0,0
303.8,313.1,1523,39.8,150,9.300000000000011,6347.629844480225,60615.399999999994,5970.0,0,1,0,0
298.9,310.2,1445,40.0,129,11.300000000000011,6052.801845916334,57800.0,5160.0,0,1,0,0
298.9,308.4,1827,26.1,5,9.5,4993.53010695444,47684.700000000004,130.5,0,0,1,0
301.8,310.2,1437,42.3,0,8.399999999999977,6365.400786924031,60785.1,0.0,0,0,1,0
299.1,308.4,1693,31.6,65,9.299999999999955,5602.381235195654,53498.8,2054.0,0,1,0,0
298.8,308.9,1455,41.3,208,10.099999999999966,6292.767164773035,60091.49999999999,8590.4,0,1,0,1
302.6,310.4,1365,66.8,80,7.7999999999999545,9548.556711320816,91182.0,5344.0,0,1,0,1
300.1,309.5,1353,50.9,34,9.399999999999977,7211.808679654193,68867.7,1730.6,0,1,0,0
301.8,311.1,1495,36.9,197,9.300000000000011,5776.917651053591,55165.5,7269.299999999999,0,1,0,0
297.6,308.3,1648,29.1,134,10.699999999999989,5022.024352322499,47956.8,3899.4,0,0,1,0
301.9,309.7,1719,31.9,0,7.800000000000011,5742.422963717175,54836.1,0.0,0,1,0,0
303.3,312.7,1643,30.7,142,9.399999999999977,5282.07492021115,50440.1,4359.4,0,1,0,0
303.3,311.6,1484,44.6,223,8.300000000000011,6931.0236002518495,66186.40000000001,9945.800000000001,0,1,0,0
299.0,310.3,1662,33.6,67,11.300000000000011,5847.886229098184,55843.200000000004,2251.2000000000003,0,0,1,0
297.4,308.3,1854,21.8,24,10.900000000000034,4232.479286622312,40417.200000000004,523.2,0,1,0,0
298.9,310.5,1429,39.9,19,11.600000000000023,5970.816749633153,57017.1,758.1,1,0,0,0
301.9,310.9,1456,43.6,45,9.0,6647.777606604194,63481.6,1962.0,0,0,1,0
301.0,310.7,1464,45.8,184,9.699999999999989,7021.58524447933,67051.2,8427.199999999999,0,1,0,0
299.2,308.7,1514,41.9,196,9.5,6643.065217623808,63436.6,8212.4,0,1,0,0
297.2,308.6,1444,41.1,56,11.400000000000034,6214.949914743615,59348.4,2301.6,0,0,1,0
299.2,309.1,1468,45.6,2,9.900000000000034,7010.024183514121,66940.8,91.2,0,1,0,0
300.4,309.6,1543,38.1,209,9.200000000000045,6156.296379901094,58788.3,7962.900000000001,0,1,0,0
302.4,311.1,1578,32.3,196,8.700000000000045,5337.503086595986,50969.399999999994,6330.799999999999,1,0,0,0
301.3,310.5,1390,45.8,63,9.199999999999989,6666.669050427779,63661.99999999999,2885.3999999999996,0,1,0,0
302.4,311.8,1448,43.4,141,9.400000000000034,6580.924514935803,62843.2,6119.4,0,1,0,0
297.3,308.0,1518,36.0,59,10.699999999999989,5722.725177779168,54648.0,2124.0,0,1,0,0
298.2,309.0,1508,40.5,192,10.800000000000011,6395.6543241781,61074.0,7776.0,0,0,1,0
297.7,308.3,1547,36.8,74,10.600000000000023,5961.653771060182,56929.6,2723.2,0,0,1,0
300.3,311.8,1483,45.1,181,11.5,7004.00279759474,66883.3,8163.1,0,0,1,0
299.5,309.1,1336,42.1,217,9.600000000000023,5890.025458558337,56245.6,9135.7,0,1,0,0
300.8,309.4,1474,40.7,104,8.599999999999966,6282.326605187606,59991.8,4232.8,1,0,0,0
300.4,309.8,1342,52.5,68,9.400000000000034,7378.030346955629,70455.0,3570.0,0,1,0,0
298.7,310.1,1644,34.1,46,11.400000000000034,5870.631359910175,56060.4,1568.6000000000001,0,0,1,0
301.3,311.1,1504,39.1,2,9.800000000000011,6158.191807468761,58806.4,78.2,0,1,0,0
295.7,306.3,1712,28.5,43,10.600000000000023,5109.486291798439,48792.0,1225.5,0,0,1,0
300.4,310.7,1656,36.3,127,10.300000000000011,6294.997695557083,60112.799999999996,4610.099999999999,1,0,0,0
303.7,312.5,1520,35.6,154,8.800000000000011,5666.59538903503,54112.0,5482.400000000001,1,0,0,0
300.1,309.1,1353,58.7,86,9.0,8316.95814333401,79421.1,5048.2,0,1,0,0
298.2,308.9,1709,28.1,81,10.699999999999989,5028.946328135909,48022.9,2276.1,0,1,0,0
298.1,307.8,1503,44.7,54,9.699999999999989,7035.502499934734,67184.1,2413.8,0,0,1,0
303.6,312.5,1431,49.0,162,8.899999999999977,7342.844509235424,70119.0,7938.0,0,1,0,0
300.7,311.9,1366,55.1,36,11.199999999999989,7881.899920689385,75266.6,1983.6000000000001,0,0,1,0
303.7,312.3,1384,45.9,121,8.600000000000023,6652.385275829458,63525.6,5553.9,0,1,0,0
300.7,310.8,1496,46.4,90,10.100000000000023,7269.0589697781115,69414.4,4176.0,0,1,0,0
298.7,310.1,1433,54.6,66,11.400000000000034,8193.462136121396,78241.8,3603.6,0,1,0,0
300.9,312.0,1441,43.8,210,11.100000000000023,6609.4711201814225,63115.799999999996,9198.0,0,1,0,0
298.9,310.1,1577,41.4,80,11.200000000000045,6836.922428301324,65287.799999999996,3312.0,0,1,0,0
296.1,307.1,1898,22.7,20,11.0,4511.808761428493,43084.6,454.0,0,1,0,0
297.7,309.4,1461,43.7,142,11.699999999999989,6685.906069443262,63845.700000000004,6205.400000000001,0,0,1,0
298.8,310.2,1581,37.5,75,11.399999999999977,6208.572481656829,59287.5,2812.5,0,0,1,0
303.3,311.7,1508,35.5,217,8.399999999999977,5606.067370575865,53534.0,7703.5,0,1,0,0
297.3,307.8,1538,48.0,171,10.5,7730.8312019537625,73824.0,8208.0,0,0,1,0
297.5,308.8,1312,50.3,159,11.300000000000011,6910.833631464778,65993.59999999999,7997.7,0,1,0,0
300.4,309.5,1543,38.9,37,9.100000000000023,6285.562445620802,60022.7,1439.3,0,1,0,0
297.9,309.1,1507,36.9,13,11.200000000000045,5823.287558620577,55608.299999999996,479.7,0,1,0,0
301.6,311.2,1408,42.9,89,9.599999999999966,6325.408312443832,60403.2,3818.1,0,1,0,0
301.3,310.0,1438,40.9,7,8.699999999999989,6159.008621558693,58814.2,286.3,0,1,0,0
302.6,311.0,1610,39.2,152,8.399999999999977,6609.073185111967,63112.00000000001,5958.400000000001,0,1,0,0
300.5,311.4,1679,27.5,59,10.899999999999977,4835.17289326249,46172.5,1622.5,1,0,0,0
298.1,308.5,1382,54.5,17,10.399999999999977,7887.387235857654,75319.0,926.5,0,0,1,0
301.5,310.6,1587,33.7,122,9.100000000000023,5600.611471334132,53481.9,4111.400000000001,0,1,0,0
302.2,311.3,1382,46.4,94,9.100000000000023,6715.133353097159,64124.799999999996,4361.599999999999,0,1,0,0
302.5,311.9,1452,47.4,77,9.399999999999977,7207.31620215956,68824.8,3649.7999999999997,0,1,0,0
298.1,308.3,1453,41.5,204,10.199999999999989,6314.5488738379245,60299.5,8466.0,0,0,1,0
300.5,309.7,1395,61.0,157,9.199999999999989,8911.127561907448,85095.0,9577.0,0,1,0,0
303.7,312.8,1437,51.3,42,9.100000000000023,7719.741379886591,73718.09999999999,2154.6,0,1,0,0
297.2,307.9,1493,38.4,146,10.699999999999989,6003.709224716239,57331.2,5606.4,0,1,0,0
301.9,310.9,1421,46.2,26,9.0,6874.872867556688,65650.2,1201.2,0,0,1,0
301.7,311.0,1585,35.9,185,9.300000000000011,5958.71114594132,56901.5,6641.5,0,1,0,0
298.9,309.8,1534,42.1,23,10.900000000000034,6762.948393284796,64581.4,968.3000000000001,0,1,0,0
300.5,310.8,1631,30.5,132,10.300000000000011,5209.336578305035,49745.5,4026.0,1,0,0,0
297.3,308.6,1505,33.5,14,11.300000000000011,5279.708253745446,50417.5,469.0,0,1,0,0
298.9,310.1,1484,40.4,61,11.200000000000045,6278.326310542034,59953.6,2464.4,0,0,1,0
299.8,311.1,1820,24.9,174,11.300000000000011,4745.6898625127415,45318.0,4332.599999999999,0,1,0,0
299.6,309.2,1597,36.3,35,9.599999999999966,6070.719396017308,57971.1,1270.5,1,0,0,0
297.8,307.8,1622,32.1,18,10.0,5452.35971401123,52066.200000000004,577.8000000000001,0,0,1,0
298.8,308.4,1484,39.2,8,9.599999999999966,6091.841370624944,58172.8,313.6,0,1,0,0
301.0,312.1,1664,28.4,168,11.100000000000023,4948.804299542834,47257.6,4771.2,0,0,1,0
298.3,310.0,1442,43.9,110,11.699999999999989,6629.158434143918,63303.799999999996,4829.0,0,1,0,0
302.7,312.2,1405,51.4,157,9.5,7562.5465554764705,72217.0,8069.8,0,1,0,0
300.7,310.2,1364,65.3,208,9.5,9327.304812703998,89069.2,13582.4,1,0,0,1
301.1,310.2,1657,34.1,52,9.099999999999966,5917.05362735472,56503.700000000004,1773.2,0,1,0,0
300.9,311.4,2073,21.4,105,10.5,4645.59872056937,44362.2,2247.0,0,1,0,0
303.6,312.6,1606,33.6,184,9.0,5650.845537865033,53961.600000000006,6182.400000000001,0,1,0,0
300.7,310.3,1662,34.4,57,9.600000000000023,5987.121615505283,57172.799999999996,1960.8,0,1,0,0
298.6,308.4,1310,59.7,40,9.799999999999955,8189.817888643232,78207.0,2388.0,0,1,0,0
303.6,312.7,1429,47.7,198,9.099999999999966,7138.044084147906,68163.3,9444.6,0,1,0,0
300.4,309.7,1384,45.1,159,9.300000000000011,6536.439562960972,62418.4,7170.900000000001,0,1,0,0
302.2,311.4,2080,19.2,31,9.199999999999989,4182.088140458732,39936.0,595.1999999999999,0,1,0,0
297.9,308.8,1538,37.6,54,10.900000000000034,6055.817774863781,57828.8,2030.4,0,0,1,0
298.4,308.2,1463,37.6,188,9.800000000000011,5760.508065426342,55008.8,7068.8,0,0,1,0
297.7,308.9,1575,39.9,12,11.199999999999989,6580.85121110722,62842.5,478.79999999999995,0,1,0,0
303.5,312.8,1877,22.3,96,9.300000000000011,4383.265262019111,41857.1,2140.8,0,1,0,0
299.6,309.2,1572,33.4,20,9.599999999999966,5498.289798606712,52504.799999999996,668.0,0,1,0,0
302.0,309.9,1606,34.5,156,7.899999999999977,5802.20747191499,55407.0,5382.0,1,0,0,0
297.6,308.1,1379,57.4,122,10.5,8289.050328594622,79154.59999999999,7002.8,0,0,1,0
300.7,311.3,1374,53.1,66,10.600000000000023,7640.290501677307,72959.40000000001,3504.6,1,0,0,0
298.0,308.7,1536,39.6,99,10.699999999999989,6369.641937006378,60825.600000000006,3920.4,1,0,0,0
304.0,313.2,1517,43.1,96,9.199999999999989,6846.860333062179,65382.700000000004,4137.6,1,0,0,0
303.4,311.7,1476,42.3,180,8.300000000000011,6538.156966944933,62434.799999999996,7613.999999999999,0,1,0,0
301.2,312.4,1428,36.6,99,11.199999999999989,5473.157057377994,52264.8,3623.4,0,0,1,0
301.9,310.6,1467,39.3,32,8.700000000000045,6037.418513889256,57653.1,1257.6,0,1,0,0
301.4,310.6,1347,53.3,104,9.200000000000045,7518.365290791486,71795.09999999999,5543.2,0,1,0,0
298.0,309.2,1527,39.5,85,11.199999999999989,6316.329109674958,60316.5,3357.5,0,1,0,0
298.6,309.6,1533,40.7,106,11.0,6533.790153156444,62393.100000000006,4314.200000000001,0,1,0,0
298.4,308.8,1458,40.1,111,10.400000000000034,6122.524258875003,58465.8,4451.1,0,1,0,0
302.2,311.4,1499,37.7,55,9.199999999999989,5917.954217248749,56512.3,2073.5,0,1,0,0
297.7,308.3,1488,41.0,101,10.600000000000023,6388.742820340203,61008.0,4141.0,1,0,0,0
300.8,310.8,1407,45.1,51,10.0,6645.065364946595,63455.700000000004,2300.1,0,1,0,0
298.1,307.6,2066,19.2,150,9.5,4153.9394702825675,39667.2,2880.0,0,0,1,0
300.0,309.6,1738,28.7,51,9.600000000000023,5223.484217221701,49880.6,1463.7,0,1,0,0
303.3,311.4,1692,27.9,55,8.099999999999966,4943.484535982754,47206.799999999996,1534.5,1,0,0,0
296.7,307.5,1607,33.6,38,10.800000000000011,5654.364121637053,53995.200000000004,1276.8,1,0,0,0
302.7,311.7,1784,25.1,177,9.0,4689.183082650174,44778.4,4442.7,0,0,1,0
300.4,309.7,1584,32.6,71,9.300000000000011,5407.560602771039,51638.4,2314.6,0,1,0,0
302.3,311.3,1614,34.1,129,9.0,5763.503050422763,55037.4,4398.900000000001,0,1,0,0
297.3,308.4,1686,34.5,97,11.099999999999966,6091.23399604525,58167.0,3346.5,0,0,1,0
297.9,309.0,1379,47.3,28,11.100000000000023,6830.524051263512,65226.7,1324.3999999999999,0,1,0,0
297.0,307.9,1350,47.7,168,10.899999999999977,6743.428630930492,64395.00000000001,8013.6,0,1,0,0
298.8,309.1,1350,52.5,111,10.300000000000011,7422.0126441058865,70875.0,5827.5,0,1,0,0
298.2,307.6,1492,37.2,178,9.400000000000034,5812.197736553405,55502.4,6621.6,0,1,0,0
298.6,309.6,1390,50.3,196,11.0,7321.691118701252,69917.0,9858.8,0,1,0,0
302.1,310.9,1916,23.1,51,8.799999999999955,4634.854473694094,44259.600000000006,1178.1000000000001,0,0,1,0
300.6,311.0,1563,40.7,87,10.399999999999977,6661.65297415755,63614.100000000006,3540.9,0,1,0,0
302.4,310.9,1444,40.7,174,8.5,6154.4637841865,58770.8,7081.8,1,0,0,0
297.9,309.0,2456,13.9,82,11.100000000000023,3574.9648881769936,34138.4,1139.8,0,0,1,0
298.6,309.0,1481,40.8,6,10.399999999999977,6327.670259154418,60424.799999999996,244.79999999999998,0,0,1,0
302.0,309.8,1456,58.1,145,7.800000000000011,8858.621076690451,84593.6,8424.5,0,1,0,0
300.2,310.0,1493,47.3,172,9.800000000000011,7395.193914819742,70618.9,8135.599999999999,0,1,0,0
297.3,308.8,1586,32.7,131,11.5,5430.996883966819,51862.200000000004,4283.700000000001,0,0,1,0
297.4,308.6,1439,46.4,114,11.200000000000045,6992.096161437634,66769.59999999999,5289.599999999999,0,1,0,0
297.9,309.9,1472,45.0,183,12.0,6936.636579126262,66240.0,8235.0,0,1,0,0
297.4,308.6,1609,36.2,116,11.200000000000045,6099.485912748679,58245.8,4199.200000000001,0,1,0,0
300.6,309.5,1471,49.6,29,8.899999999999977,7640.520885138569,72961.6,1438.4,0,1,0,0
299.1,308.4,1332,51.7,71,9.299999999999955,7211.463104462298,68864.40000000001,3670.7000000000003,0,0,1,0
300.4,310.8,1348,56.0,146,10.400000000000034,7905.084874472877,75488.0,8176.0,0,1,0,0
299.6,310.2,1473,42.7,81,10.599999999999966,6586.568909736753,62897.100000000006,3458.7000000000003,0,1,0,0
300.8,311.3,1505,45.5,141,10.5,7170.947031206501,68477.5,6415.5,0,1,0,0
303.8,312.7,1414,41.7,190,8.899999999999977,6174.674696924594,58963.8,7923.000000000001,0,1,0,0
300.6,310.0,1313,52.9,93,9.399999999999977,7273.593335174792,69457.7,4919.7,0,1,0,0
301.0,312.1,1675,30.7,200,11.100000000000023,5384.951607640704,51422.5,6140.0,0,1,0,0
300.2,311.4,1450,38.5,68,11.199999999999989,5845.980329555007,55825.0,2618.0,0,0,1,0
303.1,312.5,1453,49.1,140,9.399999999999977,7470.948185673303,71342.3,6874.0,0,1,0,0
299.0,310.1,1505,41.3,85,11.100000000000023,6509.013459095132,62156.49999999999,3510.4999999999995,0,1,0,0
300.8,310.4,1450,39.4,62,9.599999999999966,5982.639609986163,57130.0,2442.7999999999997,0,0,1,0
297.7,309.6,1596,35.2,173,11.900000000000034,5883.072066818391,56179.200000000004,6089.6,0,0,1,0
300.4,309.8,1356,44.4,136,9.400000000000034,6304.799464636283,60206.4,6038.4,0,0,1,0
298.4,310.1,1455,42.2,94,11.700000000000045,6429.8976841022295,61401.00000000001,3966.8,0,1,0,0
299.7,310.9,1491,40.1,195,11.199999999999989,6261.09991082485,59789.1,7819.5,0,1,0,0
298.9,309.9,1404,39.8,62,11.0,5851.656140282492,55879.2,2467.6,0,1,0,0
300.7,311.1,2377,14.3,135,10.400000000000034,3559.539668247867,33991.1,1930.5,0,1,0,0
302.1,311.3,1511,45.0,204,9.199999999999989,7120.419749361266,67995.0,9180.0,0,0,1,0
297.9,309.6,1515,38.8,124,11.700000000000045,6155.63664544384,58781.99999999999,4811.2,0,0,1,0
300.4,310.5,1644,31.4,41,10.100000000000023,5405.801310885029,51621.6,1287.3999999999999,0,0,1,0
300.0,309.8,1474,40.6,78,9.800000000000011,6266.8909132829685,59844.4,3166.8,0,1,0,0
300.1,309.1,1533,38.0,26,9.0,6100.344614740659,58254.0,988.0,0,0,1,0
303.5,312.0,1366,54.5,30,8.5,7796.0716093933115,74447.0,1635.0,0,1,0,1
301.8,310.8,1557,33.3,190,9.0,5429.520335419631,51848.1,6326.999999999999,0,1,0,0
299.7,310.3,1505,37.7,4,10.600000000000023,5941.6418258568165,56738.50000000001,150.8,0,1,0,0
303.7,313.0,1694,28.0,44,9.300000000000011,4967.067424835703,47432.0,1232.0,0,1,0,0
300.3,311.8,1551,37.2,9,11.5,6042.036655090035,57697.200000000004,334.8,0,1,0,0
302.1,310.8,1772,27.1,233,8.699999999999989,5028.768304552206,48021.200000000004,6314.3,0,1,0,0
301.9,310.6,1331,68.6,85,8.700000000000045,9561.604792808725,91306.59999999999,5830.999999999999,0,1,0,1
301.0,311.0,1437,56.0,33,10.0,8427.008133989262,80472.0,1848.0,0,1,0,0
297.5,308.9,1535,37.7,12,11.399999999999977,6060.079868897151,57869.50000000001,452.40000000000003,0,0,1,0
297.5,308.5,1373,39.9,110,11.0,5736.8309287937855,54782.7,4389.0,0,1,0,0
301.5,311.1,1731,27.9,101,9.600000000000023,5057.430101528456,48294.899999999994,2817.8999999999996,0,1,0,0
302.8,312.3,1262,70.5,234,9.5,9317.02133275125,88971.0,16497.0,0,0,1,1
297.5,308.4,1528,39.9,160,10.899999999999977,6384.470254331321,60967.2,6384.0,0,1,0,0
301.4,310.8,1362,53.2,4,9.400000000000034,7587.825904362355,72458.40000000001,212.8,0,1,0,0
302.5,310.9,1330,56.9,97,8.399999999999977,7924.876908190492,75677.0,5519.3,0,1,0,1
298.0,309.6,1633,34.8,41,11.600000000000023,5951.056131842073,56828.399999999994,1426.8,0,1,0,0
300.7,310.1,1483,40.2,162,9.400000000000034,6243.035753066709,59616.600000000006,6512.400000000001,0,0,1,0
303.8,312.9,1378,45.6,184,9.099999999999966,6580.254308503037,62836.8,8390.4,1,0,0,0
299.1,310.4,1369,54.5,104,11.299999999999955,7813.193289355376,74610.5,5668.0,1,0,0,0
300.3,309.9,1540,39.9,203,9.599999999999966,6434.610073082614,61446.0,8099.7,0,1,0,0
303.9,312.7,1528,38.4,177,8.800000000000011,6144.452575597061,58675.2,6796.8,0,1,0,0
300.5,309.7,1341,50.9,137,9.199999999999989,7147.845853227105,68256.9,6973.3,0,0,1,0
299.3,310.9,1826,25.1,2,11.599999999999966,4799.578648497319,45832.600000000006,50.2,0,0,1,0
298.3,308.0,1486,42.3,86,9.699999999999989,6582.453423360549,62857.799999999996,3637.7999999999997,0,1,0,0
299.1,310.2,1695,29.6,8,11.099999999999966,5253.99955386357,50172.0,236.8,0,1,0,0
300.3,309.4,1612,33.1,150,9.099999999999966,5587.55291787071,53357.200000000004,4965.0,0,0,1,0
302.4,311.8,1384,50.9,99,9.400000000000034,7377.045981257504,70445.59999999999,5039.099999999999,0,1,0,0
298.1,309.5,1467,41.8,48,11.399999999999977,6421.478215790608,61320.6,2006.3999999999999,0,1,0,0
300.6,312.0,1566,30.1,128,11.399999999999977,4936.133209173355,47136.600000000006,3852.8,0,1,0,0
300.5,311.7,1454,50.3,175,11.199999999999989,7658.804954382461,73136.2,8802.5,1,0,0,0
296.8,307.6,1304,48.7,142,10.800000000000011,6650.207104922971,63504.8,6915.400000000001,0,1,0,0
297.3,308.3,1595,32.2,29,11.0,5378.301903190607,51359.00000000001,933.8000000000001,0,0,1,0
299.2,310.3,1429,40.1,23,11.100000000000023,6000.745655646352,57302.9,922.3000000000001,0,1,0,0
303.6,312.9,1588,31.9,53,9.299999999999955,5304.809579047629,50657.2,1690.6999999999998,0,1,0,0
303.9,313.2,1481,40.0,100,9.300000000000011,6203.598293288645,59240.0,4000.0,0,1,0,0
298.9,310.2,1532,37.7,166,11.300000000000011,6048.236064593118,57756.4,6258.200000000001,1,0,0,0
297.4,308.5,1295,52.1,130,11.100000000000023,7065.389518045884,67469.5,6773.0,0,1,0,0
302.2,310.8,1383,46.9,45,8.600000000000023,6792.406060399956,64862.7,2110.5,0,1,0,0
301.9,310.9,1763,28.4,103,9.0,5243.234363037269,50069.2,2925.2,0,0,1,0
297.7,309.0,1504,40.4,35,11.300000000000011,6362.939872678719,60761.6,1414.0,0,0,1,0
298.6,309.3,1702,27.6,143,10.699999999999989,4919.231440697043,46975.200000000004,3946.8,0,1,0,0
297.8,308.4,1518,32.5,190,10.599999999999966,5166.349118828415,49335.0,6175.0,0,1,0,0
300.5,310.6,1499,45.2,8,10.100000000000023,7095.266064181524,67754.8,361.6,0,1,0,0
301.4,310.6,1565,36.1,110,9.200000000000045,5916.299645117858,56496.5,3971.0,0,0,1,0
297.5,308.6,1452,39.0,72,11.100000000000023,5930.070292916093,56628.0,2808.0,0,1,0,0
301.9,310.4,1610,34.8,71,8.5,5867.238439844296,56027.99999999999,2470.7999999999997,0,1,0,0
299.9,311.2,1579,35.5,162,11.300000000000011,5870.013513354968,56054.5,5751.0,0,0,1,0
297.6,309.1,1449,49.1,174,11.5,7450.381225767803,71145.90000000001,8543.4,0,1,0,0
303.6,312.8,2659,11.4,26,9.199999999999989,3174.328049040199,30312.600000000002,296.40000000000003,0,0,1,1
298.9,310.6,1519,38.8,213,11.700000000000045,6171.889151438411,58937.2,8264.4,1,0,0,0
300.6,311.7,1734,29.9,72,11.099999999999966,5429.363255786952,51846.6,2152.7999999999997,0,1,0,0
297.2,308.0,1869,25.4,163,10.800000000000011,4971.319046893561,47472.6,4140.2,0,1,0,0
300.5,310.2,1571,34.6,228,9.699999999999989,5692.209841137298,54356.600000000006,7888.8,0,0,1,0
298.4,309.1,1467,42.5,139,10.700000000000045,6529.014932322988,62347.5,5907.5,0,1,0,0
300.7,310.6,2006,19.1,102,9.900000000000034,4012.2955295077163,38314.600000000006,1948.2,0,0,1,0
299.8,310.2,1911,23.5,166,10.399999999999977,4702.807122791241,44908.5,3901.0,0,1,0,0
298.4,308.2,1850,27.0,194,9.800000000000011,5230.751768227006,49950.0,5238.0,0,1,0,0
299.6,310.2,1620,30.0,70,10.599999999999966,5089.380098815464,48600.0,2100.0,0,0,1,0
302.4,310.4,1521,38.5,142,8.0,6132.231780174596,58558.5,5467.0,0,1,0,0
295.5,306.0,1456,39.2,167,10.5,5976.900967405606,57075.200000000004,6546.400000000001,0,1,0,0
297.6,308.6,1415,47.3,169,11.0,7008.840850281268,66929.5,7993.7,0,1,0,0
299.2,308.4,1509,39.4,0,9.199999999999989,6226.071152737323,59454.6,0.0,0,1,0,0
301.8,310.7,1429,47.9,53,8.899999999999977,7167.972990161104,68449.09999999999,2538.7,0,0,1,0
303.6,312.7,1765,27.5,115,9.099999999999966,5082.835114120487,48537.5,3162.5,0,0,1,0
302.6,311.5,1442,59.8,169,8.899999999999977,9030.152035576453,86231.59999999999,10106.199999999999,0,1,0,1
301.4,310.5,1571,33.9,208,9.100000000000023,5577.049526432207,53256.899999999994,7051.2,0,1,0,0
297.3,308.0,1447,49.0,61,10.699999999999989,7424.944797249236,70903.0,2989.0,0,1,0,0
302.3,311.5,1507,37.5,55,9.199999999999989,5917.9751611997735,56512.5,2062.5,0,1,0,0
300.5,310.5,1695,26.7,28,10.0,4739.2495975728825,45256.5,747.6,0,1,0,0
301.0,310.9,1492,36.7,199,9.899999999999977,5734.076799234139,54756.4,7303.3,0,1,0,0
301.3,311.1,1678,30.7,34,9.800000000000011,5394.596297087225,51514.6,1043.8,0,0,1,0
301.5,310.6,1565,43.9,142,9.100000000000023,7194.613695863543,68703.5,6233.8,0,1,0,0
299.9,309.6,1294,49.7,126,9.700000000000045,6734.715947304536,64311.8,6262.200000000001,0,1,0,0
301.7,309.9,1607,37.7,93,8.199999999999989,6344.331172193956,60583.9,3506.1000000000004,0,1,0,0
297.2,308.3,1419,39.7,115,11.100000000000023,5899.31410083745,56334.3,4565.5,0,1,0,0
300.7,311.2,1878,24.3,24,10.5,4778.927912787722,45635.4,583.2,0,1,0,0
297.9,308.0,1490,46.2,6,10.100000000000023,7208.69850292714,68838.0,277.20000000000005,0,1,0,0
297.4,308.5,1638,32.2,84,11.100000000000023,5523.296876129288,52743.600000000006,2704.8,0,0,1,0
300.2,309.7,1275,60.7,15,9.5,8104.523648098269,77392.5,910.5,0,1,0,0
298.0,307.8,1622,33.3,121,9.800000000000011,5656.186245376135,54012.6,4029.2999999999997,0,1,0,0
301.7,310.2,1435,48.1,12,8.5,7228.1240175018365,69023.5,577.2,0,1,0,0
301.3,311.3,1509,42.5,213,10.0,6715.93969521158,64132.5,9052.5,0,1,0,0
302.3,311.9,1508,42.3,159,9.599999999999966,6679.905627474905,63788.399999999994,6725.7,0,0,1,0
300.8,310.8,1564,36.2,31,10.0,5928.897431658755,56616.8,1122.2,0,1,0,0
298.2,308.9,1614,35.5,15,10.699999999999989,6000.127809091146,57297.0,532.5,0,0,1,0
298.8,310.3,1553,36.8,97,11.5,5984.775892990603,57150.399999999994,3569.6,0,1,0,0
298.7,309.7,1393,45.7,99,11.0,6666.4700828930545,63660.100000000006,4524.3,0,1,0,0
300.4,311.7,1555,38.7,5,11.300000000000011,6301.877783468446,60178.50000000001,193.5,0,0,1,0
298.6,309.3,1537,37.6,175,10.699999999999989,6051.880312071283,57791.200000000004,6580.0,0,1,0,0
300.7,311.9,1399,50.2,222,11.199999999999989,7354.447458102683,70229.8,11144.400000000001,0,1,0,1
299.9,309.5,1412,57.9,59,9.600000000000023,8561.342635856761,81754.8,3416.1,0,0,1,0
298.0,309.0,1439,38.5,34,11.0,5801.63151326183,55401.5,1309.0,0,0,1,0
302.2,310.9,1506,34.0,49,8.699999999999989,5362.0703411470595,51204.0,1666.0,0,1,0,0
297.6,309.6,1592,35.8,57,12.0,5968.355835387841,56993.6,2040.6,0,0,1,0
297.8,309.3,2243,15.7,36,11.5,3687.7166485143307,35215.1,565.1999999999999,0,0,1,0
298.1,307.9,1569,37.0,29,9.799999999999955,6079.295943961609,58053.0,1073.0,0,0,1,0
296.8,307.5,1516,36.7,135,10.699999999999989,5826.313959543535,55637.200000000004,4954.5,0,0,1,0
298.0,308.7,1268,69.4,189,10.699999999999989,9215.254674725966,87999.20000000001,13116.6,0,1,0,1
298.2,309.0,1780,29.3,91,10.800000000000011,5461.554108510736,52154.0,2666.3,0,1,0,0
302.8,312.1,1958,20.3,56,9.300000000000011,4162.337994643165,39747.4,1136.8,0,1,0,0
298.8,309.8,1557,37.2,139,11.0,6065.410104432742,57920.4,5170.8,0,1,0,0
303.5,312.4,1481,43.7,20,8.899999999999977,6777.431135417845,64719.700000000004,874.0,0,1,0,0
298.5,309.3,1471,44.7,119,10.800000000000011,6885.711362211573,65753.7,5319.3,0,1,0,0
298.6,308.2,1390,51.4,168,9.599999999999966,7481.807624279211,71446.0,8635.199999999999,0,1,0,0
301.2,310.7,1962,22.5,28,9.5,4622.85358975738,44145.0,630.0,0,0,1,0
300.6,311.8,1501,44.8,226,11.199999999999989,7041.858989070498,67244.8,10124.8,0,1,0,0
302.3,311.7,1685,30.8,130,9.399999999999977,5434.745851200103,51898.0,4004.0,0,0,1,0
301.0,311.2,1511,42.9,26,10.199999999999989,6788.133494391073,64821.9,1115.3999999999999,0,1,0,0
296.9,308.4,1450,46.9,186,11.5,7121.466946912463,68005.0,8723.4,0,0,1,0
298.5,309.7,1437,42.6,120,11.199999999999989,6410.545473356117,61216.200000000004,5112.0,0,1,0,0
303.1,311.2,1435,40.1,219,8.099999999999966,6025.941228728143,57543.5,8781.9,0,1,0,0
298.9,310.1,1602,38.2,58,11.200000000000045,6408.472022204748,61196.4,2215.6000000000004,0,1,0,0
300.8,309.7,1751,27.9,183,8.899999999999977,5115.8637248852265,48852.899999999994,5105.7,0,0,1,0
298.5,309.5,1548,44.5,132,11.0,7213.7250511728835,68886.0,5874.0,0,1,0,0
300.4,309.6,1675,35.5,164,9.200000000000045,6226.898438802769,59462.5,5822.0,0,0,1,0
301.7,311.1,1644,32.8,206,9.400000000000034,5646.824299268437,53923.2,6756.799999999999,0,1,0,0
303.3,312.6,1397,47.1,137,9.300000000000011,6890.423751191957,65798.7,6452.7,0,0,1,0
303.4,311.9,1298,63.9,59,8.5,8685.686873085844,82942.2,3770.1,0,1,0,1
297.2,308.6,1486,46.6,98,11.400000000000034,7251.591714624152,69247.6,4566.8,1,0,0,0
302.6,310.4,1544,35.1,25,7.7999999999999545,5675.22429685689,54194.4,877.5,0,0,1,0
302.0,310.4,1595,32.9,135,8.399999999999977,5495.221509781707,52475.5,4441.5,0,0,1,0
295.8,306.4,1335,51.7,69,10.599999999999966,7227.7051384813585,69019.5,3567.3,0,0,1,0
297.6,308.6,1463,46.7,85,11.0,7154.673581260909,68322.1,3969.5000000000005,1,0,0,0
299.7,311.0,1983,21.0,201,11.300000000000011,4360.844762447992,41643.0,4221.0,0,1,0,0
300.6,311.4,1468,40.4,55,10.799999999999955,6210.6354608326865,59307.2,2222.0,0,0,1,0
303.4,311.8,1391,42.7,197,8.400000000000034,6219.903159160777,59395.700000000004,8411.900000000001,0,0,1,0
302.6,310.5,1524,33.7,204,7.899999999999977,5378.280959239582,51358.8,6874.8,0,0,1,0
304.0,312.8,1542,42.7,198,8.800000000000011,6895.104724245807,65843.40000000001,8454.6,0,1,0,0
295.6,306.2,1287,54.8,49,10.599999999999966,7385.633001177316,70527.59999999999,2685.2,0,1,0,0
298.4,310.1,1533,35.2,92,11.700000000000045,5650.845537865032,53961.600000000006,3238.4,0,1,0,0
302.8,312.5,1422,46.1,4,9.699999999999989,6864.8197710652,65554.2,184.4,1,0,0,0
298.2,309.4,1398,52.9,79,11.199999999999989,7744.465714070343,73954.2,4179.099999999999,0,1,0,0
300.3,311.1,1676,28.6,158,10.800000000000011,5019.594854003723,47933.600000000006,4518.8,0,1,0,0
298.1,310.0,1553,40.9,49,11.899999999999977,6651.557989764013,63517.7,2004.1,0,1,0,0
299.3,308.4,1542,37.5,203,9.099999999999966,6055.419839794326,57825.0,7612.5,0,0,1,1
298.0,308.8,1496,44.9,179,10.800000000000011,7034.067839289594,67170.4,8037.099999999999,0,1,0,0
301.5,310.5,1396,44.5,117,9.0,6505.400627543504,62122.0,5206.5,0,1,0,0
299.8,310.5,1496,38.8,215,10.699999999999989,6078.437241969627,58044.799999999996,8342.0,0,1,0,0
298.3,310.1,1523,45.9,99,11.800000000000011,7320.5077854684005,69905.7,4544.099999999999,0,1,0,0
298.2,308.8,1442,47.0,18,10.600000000000023,7097.276683479821,67774.0,846.0,0,1,0,0
301.4,311.2,1476,36.5,25,9.800000000000011,5641.6720873165505,53874.0,912.5,0,0,1,0
297.2,308.3,1431,43.7,46,11.100000000000023,6548.618470481389,62534.700000000004,2010.2,0,0,1,0
296.8,308.1,1492,43.7,222,11.300000000000011,6827.769921703865,65200.4,9701.400000000001,1,0,0,0
303.5,312.5,1353,51.0,172,9.0,7225.977262521883,69003.0,8772.0,0,0,1,0
298.2,309.0,1524,39.1,100,10.800000000000011,6240.082655972335,59588.4,3910.0,1,0,0,0
299.5,311.0,1451,43.3,136,11.5,6579.364190584519,62828.299999999996,5888.799999999999,0,0,1,0
300.8,310.8,1486,45.7,146,10.0,7111.539514127119,67910.2,6672.200000000001,0,1,0,0
297.9,309.0,1502,40.2,30,11.100000000000023,6323.020702027105,60380.4,1206.0,0,1,0,0
298.1,309.9,1686,29.1,60,11.799999999999955,5137.82345753382,49062.600000000006,1746.0,1,0,0,0
299.2,309.1,1605,34.3,107,9.900000000000034,5764.97959896995,55051.49999999999,3670.1,0,1,0,0
301.8,310.3,1465,46.5,60,8.5,7133.771518139023,68122.5,2790.0,0,0,1,0
297.4,308.8,1573,33.9,123,11.400000000000034,5584.149525829322,53324.7,4169.7,0,0,1,0
299.6,309.3,1558,34.8,115,9.699999999999989,5677.737570979762,54218.399999999994,4001.9999999999995,0,1,0,0
300.7,309.5,1439,43.8,41,8.800000000000011,6600.297669632939,63028.2,1795.8,0,0,1,0
300.7,312.3,1420,53.8,67,11.600000000000023,8000.170412121527,76396.0,3604.6,0,1,0,0
300.5,311.6,1476,41.7,97,11.100000000000023,6445.417151810963,61549.200000000004,4044.9,1,0,0,0
303.9,313.1,1310,62.9,130,9.200000000000045,8628.803102104846,82399.0,8177.0,0,1,0,0
303.5,312.9,1504,44.8,111,9.399999999999977,7055.93332415858,67379.2,4972.799999999999,0,1,0,0
303.5,312.9,1501,44.0,128,9.399999999999977,6916.1115071228105,66044.0,5632.0,0,1,0,0
299.8,310.2,1573,33.3,168,10.399999999999977,5485.315020947386,52380.899999999994,5594.4,1,0,0,0
301.2,311.0,1573,32.8,57,9.800000000000011,5402.952933545774,51594.399999999994,1869.6,0,1,0,0
296.4,307.5,1684,31.4,72,11.100000000000023,5537.329323315322,52877.6,2260.7999999999997,0,0,1,0
298.2,308.9,1326,54.4,75,10.699999999999989,7553.8967037035845,72134.4,4080.0,0,0,1,0
297.7,308.7,1474,46.8,188,11.0,7223.903811370515,68983.2,8798.4,0,1,0,0
299.8,309.1,1612,35.4,205,9.300000000000011,5975.811881952361,57064.799999999996,7257.0,0,1,0,0
301.1,310.0,1470,40.1,23,8.899999999999977,6172.915405038584,58947.0,922.3000000000001,1,0,0,0
298.5,309.5,1483,44.8,92,11.0,6957.412978542003,66438.4,4121.599999999999,0,0,1,0
300.1,310.4,1480,37.1,77,10.299999999999955,5749.952314110279,54908.0,2856.7000000000003,0,0,1,0
297.3,308.5,1497,47.5,27,11.199999999999989,7446.359987171207,71107.5,1282.5,0,1,0,0
303.6,311.8,1736,32.9,99,8.199999999999989,5981.005981806295,57114.399999999994,3257.1,0,1,0,0
298.9,309.8,1947,21.7,105,10.900000000000034,4424.399181830113,42249.9,2278.5,0,0,1,0
297.5,308.5,1612,30.0,163,11.0,5064.247357586746,48360.0,4890.0,0,0,1,0
302.3,311.5,1565,35.6,41,9.199999999999989,5834.3564367367235,55714.0,1459.6000000000001,0,1,0,0
298.1,308.1,1616,32.8,65,10.0,5550.649676166541,53004.799999999996,2132.0,0,1,0,0
299.7,309.2,1620,30.0,168,9.5,5089.380098815464,48600.0,5040.0,0,1,0,0
298.3,309.0,1505,41.3,93,10.699999999999989,6509.013459095132,62156.49999999999,3840.8999999999996,0,0,1,0
301.3,310.1,1531,41.6,9,8.800000000000011,6669.559315669084,63689.6,374.40000000000003,0,1,0,0
300.1,311.6,1530,36.6,74,11.5,5864.096847190708,55998.0,2708.4,0,1,0,0
298.3,308.4,1593,37.0,174,10.099999999999966,6172.287086507866,58941.0,6438.0,0,1,0,0
303.9,313.0,1517,36.0,142,9.100000000000023,5718.9552665948595,54612.0,5112.0,1,0,0,0
300.2,310.3,1514,38.7,48,10.100000000000023,6135.718948020081,58591.8,1857.6000000000001,0,1,0,0
299.3,308.5,1772,26.1,52,9.199999999999989,4843.204898480169,46249.200000000004,1357.2,0,1,0,0
299.5,310.7,1488,39.5,95,11.199999999999989,6155.008326913123,58776.0,3752.5,0,0,1,0
300.7,311.3,1522,35.2,48,10.600000000000023,5610.298048682701,53574.4,1689.6000000000001,0,1,0,0
301.5,311.1,1459,45.1,97,9.600000000000023,6890.65413465322,65800.90000000001,4374.7,0,1,0,0
300.8,310.5,1582,31.1,193,9.699999999999989,5152.232895838285,49200.200000000004,6002.3,1,0,0,0
298.9,309.6,1589,34.2,197,10.700000000000045,5690.869428271768,54343.8,6737.400000000001,0,1,0,0
300.4,310.2,1529,36.2,10,9.800000000000011,5796.217501922145,55349.8,362.0,0,1,0,0
298.5,309.5,1370,52.4,113,11.0,7517.621780530135,71788.0,5921.2,0,1,0,0
298.0,309.1,1574,34.8,40,11.100000000000023,5736.0455306303875,54775.2,1392.0,0,0,1,0
298.0,309.2,1731,28.7,38,11.199999999999989,5202.446018418161,49679.7,1090.6,0,1,0,0
298.5,309.6,1441,48.2,107,11.100000000000023,7273.436255542114,69456.2,5157.400000000001,0,0,1,0
299.8,309.7,1320,61.7,134,9.899999999999977,8528.79573596557,81444.0,8267.800000000001,0,0,1,0
298.0,308.7,1771,26.2,206,10.699999999999989,4859.017581503237,46400.2,5397.2,0,1,0,0
297.4,308.6,1469,42.6,80,11.200000000000045,6553.299443535237,62579.4,3408.0,0,0,1,0
298.6,308.3,1422,40.4,179,9.699999999999989,6016.024267918309,57448.799999999996,7231.599999999999,0,1,0,0
301.0,310.5,1429,39.4,98,9.5,5895.994484600156,56302.6,3861.2,0,1,0,0
300.8,310.3,1868,24.5,95,9.5,4792.604312806349,45766.0,2327.5,0,0,1,0
301.2,310.3,1548,38.6,59,9.100000000000023,6257.298583714007,59752.8,2277.4,0,1,0,0
302.2,311.4,1626,31.6,62,9.199999999999989,5380.668569656311,51381.600000000006,1959.2,0,0,1,0
296.9,307.6,1435,45.0,119,10.700000000000045,6762.278186852031,64575.0,5355.0,0,1,0,0
298.3,309.2,1486,42.4,16,10.899999999999977,6598.014778971331,63006.4,678.4,1,0,0,0
298.8,309.7,1740,28.5,152,10.899999999999977,5193.0526563839285,49590.0,4332.0,0,1,0,0
298.9,309.7,1407,48.6,161,10.800000000000011,7160.757799033359,68380.2,7824.6,1,0,0,0
297.7,307.1,1855,22.5,7,9.400000000000034,4370.7407793068,41737.5,157.5,1,0,0,0
297.8,309.8,1798,25.5,203,12.0,4801.296052481282,45849.0,5176.5,0,0,1,0
298.2,308.0,1969,21.7,32,9.800000000000011,4474.392392924239,42727.299999999996,694.4,0,0,1,0
299.3,308.4,1468,42.2,83,9.099999999999966,6487.346941760876,61949.600000000006,3502.6000000000004,0,0,1,0
301.3,311.0,1580,36.6,184,9.699999999999989,6055.733999059686,57828.0,6734.400000000001,1,0,0,0
298.9,308.6,1524,40.4,131,9.700000000000045,6447.553434815403,61569.6,5292.4,0,0,1,0
300.3,310.2,1369,48.8,36,9.899999999999977,6996.033624230134,66807.2,1756.8,0,1,0,0
299.8,309.3,1299,65.1,212,9.5,8855.615619718516,84564.9,13801.199999999999,0,1,0,1
300.5,311.2,1551,36.6,205,10.699999999999989,5944.58445097568,56766.600000000006,7503.0,0,0,1,0
303.0,312.3,1486,42.4,112,9.300000000000011,6598.014778971331,63006.4,4748.8,0,1,0,0
300.9,311.8,1843,24.5,25,10.900000000000034,4728.4634627955575,45153.5,612.5,0,0,1,0
304.0,313.3,1844,27.1,88,9.300000000000011,5233.097490741686,49972.4,2384.8,0,0,1,0
300.7,312.0,1401,51.1,50,11.300000000000011,7497.002460747074,71591.1,2555.0,0,1,0,0
303.0,311.2,1735,26.1,194,8.199999999999989,4742.077030961114,45283.5,5063.400000000001,0,1,0,0
300.6,311.5,1459,47.0,63,10.899999999999977,7180.947767820429,68573.0,2961.0,0,1,0,0
299.5,309.3,1506,41.5,77,9.800000000000011,6544.879975223616,62499.0,3195.5,0,0,1,0
301.8,310.6,2672,11.8,124,8.800000000000011,3301.7719910208257,31529.600000000002,1463.2,0,1,0,1
300.5,312.0,1478,39.0,153,11.5,6036.256124607428,57642.0,5967.0,0,1,0,0
301.3,311.0,1402,47.5,197,9.699999999999989,6973.8120921937425,66595.0,9357.5,0,0,1,0
297.5,308.5,1401,50.5,6,11.0,7408.975034593488,70750.5,303.0,0,0,1,0
301.5,311.2,1700,28.8,39,9.699999999999989,5127.079210658542,48960.0,1123.2,0,1,0,0
300.7,311.1,1373,49.9,96,10.400000000000034,7174.633166586714,68512.7,4790.4,0,0,1,0
301.5,310.7,1460,38.6,14,9.199999999999989,5901.5865195235465,56356.0,540.4,0,0,1,0
298.8,309.7,1751,29.6,160,10.899999999999977,5427.583019949919,51829.600000000006,4736.0,0,1,0,0
297.8,308.7,1404,44.2,62,10.899999999999977,6498.572899509703,62056.8,2740.4,0,1,0,0
300.0,309.7,1652,28.6,112,9.699999999999989,4947.71521408959,47247.200000000004,3203.2000000000003,0,0,1,0
300.4,310.0,1560,42.3,186,9.600000000000023,6910.247200836108,65988.0,7867.799999999999,0,0,1,0
297.5,308.5,1557,39.1,47,11.0,6375.202556003232,60878.700000000004,1837.7,1,0,0,0
300.5,310.2,1764,25.9,27,9.699999999999989,4784.394284004968,45687.6,699.3,0,1,0,0
303.4,311.5,1424,50.8,128,8.100000000000023,7575.343309552092,72339.2,6502.4,0,1,0,0
298.9,310.1,1580,37.3,100,11.200000000000045,6171.5540482220285,58933.99999999999,3729.9999999999995,0,1,0,0
302.4,310.1,1429,43.7,104,7.7000000000000455,6539.46596388393,62447.3,4544.8,0,1,0,0
298.3,308.4,1484,43.4,172,10.099999999999966,6744.538660334759,64405.6,7464.8,0,1,0,0
302.4,311.8,1358,50.6,133,9.400000000000034,7195.797029096398,68714.8,6729.8,0,0,1,0
302.4,311.5,1590,39.9,58,9.100000000000023,6643.525984546334,63441.0,2314.2,0,1,0,0
303.1,311.1,1594,35.5,13,8.0,5925.776782956188,56587.0,461.5,0,0,1,0
297.4,307.9,1390,52.0,131,10.5,7569.143900049008,72280.0,6812.0,1,0,0,0
297.4,309.0,1468,41.4,156,11.600000000000023,6364.364061348347,60775.2,6458.4,1,0,0,0
300.0,309.6,1618,36.2,53,9.600000000000023,6133.603608966664,58571.600000000006,1918.6000000000001,0,0,1,0
302.4,311.9,1671,29.9,204,9.5,5232.102653068049,49962.899999999994,6099.599999999999,0,1,0,0
303.9,313.0,1626,31.4,209,9.100000000000023,5346.613705291396,51056.399999999994,6562.599999999999,0,1,0,0
302.6,310.4,1514,42.7,75,7.7999999999999545,6769.901785024741,64647.8,3202.5,0,1,0,0
300.4,311.2,1489,45.3,180,10.800000000000011,7063.525506404754,67451.7,8153.999999999999,1,0,0,0
302.6,312.2,1353,56.5,168,9.599999999999966,8005.24932024483,76444.5,9492.0,0,0,1,0
298.7,308.4,1432,42.8,197,9.699999999999989,6418.2319033818985,61289.6,8431.599999999999,1,0,0,0
296.7,307.8,1258,69.0,105,11.100000000000023,9089.884183896707,86802.0,7245.0,0,0,1,1
299.0,308.8,1382,58.5,199,9.800000000000011,8466.278042159132,80847.0,11641.5,1,0,0,0
299.7,309.6,1359,50.7,161,9.900000000000034,7215.327263426214,68901.3,8162.700000000001,0,1,0,0
299.6,310.1,1455,46.1,76,10.5,7024.129934528739,67075.5,3503.6,0,0,1,0
302.4,311.1,1887,22.4,197,8.700000000000045,4426.378385201874,42268.799999999996,4412.799999999999,0,0,1,0
299.2,310.4,1325,52.0,34,11.199999999999989,7215.191127744558,68900.0,1768.0,0,0,1,0
299.1,310.6,1449,43.2,80,11.5,6555.12156727432,62596.8,3456.0,0,0,1,0
302.9,312.2,1729,23.6,96,9.300000000000011,4273.026775804646,40804.4,2265.6000000000004,0,1,0,0
303.5,312.1,1674,30.8,0,8.600000000000023,5399.266798165562,51559.200000000004,0.0,0,1,0,0
298.9,310.2,1362,53.0,185,11.300000000000011,7559.300243067759,72186.0,9805.0,0,1,0,0
300.3,309.2,1650,35.2,196,8.899999999999977,6082.123377349841,58080.00000000001,6899.200000000001,0,1,0,0
302.8,312.2,1509,36.5,52,9.399999999999977,5767.807032358181,55078.5,1898.0,0,1,0,0
299.2,308.5,1438,46.6,63,9.300000000000011,7017.354566372497,67010.8,2935.8,0,1,0,0
296.2,307.3,1881,24.3,40,11.100000000000023,4786.561982935946,45708.3,972.0,0,1,0,0
298.5,309.3,1623,33.1,109,10.800000000000011,5625.681380709778,53721.3,3607.9,0,1,0,0
303.8,312.4,1597,33.4,203,8.599999999999966,5585.730794131628,53339.799999999996,6780.2,0,0,1,0
300.1,309.1,1400,46.7,77,9.0,6846.577589723355,65380.00000000001,3595.9,0,1,0,0
297.5,308.2,1647,31.3,3,10.699999999999989,5398.4185681490935,51551.1,93.9,0,1,0,0
295.5,306.0,1597,37.2,16,10.5,6221.233100050796,59408.4,595.2,0,1,0,0
299.5,308.8,1965,20.4,164,9.300000000000011,4197.796103726681,40086.0,3345.6,0,1,0,0
298.8,309.7,1589,35.3,149,10.899999999999977,5873.90908824542,56091.7,5259.7,0,0,1,0
297.9,308.4,1646,40.6,175,10.5,6998.1699072345755,66827.6,7105.0,0,1,0,0
299.2,308.5,1821,26.1,69,9.300000000000011,4977.130993302701,47528.100000000006,1800.9,0,1,0,0
302.8,310.9,1636,35.0,38,8.099999999999966,5996.253178151718,57260.0,1330.0,0,1,0,0
300.7,310.8,1469,46.4,75,10.100000000000023,7137.866060564202,68161.59999999999,3480.0,0,0,1,0
302.7,312.0,1484,41.5,65,9.300000000000011,6449.270838799366,61586.0,2697.5,1,0,0,0
298.9,310.1,1361,51.7,192,11.200000000000045,7368.469433313206,70363.7,9926.400000000001,0,1,0,0
304.0,313.2,1632,30.6,121,9.199999999999989,5229.620794871714,49939.200000000004,3702.6000000000004,0,1,0,0
303.5,312.5,1457,46.4,168,9.0,7079.558100913575,67604.8,7795.2,0,1,0,0
300.3,309.7,1582,30.8,144,9.399999999999977,5102.532900058494,48725.6,4435.2,1,0,0,0
298.9,308.6,1771,24.1,213,9.700000000000045,4469.554340237712,42681.100000000006,5133.3,0,1,0,0
297.2,308.4,1460,42.1,41,11.199999999999989,6436.704468185008,61466.0,1726.1000000000001,0,1,0,0
299.7,309.2,1302,55.5,87,9.5,7567.154224701735,72261.0,4828.5,1,0,0,0
301.3,310.9,1596,33.9,157,9.599999999999966,5665.79951889612,54104.399999999994,5322.3,0,1,0,0
298.4,308.9,1706,29.5,107,10.5,5270.231115907117,50327.0,3156.5,0,1,0,0
301.5,311.1,1402,40.0,94,9.600000000000023,5872.68386711052,56080.0,3760.0,0,0,1,0
297.9,309.0,1382,43.9,116,11.100000000000023,6353.326599158734,60669.799999999996,5092.4,0,1,0,0
297.2,308.5,1353,46.5,185,11.300000000000011,6588.391033475834,62914.5,8602.5,0,0,1,0
302.5,312.0,1411,44.2,177,9.5,6530.973191743726,62366.200000000004,7823.400000000001,0,1,0,0
298.2,308.8,1436,51.9,153,10.600000000000023,7804.595797460051,74528.4,7940.7,1,0,0,0
298.9,309.5,1645,31.1,169,10.600000000000023,5357.410312044234,51159.5,5255.900000000001,0,1,0,0
303.2,311.2,1688,31.9,33,8.0,5638.865597879343,53847.2,1052.7,0,0,1,0
300.5,311.9,1431,49.4,37,11.399999999999977,7402.786097065917,70691.4,1827.8,0,1,0,0
297.9,307.8,1397,45.0,104,9.900000000000034,6583.207405597411,62865.0,4680.0,0,1,0,0
301.7,309.9,1317,49.0,187,8.199999999999989,6757.8799571370055,64533.0,9163.0,0,1,0,1
299.1,310.5,1419,48.8,76,11.399999999999977,7251.549826722104,69247.2,3708.7999999999997,0,1,0,0
298.1,308.0,1924,20.8,29,9.899999999999977,4190.800824084688,40019.200000000004,603.2,0,0,1,0
302.7,310.7,1398,57.7,19,8.0,8447.177158825309,80664.6,1096.3,0,1,0,0
303.7,313.1,1721,34.8,50,9.400000000000034,6271.749909920519,59890.799999999996,1739.9999999999998,0,1,0,0
298.2,307.7,1503,38.3,87,9.5,6028.182231487702,57564.899999999994,3332.1,0,1,0,0
301.0,311.2,1363,46.3,62,10.199999999999989,6608.539114360857,63106.899999999994,2870.6,0,1,0,0
299.4,309.3,1544,36.0,197,9.900000000000034,5820.742868571169,55584.0,7092.0,0,1,0,0
302.5,311.5,1802,26.4,192,9.0,4981.811966356549,47572.799999999996,5068.799999999999,0,1,0,0
300.3,309.9,1677,30.1,130,9.599999999999966,5286.012383003651,50477.700000000004,3913.0,1,0,0,0
301.3,310.5,1337,52.7,106,9.199999999999989,7378.543473755715,70459.90000000001,5586.200000000001,0,1,0,0
300.7,310.0,1672,29.7,176,9.300000000000011,5200.215487634114,49658.4,5227.2,0,1,0,0
297.8,307.5,1448,51.2,107,9.699999999999989,7763.671317159289,74137.6,5478.400000000001,0,1,0,0
299.0,310.0,1667,30.0,53,11.0,5237.034953534185,50010.0,1590.0,0,0,1,0
298.7,309.9,1434,53.0,144,11.199999999999989,7958.910828604382,76002.0,7632.0,0,0,1,0
299.9,309.5,1349,51.3,176,9.600000000000023,7246.994517374398,69203.7,9028.8,0,1,0,0
301.7,310.6,1406,46.0,112,8.900000000000034,6772.854882119114,64676.0,5152.0,0,1,0,0
301.5,310.4,1488,41.1,151,8.899999999999977,6404.325119902009,61156.8,6206.1,0,1,0,0
302.6,312.0,1447,45.5,173,9.399999999999977,6894.591597445719,65838.5,7871.5,0,1,0,0
299.0,309.9,1411,44.7,94,10.899999999999977,6604.852978980645,63071.700000000004,4201.8,0,1,0,0
303.4,312.2,1337,69.4,52,8.800000000000011,9716.715694091967,92787.8,3608.8,0,1,0,1
298.3,308.6,1499,38.3,142,10.300000000000011,6012.13916500337,57411.7,5438.599999999999,0,1,0,0
297.9,307.8,1450,43.5,106,9.900000000000034,6605.19855417254,63075.0,4611.0,0,0,1,0
297.4,308.5,1566,31.4,76,11.100000000000023,5149.321686645958,49172.399999999994,2386.4,0,0,1,0
299.2,308.9,1712,26.4,95,9.699999999999989,4732.997828192239,45196.799999999996,2508.0,1,0,0,0
297.4,308.5,1475,47.2,69,11.100000000000023,7290.589351430714,69620.0,3256.8,0,1,0,0
298.8,308.2,1443,53.4,21,9.399999999999977,8069.306394451528,77056.2,1121.3999999999999,0,1,0,0
301.6,310.8,1564,34.1,150,9.199999999999989,5584.955867943743,53332.4,5115.0,0,1,0,0
301.2,310.3,1497,45.7,76,9.100000000000023,7164.182135025772,68412.90000000001,3473.2000000000003,0,1,0,0
300.9,311.1,1417,40.7,24,10.200000000000045,6039.387245285507,57671.9,976.8000000000001,0,1,0,0
300.7,310.8,1597,30.5,38,10.100000000000023,5100.742192245948,48708.5,1159.0,0,1,0,0
302.2,310.1,1572,34.6,17,7.900000000000034,5695.833144664439,54391.200000000004,588.2,0,0,1,0
300.5,310.3,1683,31.5,8,9.800000000000011,5551.665457791203,53014.5,252.0,0,1,0,0
298.2,308.7,1447,48.4,51,10.5,7334.027105854348,70034.8,2468.4,0,1,0,0
302.3,311.4,1500,40.2,30,9.099999999999966,6314.601233715485,60300.00000000001,1206.0,0,0,1,0
297.9,309.8,1693,29.9,35,11.900000000000034,5300.987307985761,50620.7,1046.5,0,0,1,0
303.3,311.4,1732,25.6,232,8.099999999999966,4643.190166201619,44339.200000000004,5939.200000000001,0,1,0,0
301.8,310.3,1482,41.4,63,8.5,6425.059631415702,61354.799999999996,2608.2,0,1,0,0
298.8,310.0,1528,36.7,147,11.199999999999989,5872.432539698233,56077.600000000006,5394.900000000001,0,1,0,0
297.3,308.3,1484,43.9,13,11.0,6822.240718633547,65147.6,570.6999999999999,0,1,0,0
302.9,312.6,1394,46.4,82,9.700000000000045,6773.441312747786,64681.6,3804.7999999999997,0,0,1,0
298.3,309.1,1386,45.3,212,10.800000000000011,6574.913600991934,62785.799999999996,9603.599999999999,0,1,0,0
298.9,310.0,1794,27.2,114,11.100000000000023,5109.988946623013,48796.799999999996,3100.7999999999997,0,1,0,0
297.9,307.5,1647,30.8,212,9.600000000000023,5312.181849808054,50727.6,6529.6,0,0,1,0
299.5,308.7,1446,45.7,173,9.199999999999989,6920.111801768381,66082.2,7906.1,0,1,0,0
301.7,310.8,1954,21.6,198,9.100000000000023,4419.843872482408,42206.4,4276.8,0,0,1,0
296.9,308.3,1513,38.8,189,11.400000000000034,6147.510392446555,58704.399999999994,7333.2,0,1,0,0
300.6,310.9,1471,37.9,86,10.299999999999955,5838.22059570064,55750.9,3259.4,0,1,0,0
301.0,310.1,1558,32.6,0,9.100000000000023,5318.800138331616,50790.8,0.0,0,1,0,0
298.2,307.9,1429,49.4,141,9.699999999999989,7392.439785260094,70592.59999999999,6965.4,0,1,0,0
303.7,312.8,1523,40.7,59,9.100000000000023,6491.169212822743,61986.100000000006,2401.3,0,1,0,0
303.9,313.3,1394,51.6,121,9.400000000000034,7532.533873659176,71930.40000000001,6243.6,0,1,0,0
299.3,309.0,1516,38.7,64,9.699999999999989,6143.824257066343,58669.200000000004,2476.8,0,1,0,0
302.9,312.4,1446,41.7,196,9.5,6314.412738156269,60298.200000000004,8173.200000000001,0,1,0,0
297.1,307.9,1496,44.7,88,10.799999999999955,7002.735688557793,66871.2,3933.6000000000004,0,1,0,0
297.5,309.3,1564,37.5,20,11.800000000000011,6141.813637768046,58650.0,750.0,0,1,0,0
299.3,308.6,1474,49.6,191,9.300000000000011,7656.103184700375,73110.40000000001,9473.6,0,1,0,0
299.0,308.6,1466,46.4,112,9.600000000000023,7123.289070651544,68022.4,5196.8,0,1,0,0
301.2,311.1,1574,34.3,4,9.900000000000034,5653.631083351215,53988.2,137.2,0,0,1,0
298.1,307.9,1759,28.6,176,9.799999999999955,5268.178608706772,50307.4,5033.6,0,0,1,0
301.8,309.7,1442,45.3,233,7.899999999999977,6840.566675779487,65322.6,10554.9,0,1,0,1
301.4,310.8,1738,30.3,104,9.400000000000034,5514.688912258452,52661.4,3151.2000000000003,0,0,1,0
299.1,308.6,1499,45.1,185,9.5,7079.568572889087,67604.90000000001,8343.5,0,0,1,0
298.9,308.6,1560,32.2,118,9.700000000000045,5260.28273917075,50232.00000000001,3799.6000000000004,0,1,0,0
303.5,311.6,1361,46.5,62,8.100000000000023,6627.346782380349,63286.5,2883.0,0,1,0,1
299.8,311.1,1412,42.5,181,11.300000000000011,6284.232504730783,60010.0,7692.5,0,1,0,0
301.5,310.5,1380,48.7,160,9.0,7037.795862571856,67206.0,7792.0,0,1,0,0
301.1,311.2,1384,49.4,48,10.099999999999966,7159.64776962909,68369.59999999999,2371.2,0,0,1,0
303.7,312.8,1558,37.7,206,9.100000000000023,6150.882368561409,58736.600000000006,7766.200000000001,0,0,1,0
298.5,309.3,1512,38.1,170,10.800000000000011,6032.611877129265,57607.200000000004,6477.0,0,0,1,0
299.1,308.5,1455,39.8,145,9.399999999999977,6064.216299224377,57908.99999999999,5771.0,0,1,0,0
298.3,308.9,1390,49.7,23,10.599999999999966,7234.354842931456,69083.0,1143.1000000000001,0,0,1,0
299.6,310.2,1469,47.0,15,10.599999999999966,7230.1660527266695,69043.0,705.0,0,1,0,0
300.3,311.5,1634,31.9,36,11.199999999999989,5458.475347710218,52124.6,1148.3999999999999,0,1,0,0
298.1,308.8,1628,37.6,12,10.699999999999989,6410.189426188711,61212.8,451.20000000000005,0,0,1,0
302.4,311.5,1785,24.8,45,9.100000000000023,4635.734119637099,44268.0,1116.0,0,1,0,0
298.0,309.2,1558,41.7,35,11.199999999999989,6803.4958824671285,64968.600000000006,1459.5,0,0,1,0
303.9,313.0,1901,22.5,110,9.100000000000023,4479.125725855647,42772.5,2475.0,0,0,1,0
301.3,310.1,1558,36.3,184,8.800000000000011,5922.467638694407,56555.399999999994,6679.2,0,1,0,0
300.5,310.0,1415,43.5,98,9.5,6445.762727002858,61552.5,4263.0,0,0,1,0
299.8,309.5,1453,43.2,153,9.699999999999989,6573.217140958996,62769.600000000006,6609.6,0,0,1,0
297.5,308.1,1631,30.6,146,10.600000000000023,5226.416370365051,49908.600000000006,4467.6,0,1,0,0
297.4,308.1,1734,27.7,70,10.700000000000045,5029.878333956474,48031.799999999996,1939.0,0,0,1,0
298.1,308.1,1791,27.3,63,10.0,5120.199122747181,48894.3,1719.9,0,1,0,0
297.4,308.5,1600,42.1,190,11.100000000000023,7053.9227048602825,67360.0,7999.0,0,0,1,0
300.4,311.2,1351,62.0,18,10.800000000000011,8771.53612833294,83762.0,1116.0,0,1,0,0
298.4,309.5,1545,36.6,117,11.100000000000023,5921.5879927514015,56547.0,4282.2,0,1,0,0
298.7,309.9,1541,38.5,208,11.199999999999989,6212.865991616734,59328.5,8008.0,0,1,0,0
299.9,309.4,1889,26.0,6,9.5,5143.20605294697,49114.0,156.0,0,0,1,0
303.7,312.8,1364,46.3,44,9.100000000000023,6613.387639022896,63153.2,2037.1999999999998,0,1,0,0
298.4,310.0,1559,44.2,23,11.600000000000023,7216.007941834492,68907.8,1016.6,0,1,0,0
302.4,310.3,1374,51.2,163,7.900000000000034,7366.909108961922,70348.8,8345.6,0,1,0,1
300.0,309.3,1887,22.6,120,9.300000000000011,4465.899620784035,42646.200000000004,2712.0,0,1,0,0
297.5,308.6,1596,37.1,30,11.100000000000023,6200.624252243247,59211.600000000006,1113.0,0,1,0,0
301.5,310.5,1702,28.7,135,9.0,5115.287766232069,48847.4,3874.5,0,1,0,0
300.6,311.7,1553,39.8,0,11.099999999999966,6472.665232093098,61809.399999999994,0.0,0,1,0,0
298.4,309.6,1479,37.8,144,11.200000000000045,5854.483573670723,55906.2,5443.2,0,1,0,0
301.4,310.4,1737,31.9,96,9.0,5802.553047106883,55410.299999999996,3062.3999999999996,0,1,0,0
299.9,310.4,1497,47.0,150,10.5,7367.977250464141,70359.0,7050.0,0,1,0,0
299.0,309.4,1798,25.5,89,10.399999999999977,4801.296052481282,45849.0,2269.5,0,1,0,0
299.8,310.0,1397,48.1,164,10.199999999999989,7036.717249094122,67195.7,7888.400000000001,0,0,1,0
299.4,308.7,1487,52.6,205,9.300000000000011,8190.781310390334,78216.2,10783.0,0,0,1,0
300.2,311.4,1463,37.5,145,11.199999999999989,5745.187565252335,54862.5,5437.5,0,1,0,0
298.1,307.8,1565,35.3,119,9.699999999999989,5785.190511708043,55244.49999999999,4200.7,0,1,0,0
303.8,313.0,1514,45.0,113,9.199999999999989,7134.556916302419,68130.0,5085.0,0,0,1,0
301.4,311.0,1334,53.3,157,9.600000000000023,7445.804972469072,71102.2,8368.1,0,1,0,0
299.1,310.4,1519,45.3,92,11.299999999999955,7205.839653612372,68810.7,4167.599999999999,0,1,0,0
301.4,310.7,1509,38.3,95,9.300000000000011,6052.2468312142,57794.7,3638.4999999999995,0,1,0,0
303.0,311.2,1601,32.9,69,8.199999999999989,5515.893189442327,52672.899999999994,2270.1,0,1,0,0
301.5,310.4,1378,55.3,109,8.899999999999977,7980.001387285481,76203.4,6027.7,0,0,1,0
302.6,310.3,1647,34.2,14,7.699999999999989,5898.591534527125,56327.4,478.80000000000007,0,1,0,0
299.3,309.2,1334,46.3,31,9.899999999999977,6467.931899161689,61764.2,1435.3,0,0,1,0
301.1,310.8,1792,25.8,121,9.699999999999989,4841.571270300303,46233.6,3121.8,1,0,0,0
303.7,312.0,2663,11.4,71,8.300000000000011,3179.103269873655,30358.2,809.4,0,0,1,1
300.9,311.3,1668,28.9,183,10.400000000000034,5048.036739494222,48205.2,5288.7,1,0,0,0
303.7,312.6,1514,35.5,138,8.900000000000034,5628.372678416354,53747.0,4899.0,1,0,0,0
301.6,310.6,1321,60.8,73,9.0,8410.75562799469,80316.8,4438.4,0,1,0,0
297.4,309.0,1583,32.0,166,11.600000000000023,5304.683915341486,50656.0,5312.0,0,1,0,0
300.2,311.6,1513,40.8,157,11.400000000000034,6464.392371438645,61730.399999999994,6405.599999999999,0,0,1,0
298.6,308.3,1717,28.7,29,9.699999999999989,5160.369620811081,49277.9,832.3,0,0,1,0
302.0,310.8,1783,23.1,190,8.800000000000011,4313.123970039963,41187.3,4389.0,0,0,1,0
302.3,311.0,1412,47.0,164,8.699999999999989,6949.621828761102,66364.0,7708.0,0,1,0,0
300.1,311.3,1535,42.3,92,11.199999999999989,6799.506059797068,64930.49999999999,3891.6,0,1,0,0
298.3,307.8,1330,55.4,114,9.5,7715.960996726771,73682.0,6315.599999999999,0,0,1,0
296.8,307.9,1418,47.9,127,11.099999999999966,7112.796151188555,67922.2,6083.3,0,0,1,0
298.0,307.8,1839,22.7,79,9.800000000000011,4371.557593396733,41745.299999999996,1793.3,0,1,0,0
302.3,311.8,1435,44.8,98,9.5,6732.223617132688,64287.99999999999,4390.4,0,1,0,0
301.3,310.0,1696,32.4,202,8.699999999999989,5754.392431727352,54950.399999999994,6544.799999999999,0,0,1,0
298.0,308.0,1479,50.7,70,10.0,7852.442253574225,74985.3,3549.0,1,0,0,0
300.1,309.5,1660,32.7,57,9.399999999999977,5684.397747405372,54282.00000000001,1863.9,0,1,0,0
296.8,308.0,1561,38.3,9,11.199999999999989,6260.806695510514,59786.299999999996,344.7,0,1,0,0
299.2,308.5,1381,60.6,59,9.300000000000011,8763.849698307158,83688.6,3575.4,0,1,0,0
300.3,309.1,1368,46.0,171,8.800000000000011,6589.804750169949,62928.0,7866.0,0,1,0,0
302.2,311.7,1413,46.5,147,9.5,6880.559150259685,65704.5,6835.5,1,0,0,0
298.7,309.8,1695,29.0,145,11.100000000000023,5147.499562906876,49155.0,4205.0,0,1,0,0
300.2,311.3,1487,36.9,71,11.100000000000023,5746.004379342267,54870.299999999996,2619.9,0,1,0,0
301.3,309.9,1565,36.0,213,8.599999999999966,5899.911003441631,56340.0,7668.0,0,0,1,0
297.9,308.5,1449,40.8,157,10.600000000000023,6190.948146870191,59119.2,6405.599999999999,0,0,1,0
302.2,310.7,1769,24.9,91,8.5,4612.706245486284,44048.1,2265.9,0,1,0,0
300.9,312.1,1851,23.0,156,11.200000000000045,4458.234134709275,42573.0,3588.0,0,0,1,0
297.8,309.0,1456,41.2,0,11.199999999999989,6281.844894314056,59987.200000000004,0.0,0,1,0,0
300.1,309.7,2151,17.5,173,9.599999999999966,3941.913382091793,37642.5,3027.5,0,1,0,0
298.8,310.2,1707,27.6,56,11.399999999999977,4933.682766903555,47113.200000000004,1545.6000000000001,1,0,0,0
297.4,308.3,1771,27.4,100,10.900000000000034,5081.568005083538,48525.399999999994,2740.0,1,0,0,0
301.8,310.3,1666,32.7,19,8.5,5704.94376335985,54478.200000000004,621.3000000000001,0,0,1,0
297.9,307.3,1502,36.7,12,9.400000000000034,5772.508949363053,55123.4,440.40000000000003,0,1,0,0
298.1,308.0,1543,41.9,73,9.899999999999977,6770.310192069707,64651.7,3058.7,0,0,1,0
300.4,309.8,1725,30.4,195,9.400000000000034,5491.5039584749575,52440.0,5928.0,0,0,1,0
300.7,311.9,1419,47.7,179,11.199999999999989,7088.0927609558275,67686.3,8538.300000000001,0,1,0,0
303.7,312.4,1718,26.5,130,8.699999999999989,4767.57629133275,45527.0,3445.0,0,1,0,0
302.1,311.3,1477,43.6,196,9.199999999999989,6743.659014391754,64397.200000000004,8545.6,0,1,0,0
297.5,308.1,1548,38.2,117,10.600000000000023,6192.456111343914,59133.600000000006,4469.400000000001,1,0,0,0
302.0,310.5,1812,24.4,138,8.5,4629.953589154494,44212.799999999996,3367.2,1,0,0,0
301.1,310.5,1603,32.6,121,9.399999999999977,5472.424019092156,52257.8,3944.6000000000004,0,0,1,0
300.6,311.5,1282,60.2,24,10.899999999999977,8081.893709016912,77176.40000000001,1444.8000000000002,1,0,0,0
300.4,311.8,1362,47.6,188,11.400000000000034,6789.107388113686,64831.200000000004,8948.800000000001,0,0,1,0
297.9,307.6,1481,38.0,40,9.700000000000045,5893.418378624213,56278.0,1520.0,0,1,0,0
302.3,311.8,1879,23.0,124,9.5,4525.673657006336,43217.0,2852.0,0,0,1,0
297.7,308.9,1662,28.1,19,11.199999999999989,4890.642947549374,46702.200000000004,533.9,0,1,0,0
298.0,307.5,1524,36.3,98,9.5,5793.222516925722,55321.2,3557.3999999999996,0,0,1,0
297.2,308.6,1489,40.2,214,11.400000000000034,6268.29415800157,59857.8,8602.800000000001,0,1,0,0
302.3,310.8,1723,26.3,213,8.5,4745.365231271871,45314.9,5601.900000000001,0,1,0,0
299.4,308.9,1457,41.5,201,9.5,6331.932353187788,60465.5,8341.5,0,0,1,0
300.3,309.2,1490,47.9,163,8.899999999999977,7473.953642645237,71371.0,7807.7,0,0,1,0
296.8,307.9,1489,33.4,123,11.099999999999966,5207.985693463991,49732.6,4108.2,0,1,0,0
300.6,311.7,1744,26.9,111,11.099999999999966,4912.78070378167,46913.6,2985.8999999999996,0,1,0,0
298.2,307.6,1318,55.7,0,9.400000000000034,7687.749494697535,73412.6,0.0,1,0,0,0
298.6,310.0,1517,41.2,64,11.399999999999977,6545.026582880784,62500.4,2636.8,0,1,0,0
297.4,308.5,1486,48.6,75,11.100000000000023,7562.818826839781,72219.6,3645.0,0,1,0,0
303.8,313.1,1256,58.7,213,9.300000000000011,7720.69432965818,73727.2,12503.1,0,1,0,1
299.4,310.8,1424,47.7,109,11.400000000000034,7113.068422551867,67924.8,5199.3,0,1,0,0
300.0,311.3,1493,41.4,28,11.300000000000011,6472.749007897195,61810.2,1159.2,0,1,0,0
301.7,310.2,1471,51.1,8,8.5,7871.585024810098,75168.1,408.8,0,1,0,0
299.7,309.2,1355,44.8,127,9.5,6356.908014783828,60703.99999999999,5689.599999999999,1,0,0,0
299.3,308.7,1289,51.5,185,9.399999999999977,6951.663863985934,66383.5,9527.5,0,0,1,0
301.6,310.8,1392,42.4,3,9.199999999999989,6180.643722966415,59020.799999999996,127.19999999999999,0,1,0,0
301.5,310.7,1323,49.7,79,9.199999999999989,6885.648530358501,65753.1,3926.3,0,1,0,0
298.0,308.6,1254,55.8,65,10.600000000000023,7327.576368938977,69973.2,3627.0,0,0,1,0
297.1,308.2,1402,51.2,186,11.099999999999966,7517.035349901466,71782.40000000001,9523.2,0,1,0,0
302.3,310.9,1720,28.1,178,8.599999999999966,5061.315204443396,48332.0,5001.8,0,1,0,0
299.5,309.3,1941,22.5,18,9.800000000000011,4573.373505463342,43672.5,405.0,0,1,0,0
297.1,307.8,1406,60.4,133,10.699999999999989,8893.052932173794,84922.4,8033.2,0,1,0,0
296.8,307.9,1420,45.4,70,11.099999999999966,6751.073173054226,64468.0,3178.0,0,1,0,0
302.7,311.7,1759,29.9,5,9.0,5507.641272738898,52594.1,149.5,0,0,1,0
297.5,309.3,1470,38.8,197,11.800000000000011,5972.795953004914,57035.99999999999,7643.599999999999,0,1,0,0
298.2,308.9,1737,25.5,26,10.699999999999989,4638.404473392649,44293.5,663.0,0,1,0,0
297.2,308.5,1446,43.7,171,11.300000000000011,6617.262269962325,63190.200000000004,7472.700000000001,0,1,0,0
295.8,306.6,1508,46.5,99,10.800000000000011,7343.1586685007815,70122.0,4603.5,0,1,0,0
303.3,311.5,1412,55.6,67,8.199999999999989,8221.254759130154,78507.2,3725.2000000000003,0,1,0,0
298.3,309.1,1537,43.0,123,10.800000000000011,6921.033335613434,66091.0,5289.0,0,1,0,0
300.8,312.0,1274,67.3,159,11.199999999999989,8978.69274791065,85740.2,10700.699999999999,0,0,1,0
298.1,308.5,1463,45.9,3,10.399999999999977,7032.109579868858,67151.7,137.7,0,0,1,0
303.6,312.5,1286,62.4,101,8.899999999999977,8403.383357234265,80246.4,6302.4,0,1,0,0
301.7,311.0,1527,42.2,144,9.300000000000011,6748.078188057803,64439.4,6076.8,0,1,0,0
299.8,310.2,1411,49.7,161,10.399999999999977,7343.650851349845,70126.7,8001.700000000001,1,0,0,0
302.5,312.0,1673,29.9,42,9.5,5238.364894424204,50022.7,1255.8,0,1,0,0
303.7,312.3,1349,51.0,105,8.600000000000023,7204.614432477472,68799.0,5355.0,0,1,0,0
299.0,310.0,2049,19.5,111,11.0,4184.130175683566,39955.5,2164.5,0,0,1,0
298.3,309.5,1542,36.7,134,11.199999999999989,5926.237549878714,56591.4,4917.8,0,1,0,0
299.7,309.2,1685,28.9,179,9.5,5099.485555184512,48696.5,5173.099999999999,0,0,1,1
296.8,307.8,1565,39.5,124,11.0,6473.513462109567,61817.5,4898.0,0,1,0,0
298.1,308.0,1570,35.3,159,9.899999999999977,5803.673548486664,55420.99999999999,5612.7,1,0,0,0
300.4,310.4,1286,56.8,46,10.0,7649.233568764524,73044.8,2612.7999999999997,0,1,0,0
298.2,307.9,1399,54.9,139,9.699999999999989,8043.011263940982,76805.09999999999,7631.099999999999,0,1,0,0
299.7,310.2,1458,43.4,28,10.5,6626.372888657735,63277.2,1215.2,0,1,0,0
300.7,309.8,1330,54.4,171,9.100000000000023,7576.683722417623,72352.0,9302.4,0,1,0,0
302.0,310.6,1479,40.5,24,8.600000000000023,6272.660971790061,59899.5,972.0,0,0,1,0
302.2,311.3,1749,29.2,5,9.100000000000023,5348.12166976512,51070.799999999996,146.0,1,0,0,0
299.7,309.3,1494,37.8,214,9.600000000000023,5913.85967482357,56473.2,8089.2,1,0,0,0
303.6,313.0,1575,38.3,54,9.399999999999977,6316.9574282056765,60322.49999999999,2068.2,0,1,0,0
298.6,309.6,1449,42.5,16,11.0,6448.904319656449,61582.5,680.0,1,0,0,0
303.3,311.8,1842,24.5,67,8.5,4725.897828795126,45129.0,1641.5,0,1,0,0
297.7,308.9,1573,35.1,9,11.199999999999989,5781.818535593192,55212.3,315.90000000000003,0,0,1,0
302.4,310.3,1479,36.2,115,7.900000000000034,5606.674745155561,53539.8,4163.0,0,1,0,0
298.6,309.5,1580,33.9,70,10.899999999999977,5608.999523719216,53562.0,2373.0,0,0,1,0
299.6,309.1,1641,35.8,81,9.5,6152.055229818748,58747.799999999996,2899.7999999999997,0,1,0,0
298.5,309.3,1630,33.3,116,10.800000000000011,5684.083588140013,54278.99999999999,3862.7999999999997,0,1,0,0
298.2,308.3,2057,18.0,168,10.100000000000023,3877.353653060523,37026.0,3024.0,0,1,0,0
302.5,311.8,2023,19.1,74,9.300000000000011,4046.29803399507,38639.3,1413.4,0,0,1,0
301.1,310.6,1429,52.7,35,9.5,7886.266734477875,75308.3,1844.5,0,0,1,0
303.4,311.9,1491,38.2,26,8.5,5964.439316546366,56956.200000000004,993.2,0,1,0,0
301.8,310.1,1738,28.0,58,8.300000000000011,5096.082163143124,48664.0,1624.0,0,1,0,0
301.1,311.3,2207,16.6,43,10.199999999999989,3836.5338925148794,36636.200000000004,713.8000000000001,1,0,0,0
295.5,305.9,1542,36.2,12,10.399999999999977,5845.498618681457,55820.4,434.40000000000003,0,1,0,0
298.2,307.6,1460,48.6,204,9.400000000000034,7430.494944270579,70956.0,9914.4,1,0,0,0
302.4,311.1,1634,34.2,184,8.700000000000045,5852.033131400924,55882.8,6292.8,0,1,0,0
303.7,312.9,1444,52.7,46,9.199999999999989,7969.047700899964,76098.8,2424.2000000000003,0,0,1,0
298.2,309.0,1610,31.7,155,10.800000000000011,5344.582142042075,51037.0,4913.5,0,1,0,0
298.1,309.0,1533,36.1,189,10.899999999999977,5795.327384003627,55341.3,6822.900000000001,0,0,1,0
300.4,311.2,1831,23.4,133,10.800000000000011,4486.759796003871,42845.399999999994,3112.2,0,0,1,0
298.2,308.8,1456,41.2,150,10.600000000000023,6281.844894314056,59987.200000000004,6180.0,0,0,1,0
301.9,310.8,1519,39.0,90,8.900000000000034,6203.703013043764,59241.0,3510.0,0,1,0,0
299.9,309.5,2008,20.4,165,9.600000000000023,4289.656272917648,40963.2,3365.9999999999995,0,1,0,0
302.1,311.2,1454,59.2,153,9.099999999999966,9013.941417483931,86076.8,9057.6,0,1,0,1
297.4,308.2,1297,52.1,211,10.800000000000011,7076.301316529354,67573.7,10993.1,0,1,0,0
300.2,309.6,1556,35.8,36,9.400000000000034,5833.393014989623,55704.799999999996,1288.8,0,0,1,0
300.7,311.7,1864,23.6,47,11.0,4606.663915615882,43990.4,1109.2,1,0,0,0
296.3,307.1,1560,33.2,186,10.800000000000011,5423.645557157419,51792.00000000001,6175.200000000001,0,1,0,0
300.6,310.3,1414,50.6,25,9.699999999999989,7492.530927203465,71548.40000000001,1265.0,0,1,0,0
297.7,308.8,1469,43.7,96,11.100000000000023,6722.516095833095,64195.3,4195.200000000001,1,0,0,0
295.6,306.1,1474,41.2,156,10.5,6359.5050647107955,60728.8,6427.200000000001,0,1,0,0
298.3,309.1,1646,30.2,125,10.800000000000011,5205.535251194192,49709.2,3775.0,1,0,0,0
298.1,308.8,1394,47.9,70,10.699999999999989,6992.410320702994,66772.59999999999,3353.0,0,0,1,0
298.1,308.1,1452,40.8,56,10.0,6203.765844896836,59241.6,2284.7999999999997,0,0,1,0
303.9,312.8,1419,47.9,196,8.900000000000034,7117.812227458787,67970.09999999999,9388.4,0,1,0,0
301.4,310.6,1464,48.6,96,9.200000000000045,7450.85246466584,71150.40000000001,4665.6,0,0,1,0
301.7,310.5,1523,34.7,181,8.800000000000011,5534.240090539292,52848.100000000006,6280.700000000001,0,1,0,0
302.4,310.2,1392,55.8,143,7.800000000000011,8133.960371262405,77673.59999999999,7979.4,0,0,1,0
301.2,310.8,1396,47.4,5,9.600000000000023,6929.348084169935,66170.4,237.0,0,0,1,0
295.6,306.2,1584,33.6,81,10.599999999999966,5573.43669488058,53222.4,2721.6,0,0,1,0
297.7,307.6,1538,38.3,63,9.900000000000034,6168.559063225606,58905.399999999994,2412.8999999999996,1,0,0,0
301.2,310.7,1551,41.2,82,9.5,6691.718015852404,63901.200000000004,3378.4,0,1,0,0
301.7,310.6,1545,42.1,68,8.900000000000034,6811.444111880711,65044.5,2862.8,0,1,0,0
298.9,308.5,1387,57.3,154,9.600000000000023,8322.61301011047,79475.09999999999,8824.199999999999,0,1,0,0
297.1,307.9,1365,54.0,174,10.799999999999955,7718.893149870121,73710.0,9396.0,1,0,0,0
303.3,311.8,1692,30.6,18,8.5,5421.886265271408,51775.200000000004,550.8000000000001,0,1,0,0
301.1,309.8,1493,38.9,149,8.699999999999989,6081.882521913065,58077.7,5796.099999999999,0,1,0,0
301.7,310.2,1331,61.2,47,8.5,8530.178036733148,81457.2,2876.4,0,1,0,1
300.9,310.9,1474,35.7,175,10.0,5510.542009955714,52621.8,6247.500000000001,1,0,0,0
300.1,311.1,1619,33.4,186,11.0,5662.678870193554,54074.6,6212.4,0,1,0,0
298.9,310.5,1717,26.9,17,11.600000000000023,4836.722745638261,46187.299999999996,457.29999999999995,0,1,0,0
298.3,307.7,1520,41.4,10,9.399999999999977,6589.80475016995,62928.0,414.0,0,0,1,0
296.8,307.9,1718,25.2,148,11.099999999999966,4533.695190248502,43293.6,3729.6,0,1,0,0
302.4,310.2,1331,45.5,53,7.800000000000011,6341.880729924154,60560.5,2411.5,0,1,0,1
298.9,309.2,1581,36.7,101,10.300000000000011,6076.122935381484,58022.700000000004,3706.7000000000003,0,0,1,0
301.4,310.9,1489,38.9,179,9.5,6065.588128016445,57922.1,6963.099999999999,0,0,1,0
300.1,309.1,1560,35.4,14,9.0,5783.043756728091,55224.0,495.59999999999997,1,0,0,0
300.2,309.8,1481,41.9,106,9.600000000000023,6498.269212219856,62053.9,4441.4,0,1,0,0
299.1,308.5,1371,55.5,159,9.399999999999977,7968.178526932472,76090.5,8824.5,0,1,0,0
298.5,309.4,1560,37.9,37,10.899999999999977,6191.450801694764,59124.0,1402.3,0,1,0,0
298.2,309.4,1447,47.1,185,11.199999999999989,7137.038774498756,68153.7,8713.5,0,1,0,0
295.7,306.4,1387,40.1,81,10.699999999999989,5824.37664407382,55618.700000000004,3248.1,0,0,1,0
300.2,309.8,1401,49.3,163,9.600000000000023,7232.920182286316,69069.3,8035.9,0,1,0,0
298.6,309.9,1564,37.1,30,11.299999999999955,6076.300958965187,58024.4,1113.0,0,1,0,0
297.1,308.1,1584,36.8,215,11.0,6104.240189631111,58291.2,7911.999999999999,0,1,0,0
303.6,313.1,1405,38.3,58,9.5,5635.127102621572,53811.49999999999,2221.3999999999996,0,1,0,0
302.8,312.2,1469,36.9,143,9.399999999999977,5676.449517991789,54206.1,5276.7,0,0,1,0
298.6,309.8,1332,46.4,76,11.199999999999989,6472.183521219547,61804.799999999996,3526.4,0,1,0,0
297.9,307.6,1418,43.0,207,9.700000000000045,6385.182348666135,60974.0,8901.0,1,0,0,0
297.3,308.1,1731,27.7,42,10.800000000000011,5021.17612230603,47948.7,1163.3999999999999,0,0,1,0
301.5,310.5,1589,36.7,118,9.0,6106.868655484616,58316.3,4330.6,0,1,0,0
299.2,308.7,1492,37.8,91,9.5,5905.9428613365235,56397.6,3439.7999999999997,0,1,0,0
301.9,310.6,1260,65.9,29,8.700000000000045,8695.30014660583,83034.0,1911.1000000000001,0,0,1,0
301.6,310.7,1679,29.5,10,9.099999999999966,5186.821830954308,49530.5,295.0,0,1,0,0
298.7,309.2,1449,42.3,182,10.5,6418.55653462277,61292.7,7698.599999999999,1,0,0,0
300.4,311.6,1517,39.0,45,11.200000000000045,6195.534872144432,59163.0,1755.0,0,1,0,0
300.5,311.6,1525,37.6,191,11.100000000000023,6004.630758561292,57340.0,7181.6,0,1,0,0
303.0,311.1,1428,39.8,181,8.100000000000023,5951.684450372791,56834.399999999994,7203.799999999999,0,0,1,0
298.6,309.5,1450,44.2,63,10.899999999999977,6711.489105618995,64090.00000000001,2784.6000000000004,0,1,0,0
301.2,310.3,1451,39.7,123,9.100000000000023,6032.350077741466,57604.700000000004,4883.1,0,1,0,0
297.4,309.2,1274,54.3,121,11.800000000000011,7244.324163618847,69178.2,6570.299999999999,0,1,0,0
298.1,307.6,1460,46.5,143,9.5,7109.424175073702,67890.0,6649.5,0,1,0,0
301.9,309.9,1374,48.5,180,8.0,6978.419761419008,66639.0,8730.0,0,1,0,1
302.2,311.5,1482,42.6,16,9.300000000000011,6611.293243920505,63133.200000000004,681.6,1,0,0,0
300.5,311.4,1445,41.5,66,10.899999999999977,6279.781915138196,59967.5,2739.0,0,1,0,0
300.6,310.8,1375,53.2,179,10.199999999999989,7660.250087003112,73150.0,9522.800000000001,0,1,0,0
300.6,311.7,1507,45.5,74,11.099999999999966,7180.476528922392,68568.5,3367.0,0,1,0,0
298.0,308.7,1619,40.1,45,10.699999999999989,6798.60546990304,64921.9,1804.5,0,1,0,0
298.9,310.2,1331,49.0,121,11.300000000000011,6829.717709149089,65219.0,5929.0,0,0,1,0
298.4,309.7,1518,39.8,165,11.300000000000011,6326.790613211413,60416.399999999994,6566.999999999999,0,1,0,0
301.2,310.7,1426,46.1,67,9.5,6884.130093909265,65738.6,3088.7000000000003,0,0,1,0
301.1,311.7,1816,24.5,7,10.599999999999966,4659.191344783902,44492.0,171.5,0,1,0,0
300.4,310.0,1423,44.2,189,9.600000000000023,6586.516549859193,62896.600000000006,8353.800000000001,0,1,0,0
297.6,308.4,1407,55.2,86,10.799999999999955,8133.206389025544,77666.40000000001,4747.2,0,1,0,0
301.3,310.6,1426,40.7,54,9.300000000000011,6077.746091585837,58038.200000000004,2197.8,0,1,0,0
298.9,310.5,1640,29.2,195,11.600000000000023,5014.8196331702675,47888.0,5694.0,0,1,0,0
299.4,309.4,1701,31.2,199,10.0,5557.603067906487,53071.2,6208.8,0,1,0,0
301.3,310.1,1269,56.8,195,8.800000000000011,7548.11617322098,72079.2,11076.0,0,1,0,1
299.8,311.1,2144,17.7,190,11.300000000000011,3973.9890430849446,37948.799999999996,3363.0,0,1,0,0
304.5,313.7,1670,32.9,7,9.199999999999989,5753.617505539466,54943.0,230.29999999999998,0,1,0,0
299.0,310.0,1387,45.2,110,11.0,6565.132775863758,62692.4,4972.0,1,0,0,0
297.4,308.6,1901,22.1,81,11.200000000000045,4399.496824062658,42012.100000000006,1790.1000000000001,0,0,1,0
300.0,309.7,1542,47.1,25,9.699999999999989,7605.607318781674,72628.2,1177.5,0,1,0,0
300.7,310.3,1471,40.2,59,9.600000000000023,6192.518943196986,59134.200000000004,2371.8,0,0,1,0
302.0,310.6,1583,38.9,94,8.600000000000023,6448.506384586994,61578.7,3656.6,0,1,0,0
303.1,311.2,1626,32.3,21,8.099999999999966,5499.860594933507,52519.799999999996,678.3,0,1,0,0
300.9,310.3,1416,50.9,152,9.400000000000034,7547.613518396407,72074.4,7736.8,0,0,1,0
295.7,306.2,1739,25.9,94,10.5,4716.588242564988,45040.1,2434.6,0,0,1,0
297.5,308.4,1505,37.2,215,10.899999999999977,5862.840210129272,55986.00000000001,7998.000000000001,0,0,1,0
300.8,311.6,1516,35.6,14,10.800000000000011,5651.683295905989,53969.6,498.40000000000003,0,1,0,0
298.3,309.1,1484,37.0,28,10.800000000000011,5749.952314110278,54908.0,1036.0,1,0,0,0
301.2,311.5,1498,49.5,3,10.300000000000011,7765.074561877892,74151.0,148.5,0,0,1,0
300.7,312.1,1512,36.9,153,11.400000000000034,5842.608353440154,55792.799999999996,5645.7,0,1,0,0
302.2,310.8,1562,38.1,78,8.600000000000023,6232.103010632217,59512.200000000004,2971.8,0,0,1,0
301.6,310.7,1414,51.7,197,9.099999999999966,7655.412034316583,73103.8,10184.900000000001,1,0,0,0
301.1,311.1,1508,41.5,184,10.0,6553.571714898547,62582.0,7636.0,0,1,0,0
297.3,308.5,1398,60.4,12,11.199999999999989,8842.452346499975,84439.2,724.8,0,1,0,0
297.3,308.7,1577,35.6,133,11.399999999999977,5879.092716123843,56141.200000000004,4734.8,0,0,1,0
298.9,308.7,1356,50.7,185,9.800000000000011,7199.399388672513,68749.2,9379.5,0,1,0,0
300.7,310.1,1598,32.8,79,9.400000000000034,5488.823132743894,52414.399999999994,2591.2,0,1,0,0
297.2,308.7,1669,30.7,72,11.5,5365.662228747663,51238.299999999996,2210.4,0,1,0,0
301.0,311.5,1550,34.9,162,10.5,5664.815153197996,54095.0,5653.8,0,0,1,0
299.8,309.5,1545,32.2,18,9.699999999999989,5209.703097447955,49749.00000000001,579.6,0,1,0,0
300.2,311.4,1433,37.9,36,11.199999999999989,5687.403204377305,54310.7,1364.3999999999999,0,1,0,0
298.6,309.5,1687,29.3,47,10.899999999999977,5176.203247785174,49429.1,1377.1000000000001,0,1,0,0
302.3,311.6,1544,34.3,0,9.300000000000011,5545.874455333085,52959.2,0.0,0,1,0,0
301.0,310.9,1575,34.6,150,9.899999999999977,5706.70305524586,54495.0,5190.0,0,0,1,0
297.6,308.3,1424,53.9,132,10.699999999999989,8037.618196552319,76753.59999999999,7114.8,0,1,0,0
302.2,311.9,1597,35.8,160,9.699999999999989,5987.10067155426,57172.6,5728.0,1,0,0,0
302.7,310.5,1263,67.8,197,7.800000000000011,8967.299238553633,85631.4,13356.599999999999,0,1,0,1
299.7,309.6,1512,36.2,172,9.900000000000034,5731.772964621507,54734.4,6226.400000000001,0,1,0,0
300.6,311.0,1401,54.6,94,10.399999999999977,8010.495779976326,76494.6,5132.400000000001,0,0,1,0
300.1,311.3,1676,30.3,151,11.199999999999989,5317.962380290658,50782.8,4575.3,0,1,0,0
296.7,307.8,1537,36.3,233,11.100000000000023,5842.6397693666895,55793.1,8457.9,0,0,1,0
302.5,310.5,1463,43.0,189,8.0,6587.815074822678,62909.0,8127.0,0,1,0,0
301.9,310.4,1373,48.0,73,8.5,6901.450741406057,65904.0,3504.0,0,0,1,1
297.5,308.5,1530,38.5,93,11.0,6168.517175323559,58905.0,3580.5,0,1,0,0
297.9,307.9,1540,39.8,38,10.0,6418.483230794186,61291.99999999999,1512.3999999999999,0,0,1,0
296.8,307.6,1368,52.0,140,10.800000000000011,7449.344500192116,71136.0,7280.0,0,1,0,0
297.2,308.3,1569,31.2,63,11.100000000000023,5126.325228421681,48952.799999999996,1965.6,0,1,0,0
297.6,308.2,1995,20.5,10,10.599999999999966,4282.776185006285,40897.5,205.0,0,0,1,0
297.5,308.6,1349,51.5,21,11.100000000000023,7275.247907305683,69473.5,1081.5,0,0,1,0
298.0,307.6,1301,58.5,155,9.600000000000023,7970.063482524627,76108.5,9067.5,0,0,1,0
300.2,309.8,1506,41.8,161,9.600000000000023,6592.192360586679,62950.799999999996,6729.799999999999,0,1,0,0
297.8,309.4,1445,48.2,10,11.599999999999966,7293.626224329183,69649.0,482.0,1,0,0,0
301.7,310.1,1402,50.1,3,8.400000000000034,7355.536543555927,70240.2,150.3,0,1,0,0
298.9,310.2,2099,20.0,98,11.300000000000011,4396.135319923316,41980.0,1960.0,0,0,1,0
298.3,309.4,1509,34.2,141,11.099999999999966,5404.356178264378,51607.8,4822.200000000001,0,0,1,0
300.3,311.4,1554,34.3,99,11.099999999999966,5581.793331339128,53302.2,3395.7,0,0,1,0
297.6,308.3,1567,34.6,71,10.699999999999989,5677.716627028738,54218.200000000004,2456.6,0,0,1,0
299.7,309.0,1645,31.9,155,9.300000000000011,5495.221509781706,52475.5,4944.5,0,0,1,0
301.7,310.1,1384,50.5,38,8.400000000000034,7319.0731248232605,69892.0,1919.0,0,1,0,0
299.4,308.9,1762,29.3,91,9.5,5406.324909660627,51626.6,2666.3,1,0,0,0
303.5,311.6,1577,38.1,112,8.100000000000023,6291.950350683102,60083.700000000004,4267.2,0,1,0,0
298.0,308.0,1615,29.5,15,10.0,4989.110933288391,47642.5,442.5,0,1,0,0
300.2,311.6,1606,31.0,199,11.400000000000034,5213.577728387381,49786.0,6169.0,0,1,0,0
302.8,312.3,1386,57.8,172,9.5,8389.18335844004,80110.8,9941.6,0,1,0,0
298.2,308.7,1428,54.9,45,10.5,8209.73558606699,78397.2,2470.5,0,1,0,0
302.6,312.1,1473,37.3,184,9.5,5753.607033563954,54942.899999999994,6863.2,0,1,0,0
300.0,311.4,1466,39.0,125,11.399999999999977,5987.247279211428,57174.0,4875.0,0,0,1,0
299.9,311.3,1371,52.3,167,11.400000000000034,7508.7520172715,71703.3,8734.1,0,1,0,0
300.5,311.5,1661,35.9,110,11.0,6244.4285258098,59629.899999999994,3949.0,0,1,0,0
300.9,310.7,1485,41.0,181,9.800000000000011,6375.862290460485,60885.0,7421.0,0,0,1,0
303.0,311.2,1460,43.9,103,8.199999999999989,6711.907984639473,64094.0,4521.7,0,0,1,0
298.7,309.5,1487,33.6,183,10.800000000000011,5232.1340689945855,49963.200000000004,6148.8,0,0,1,0
304.3,313.6,1585,32.1,202,9.300000000000011,5327.98406085561,50878.5,6484.200000000001,0,0,1,0
300.7,309.6,1568,35.2,82,8.900000000000034,5779.860276172453,55193.600000000006,2886.4,0,0,1,0
300.5,309.9,1466,53.2,172,9.399999999999977,8167.219365488409,77991.2,9150.4,0,0,1,0
296.7,307.9,1420,50.1,138,11.199999999999989,7449.972818722835,71142.0,6913.8,0,1,0,0
298.1,308.9,1459,50.3,115,10.799999999999955,7685.141972795055,73387.7,5784.5,0,0,1,0
298.3,309.5,1521,37.1,84,11.199999999999989,5909.241533622792,56429.1,3116.4,1,0,0,0
297.9,309.0,1530,40.9,42,11.100000000000023,6553.048116122949,62577.0,1717.8,0,0,1,0
298.7,310.0,1519,38.1,198,11.300000000000011,6060.540635819678,57873.9,7543.8,0,0,1,0
297.5,308.9,1419,50.7,7,11.399999999999977,7533.8847585002195,71943.3,354.90000000000003,1,0,0,0
297.6,309.0,1822,25.4,202,11.399999999999977,4846.304603231711,46278.799999999996,5130.799999999999,0,1,0,0
300.3,309.8,1617,40.8,158,9.5,6908.739236362386,65973.59999999999,6446.4,0,0,1,0
297.9,307.6,1202,67.0,129,9.700000000000045,8433.50075880668,80534.0,8643.0,0,0,1,0
298.4,309.2,1491,51.2,13,10.800000000000011,7994.2223300307305,76339.2,665.6,0,0,1,0
298.9,308.6,1425,49.6,35,9.700000000000045,7401.592291857552,70680.0,1736.0,0,0,1,0
295.5,306.1,1822,24.3,164,10.600000000000023,4636.425270020889,44274.6,3985.2000000000003,0,0,1,0
298.6,309.7,1703,26.1,5,11.099999999999966,4654.615091485173,44448.3,130.5,0,1,0,0
302.4,311.9,1578,29.9,44,9.5,4940.908430006811,47182.2,1315.6,0,1,0,0
298.3,309.0,1519,36.9,41,10.699999999999989,5869.657466187562,56051.1,1512.8999999999999,0,1,0,0
302.1,311.2,1369,50.8,164,9.099999999999966,7282.756313747762,69545.2,8331.199999999999,0,1,0,0
302.5,311.9,1553,40.1,187,9.399999999999977,6521.454166003348,62275.3,7498.7,0,1,0,0
298.0,308.7,1626,36.7,210,10.699999999999989,6249.0676109616015,59674.200000000004,7707.000000000001,0,1,0,0
300.7,309.5,1578,35.4,34,8.800000000000011,5849.771184690338,55861.2,1203.6,0,1,0,0
298.6,309.8,1469,42.8,205,11.199999999999989,6584.066107589392,62873.2,8774.0,0,1,0,0
301.0,311.0,1399,58.0,190,10.0,8497.170369919435,81142.0,11020.0,0,1,0,1
300.2,311.0,1255,71.8,149,10.800000000000011,9436.19241407742,90109.0,10698.199999999999,0,1,0,1
300.6,311.1,1471,40.7,26,10.5,6269.540323087495,59869.700000000004,1058.2,0,1,0,0
296.2,307.1,1441,41.7,3,10.900000000000034,6292.578669213821,60089.700000000004,125.10000000000001,0,1,0,0
299.1,308.8,1502,46.7,197,9.699999999999989,7345.399671260343,70143.40000000001,9199.900000000001,0,1,0,0
300.4,311.2,1471,46.5,164,10.800000000000011,7162.988329817408,68401.5,7626.0,0,1,0,0
298.5,308.4,1612,36.1,174,9.899999999999977,6093.977653629385,58193.200000000004,6281.400000000001,1,0,0,0
300.4,311.9,1868,21.3,92,11.5,4166.631504603071,39788.4,1959.6000000000001,0,1,0,0
298.3,307.8,1906,22.1,104,9.5,4411.068357003382,42122.600000000006,2298.4,0,1,0,0
299.4,310.8,1391,48.9,139,11.400000000000034,7123.027271263746,68019.9,6797.099999999999,0,1,0,0
298.1,308.2,1654,35.3,155,10.099999999999966,6114.188566367478,58386.2,5471.5,0,0,1,0
297.3,308.5,1504,42.0,142,11.199999999999989,6614.9374913986685,63168.0,5964.0,0,1,0,0
302.0,310.1,1361,45.4,174,8.100000000000023,6470.570836990706,61789.4,7899.599999999999,0,1,0,1
297.6,308.8,1453,39.7,69,11.199999999999989,6040.664826297966,57684.100000000006,2739.3,0,0,1,0
297.9,309.0,1525,38.5,113,11.100000000000023,6148.358622463024,58712.5,4350.5,0,0,1,0
296.7,307.8,1453,46.0,33,11.100000000000023,6999.258992687819,66838.0,1518.0,0,1,0,0
297.5,308.6,1327,52.1,24,11.100000000000023,7239.9782937813825,69136.7,1250.4,0,0,1,0
297.7,307.4,1764,29.0,139,9.699999999999989,5357.043792901315,51156.0,4031.0,0,1,0,0
300.5,310.7,1654,28.6,161,10.199999999999989,4953.705184082433,47304.4,4604.6,1,0,0,0
303.4,311.9,1419,50.9,39,8.5,7563.604225003178,72227.09999999999,1985.1,0,0,1,0
303.9,313.2,1590,31.9,5,9.300000000000011,5311.490699424262,50721.0,159.5,0,1,0,0
301.7,311.2,1482,43.6,154,9.5,6766.487921007842,64615.200000000004,6714.400000000001,0,1,0,0
301.1,310.9,1282,67.9,10,9.799999999999955,9115.624299705121,87047.8,679.0,0,1,0,1
298.9,310.4,1546,37.7,159,11.5,6103.507151345274,58284.200000000004,5994.3,0,1,0,0
297.9,307.4,1606,35.5,14,9.5,5970.387398637163,57013.0,497.0,0,1,0,0
297.0,308.1,1410,47.6,79,11.100000000000023,7028.371084611086,67116.0,3760.4,1,0,0,0
302.4,310.7,1521,40.4,152,8.300000000000011,6434.8614004949,61448.4,6140.8,0,0,1,0
298.2,308.4,1478,42.9,183,10.199999999999989,6639.881737068171,63406.2,7850.7,0,1,0,0
298.2,308.3,1304,49.8,45,10.100000000000023,6800.41712166661,64939.2,2241.0,0,1,0,0
300.5,309.9,1483,49.3,124,9.399999999999977,7656.260264333052,73111.9,6113.2,0,0,1,0
298.8,308.6,1707,28.1,103,9.800000000000011,5023.0610778981845,47966.700000000004,2894.3,0,0,1,0
300.5,312.0,1779,27.7,46,11.5,5160.41150871313,49278.299999999996,1274.2,0,0,1,0
303.4,312.2,1561,38.2,45,8.800000000000011,6244.459941736337,59630.200000000004,1719.0000000000002,0,0,1,0
303.7,312.7,1669,31.7,120,9.0,5540.439500042376,52907.299999999996,3804.0,0,0,1,0
300.6,311.9,1413,41.3,43,11.299999999999955,6111.120277542473,58356.899999999994,1775.8999999999999,0,1,0,0
296.9,307.8,1605,37.0,84,10.900000000000034,6218.782657780996,59385.0,3108.0,0,1,0,0
301.9,309.7,1568,37.5,135,7.800000000000011,6157.5216010359945,58800.0,5062.5,0,0,1,0
301.8,310.6,1451,50.7,108,8.800000000000011,7703.782089206355,73565.7,5475.6,0,1,0,0
302.4,310.1,1906,21.2,110,7.7000000000000455,4231.432089071117,40407.2,2332.0,0,1,0,0
301.4,310.4,1334,43.2,133,9.0,6034.873823839849,57628.8,5745.6,0,1,0,0
300.2,311.6,1547,37.7,217,11.400000000000034,6107.455086113286,58321.9,8180.900000000001,1,0,0,0
302.0,309.9,1388,51.4,183,7.899999999999977,7471.042433452911,71343.2,9406.199999999999,0,1,0,0
299.2,308.4,1350,51.3,96,9.199999999999989,7252.366640812037,69255.0,4924.799999999999,0,1,0,0
297.4,309.0,1570,37.9,154,11.600000000000023,6231.139588885116,59503.0,5836.599999999999,0,1,0,0
299.0,310.1,1375,48.9,59,11.100000000000023,7041.094534858123,67237.5,2885.1,0,1,0,0
298.3,308.6,1570,34.8,175,10.300000000000011,5721.468540717731,54635.99999999999,6089.999999999999,0,1,0,0
298.4,308.2,1987,19.8,198,9.800000000000011,4119.9474377707265,39342.6,3920.4,1,0,0,0
295.6,306.1,1256,62.3,142,10.5,8194.195174407234,78248.8,8846.6,1,0,0,0
296.7,307.4,1533,32.5,182,10.699999999999989,5217.399999449249,49822.5,5915.0,0,0,1,0
302.3,310.9,1377,46.8,166,8.599999999999966,6748.518011029306,64443.6,7768.799999999999,0,1,0,1
301.3,311.0,1463,50.2,214,9.699999999999989,7690.891087351127,73442.6,10742.800000000001,0,0,1,0
298.3,308.5,1434,46.2,148,10.199999999999989,6937.767552481556,66250.8,6837.6,0,0,1,0
300.3,310.4,1336,54.4,52,10.099999999999966,7610.864250488682,72678.4,2828.7999999999997,0,1,0,0
298.1,308.1,1390,49.8,85,10.0,7248.910888893088,69222.0,4233.0,0,0,1,0
302.4,311.1,1880,24.5,156,8.700000000000045,4823.391920811529,46060.0,3822.0,0,1,0,0
300.3,309.8,1466,41.2,156,9.5,6324.989433423354,60399.200000000004,6427.200000000001,0,1,0,0
300.4,311.7,1478,39.9,185,11.300000000000011,6175.554342867599,58972.2,7381.5,0,0,1,0
297.2,308.1,1770,27.2,140,10.900000000000034,5041.6278904809,48144.0,3808.0,1,0,0,0
300.3,309.1,1699,30.3,178,8.800000000000011,5390.941577633549,51479.700000000004,5393.400000000001,0,1,0,0
298.0,308.6,1610,33.1,56,10.600000000000023,5580.620470081789,53291.0,1853.6000000000001,0,1,0,0
300.2,311.5,1549,37.2,67,11.300000000000011,6034.245505309132,57622.8,2492.4,0,1,0,0
301.0,310.9,1392,52.9,173,9.899999999999977,7711.227663795363,73636.8,9151.699999999999,0,1,0,0
303.9,313.0,1433,48.4,178,9.100000000000023,7263.068999785266,69357.2,8615.199999999999,0,1,0,0
302.2,311.6,1379,42.9,13,9.400000000000034,6195.126465099464,59159.1,557.6999999999999,0,0,1,0
302.4,311.0,1555,40.6,205,8.600000000000023,6611.272299969481,63133.0,8323.0,0,1,0,0
302.3,311.7,1442,41.7,127,9.399999999999977,6296.94548300231,60131.4,5295.900000000001,0,0,1,0
302.1,311.4,1603,35.9,104,9.299999999999955,6026.381051699645,57547.7,3733.6,0,1,0,0
297.0,307.8,1579,34.1,94,10.800000000000011,5638.5200226874485,53843.9,3205.4,0,0,1,0
302.3,311.3,1652,32.8,108,9.0,5674.302763011837,54185.6,3542.3999999999996,0,1,0,0
300.4,309.8,1409,47.5,138,9.400000000000034,7008.63141077103,66927.5,6555.0,1,0,0,0
298.8,309.8,1490,38.6,127,11.0,6022.851995952113,57514.0,4902.2,0,0,1,0
301.8,311.1,1597,29.8,177,9.300000000000011,4983.67597799768,47590.6,5274.6,0,0,1,0
300.9,312.1,1423,40.2,63,11.200000000000045,5990.451703718089,57204.600000000006,2532.6000000000004,0,1,0,0
302.6,312.3,1534,34.3,31,9.699999999999989,5509.955579327042,52616.2,1063.3,0,1,0,0
300.2,310.1,1474,44.0,198,9.900000000000034,6791.704438040655,64856.0,8712.0,0,0,1,0
304.2,313.5,1739,28.1,80,9.300000000000011,5117.225081701782,48865.9,2248.0,0,0,1,0
298.2,307.8,2029,19.9,96,9.600000000000023,4228.280024442014,40377.1,1910.3999999999999,0,1,0,0
295.7,306.2,2270,14.6,149,10.5,3470.622124175764,33142.0,2175.4,0,1,0,1
302.1,311.5,1383,53.6,108,9.399999999999977,7762.749783314236,74128.8,5788.8,0,0,1,0
298.9,310.1,1469,53.2,189,11.200000000000045,8183.9326384055075,78150.8,10054.800000000001,0,0,1,0
301.5,310.4,1350,54.9,153,8.899999999999977,7761.304650693584,74115.0,8399.699999999999,0,0,1,0
298.6,310.0,1522,40.3,32,11.399999999999977,6423.153731872522,61336.6,1289.6,0,1,0,0
301.0,310.9,1765,24.2,179,9.899999999999977,4472.894900426028,42713.0,4331.8,0,0,1,0
299.8,309.2,1504,38.7,212,9.399999999999977,6095.1924027887735,58204.8,8204.400000000001,0,1,0,0
300.7,310.8,1724,30.0,76,10.100000000000023,5416.105734788804,51720.0,2280.0,0,0,1,0
300.0,311.4,1484,37.0,183,11.399999999999977,5749.952314110278,54908.0,6771.0,0,1,0,0
300.9,310.1,2090,17.8,133,9.200000000000045,3895.7843299615834,37202.0,2367.4,0,1,0,0
302.4,310.3,1900,24.4,113,7.900000000000034,4854.807847347427,46360.0,2757.2,0,1,0,0
301.2,312.4,1505,39.6,102,11.199999999999989,6241.087965621483,59598.0,4039.2000000000003,0,0,1,0
302.2,311.3,1378,55.5,35,9.100000000000023,8008.862151796459,76479.0,1942.5,0,1,0,0
303.5,313.0,1547,40.3,73,9.5,6528.65888515558,62344.1,2941.8999999999996,0,1,0,0
299.7,311.1,1649,32.7,185,11.400000000000034,5646.73005148883,53922.3,6049.500000000001,0,0,1,0
301.9,311.3,1501,40.8,59,9.400000000000034,6413.121579332061,61240.799999999996,2407.2,0,1,0,0
297.6,308.6,1326,62.4,173,11.0,8664.763866012936,82742.4,10795.199999999999,0,1,0,0
302.9,310.8,1610,32.2,17,7.900000000000034,5428.881544913402,51842.00000000001,547.4000000000001,0,1,0,0
300.7,310.9,1637,37.2,115,10.199999999999989,6377.05609566885,60896.4,4278.0,0,1,0,0
300.1,309.4,1694,27.4,44,9.299999999999955,4860.63026573208,46415.6,1205.6,0,1,0,0
301.6,310.4,1452,45.7,164,8.799999999999955,6948.825958622192,66356.40000000001,7494.8,0,0,1,0
297.4,308.3,1284,60.3,50,10.900000000000034,8107.947984090681,77425.2,3015.0,0,1,0,0
298.2,308.3,1824,24.2,49,10.100000000000023,4622.413766785878,44140.799999999996,1185.8,1,0,0,0
301.0,310.9,1570,34.0,192,9.899999999999977,5589.9405282874395,53380.0,6528.0,0,1,0,0
295.6,306.3,1911,20.9,74,10.699999999999989,4182.496547503699,39939.899999999994,1546.6,0,1,0,0
303.8,313.1,1394,45.4,36,9.300000000000011,6627.461974110979,63287.6,1634.3999999999999,0,1,0,0
299.5,309.4,1602,31.5,193,9.899999999999977,5284.473002603391,50463.0,6079.5,0,1,0,0
300.1,311.3,1305,64.7,66,11.199999999999989,8841.855443895793,84433.5,4270.2,0,1,0,0
300.9,310.7,1609,28.7,39,9.800000000000011,4835.780267842184,46178.299999999996,1119.3,1,0,0,0
302.9,312.3,1426,44.7,157,9.400000000000034,6675.067574788377,63742.200000000004,7017.900000000001,0,0,1,0
298.0,307.7,1621,34.9,194,9.699999999999989,5924.300234409,56572.899999999994,6770.599999999999,0,0,1,0
301.4,310.6,1578,33.0,181,9.200000000000045,5453.176528101163,52074.0,5973.0,0,1,0,0
299.1,310.3,1411,42.1,74,11.199999999999989,6220.678085348662,59403.1,3115.4,0,1,0,0
299.0,308.7,2248,16.8,204,9.699999999999989,3954.888159751119,37766.4,3427.2000000000003,0,1,0,0
301.9,311.0,1541,38.9,193,9.100000000000023,6277.415248672492,59944.899999999994,7507.7,0,1,0,0
298.5,309.9,1482,42.1,15,11.399999999999977,6533.695905376838,62392.200000000004,631.5,0,1,0,0
301.8,310.3,1341,50.5,64,8.5,7091.67417658092,67720.5,3232.0,0,1,0,1
298.9,310.0,1323,52.9,106,11.100000000000023,7328.990085633092,69986.7,5607.4,0,0,1,0
300.7,310.1,1542,35.5,191,9.400000000000034,5732.464115005296,54741.0,6780.5,0,1,0,0
297.2,308.5,1482,39.3,187,11.300000000000011,6099.150809532297,58242.6,7349.099999999999,1,0,0,0
304.0,313.2,1612,31.7,206,9.199999999999989,5351.221374516662,51100.4,6530.2,1,0,0,0
300.1,311.5,1454,52.4,90,11.399999999999977,7978.556254664831,76189.59999999999,4716.0,0,1,0,0
298.4,308.1,1279,53.1,9,9.700000000000045,7112.031696976182,67914.90000000001,477.90000000000003,0,1,0,0
297.3,308.5,1503,43.3,90,11.199999999999989,6815.151191211945,65079.899999999994,3896.9999999999995,0,1,0,0
303.7,312.8,1832,23.6,35,9.100000000000023,4527.579556549514,43235.200000000004,826.0,0,1,0,0
300.1,310.1,1306,64.7,57,10.0,8848.630812052035,84498.2,3687.9,0,1,0,0
299.4,310.4,1582,31.7,181,11.0,5251.6328873978655,50149.4,5737.7,0,1,0,0
298.6,309.6,1397,54.1,47,11.0,7914.47823650711,75577.7,2542.7000000000003,0,0,1,0
299.2,308.5,1370,52.4,61,9.300000000000011,7517.621780530135,71788.0,3196.4,0,1,0,0
301.5,310.6,1382,58.1,67,9.100000000000023,8408.388961528985,80294.2,3892.7000000000003,0,0,1,0
299.0,308.7,1706,28.6,206,9.699999999999989,5109.444403896391,48791.600000000006,5891.6,0,1,0,0
300.7,311.0,1418,49.3,106,10.300000000000011,7320.685809052104,69907.4,5225.799999999999,0,0,1,0
299.1,308.3,1506,38.0,125,9.199999999999989,5992.9021459878895,57228.0,4750.0,0,0,1,0
297.5,309.0,1470,43.5,191,11.5,6696.304741126643,63945.0,8308.5,0,1,0,0
300.9,312.0,1720,27.9,202,11.100000000000023,5025.291608682232,47988.0,5635.799999999999,1,0,0,0
297.4,308.7,1468,46.6,94,11.300000000000011,7163.752784029783,68408.8,4380.400000000001,0,1,0,0
302.7,310.6,1686,26.3,9,7.900000000000034,4643.46243756493,44341.8,236.70000000000002,0,1,0,0
304.0,313.0,1350,61.1,88,9.0,8637.809001045136,82485.0,5376.8,0,1,0,0
301.9,309.6,1385,45.8,217,7.7000000000000455,6642.688226505378,63432.99999999999,9938.599999999999,0,0,1,0
299.1,308.3,1521,36.5,40,9.199999999999989,5813.674285100591,55516.5,1460.0,1,0,0,0
297.3,308.3,1504,36.3,45,11.0,5717.195974708849,54595.2,1633.4999999999998,0,1,0,0
298.8,309.9,1495,35.2,214,11.099999999999966,5510.772393416976,52624.00000000001,7532.8,0,0,1,0
300.7,310.6,1540,52.7,85,9.900000000000034,8498.845886001349,81158.0,4479.5,0,1,0,0
300.8,310.1,1686,26.9,128,9.300000000000011,4749.396941843977,45353.399999999994,3443.2,0,0,1,0
297.5,308.8,1477,39.0,127,11.300000000000011,6032.172054157761,57603.0,4953.0,0,1,0,0
297.2,308.6,1498,44.4,9,11.400000000000034,6965.036576714715,66511.2,399.59999999999997,0,0,1,0
300.2,309.5,1356,51.1,133,9.300000000000011,7256.199383849416,69291.6,6796.3,0,1,0,0
300.6,312.0,1430,42.7,130,11.399999999999977,6394.292967361546,61061.00000000001,5551.0,0,1,0,0
296.3,307.1,1654,29.6,188,10.800000000000011,5126.911659050351,48958.4,5564.8,0,1,0,0
297.3,308.0,1527,35.1,165,10.699999999999989,5612.738018976988,53597.700000000004,5791.5,0,1,0,0
301.6,310.4,1455,39.0,118,8.799999999999955,5942.322504265094,56745.0,4602.0,0,0,1,0
302.5,310.3,1405,57.4,152,7.800000000000011,8445.334091135202,80647.0,8724.8,0,1,0,0
299.3,308.6,1520,41.4,67,9.300000000000011,6589.80475016995,62928.0,2773.7999999999997,1,0,0,0
298.9,310.3,1496,36.3,161,11.400000000000034,5686.785357822099,54304.799999999996,5844.299999999999,0,1,0,0
297.5,308.6,1437,43.3,34,11.100000000000023,6515.883075030983,62222.1,1472.1999999999998,0,1,0,0
300.4,311.7,1460,39.6,162,11.300000000000011,6054.47736199825,57816.0,6415.2,0,1,0,0
302.1,311.5,1477,45.4,111,9.399999999999977,7022.0669553528805,67055.8,5039.4,0,1,0,0
299.2,308.3,1582,45.5,107,9.100000000000023,7537.83269326823,71981.0,4868.5,0,0,1,0
302.1,310.7,1314,52.8,8,8.599999999999966,7265.372834397899,69379.2,422.4,0,1,0,1
300.9,310.5,1894,21.9,188,9.600000000000023,4343.62883470632,41478.6,4117.2,0,1,0,0
299.7,310.6,1479,38.0,137,10.900000000000034,5885.459677235119,56202.0,5206.0,0,1,0,0
298.0,308.6,1626,33.3,50,10.600000000000023,5670.134916758074,54145.799999999996,1664.9999999999998,0,1,0,0
301.1,309.6,1502,48.9,160,8.5,7691.435630077745,73447.8,7824.0,0,1,0,0
302.2,310.9,1531,37.5,60,8.699999999999989,6012.222940807467,57412.5,2250.0,0,1,0,0
297.9,309.5,1390,47.9,127,11.600000000000023,6972.346015622067,66581.0,6083.3,0,1,0,0
299.6,311.0,1714,30.2,128,11.399999999999977,5420.587740307925,51762.799999999996,3865.6,1,0,0,0
297.8,307.5,1372,54.1,157,9.699999999999989,7772.844767707771,74225.2,8493.7,0,1,0,0
299.1,308.5,1689,32.1,192,9.399999999999977,5677.580491347082,54216.9,6163.200000000001,0,1,0,0
298.5,309.5,1315,48.9,127,11.0,6733.846773337042,64303.5,6210.3,0,0,1,0
298.3,310.1,1545,36.3,90,11.800000000000011,5873.050386253439,56083.49999999999,3266.9999999999995,0,1,0,0
303.4,312.2,1580,35.8,90,8.800000000000011,5923.368228588435,56563.99999999999,3221.9999999999995,0,1,0,0
301.5,310.5,1453,48.0,124,9.0,7303.574601065551,69744.0,5952.0,1,0,0,0
300.4,311.2,1530,32.0,169,10.800000000000011,5127.079210658542,48960.0,5408.0,0,1,0,0
298.1,308.6,1551,42.8,0,10.5,6951.590560157351,66382.79999999999,0.0,0,0,1,0
297.8,308.9,1506,33.5,26,11.099999999999966,5283.216365541955,50451.0,871.0,0,1,0,0
297.4,309.1,1582,35.9,180,11.700000000000045,5947.4328283149325,56793.799999999996,6462.0,0,0,1,0
300.2,309.6,1430,52.7,47,9.400000000000034,7891.7854655726815,75361.0,2476.9,0,1,0,0
300.3,311.6,1463,41.6,102,11.300000000000011,6373.328072386591,60860.8,4243.2,1,0,0,0
302.0,310.8,1445,49.1,2,8.800000000000011,7429.814265862301,70949.5,98.2,0,1,0,0
302.6,312.2,1458,38.8,34,9.599999999999966,5924.0384350212,56570.399999999994,1319.1999999999998,0,0,1,0
297.2,308.4,2182,17.3,119,11.199999999999989,3953.024148109989,37748.6,2058.7000000000003,1,0,0,0
300.4,311.7,1508,45.4,164,11.300000000000011,7169.44953870829,68463.2,7445.599999999999,0,0,1,0
300.1,310.2,1429,42.0,206,10.099999999999966,6285.07026277174,60018.0,8652.0,0,0,1,0
301.4,310.4,1388,45.3,188,9.0,6584.401210805775,62876.399999999994,8516.4,0,1,0,0
302.6,312.4,1410,50.3,33,9.799999999999955,7427.03919235163,70923.0,1659.8999999999999,0,0,1,0
300.7,309.5,1685,31.1,27,8.800000000000011,5487.681687413092,52403.5,839.7,0,1,0,0
301.6,310.8,1418,44.7,46,9.199999999999989,6637.619790357588,63384.600000000006,2056.2000000000003,0,1,0,0
299.9,311.3,1802,24.4,151,11.400000000000034,4604.401968905296,43968.799999999996,3684.3999999999996,0,1,0,0
298.5,309.4,1414,46.7,102,10.899999999999977,6915.043365620589,66033.8,4763.400000000001,1,0,0,0
300.8,310.8,1466,45.2,188,10.0,6939.066077445039,66263.2,8497.6,1,0,0,0
301.2,310.8,1479,41.2,155,9.600000000000023,6381.077334265445,60934.8,6386.0,0,1,0,0
303.6,313.0,1534,39.7,115,9.399999999999977,6377.412142836257,60899.8,4565.5,0,1,0,0
302.3,311.7,1465,43.5,117,9.399999999999977,6673.528194388118,63727.5,5089.5,0,1,0,0
300.2,311.6,1751,28.0,162,11.400000000000034,5134.200154006679,49028.0,4536.0,0,0,1,0
303.4,311.8,2268,15.8,20,8.400000000000034,3752.569592859936,35834.4,316.0,0,1,0,0
302.2,311.7,1471,45.6,140,9.5,7024.349846014491,67077.6,6384.0,0,1,0,0
300.5,309.3,1589,34.9,91,8.800000000000011,5807.349211891365,55456.1,3175.9,0,0,1,0
297.4,308.8,1651,34.1,163,11.400000000000034,5895.627965457237,56299.100000000006,5558.3,0,1,0,0
296.8,308.0,1497,41.7,231,11.199999999999989,6537.120241369249,62424.9,9632.7,0,1,0,0
297.3,308.3,2188,17.0,32,11.0,3895.1560114308645,37196.0,544.0,0,1,0,0
300.7,310.6,1505,35.6,105,9.900000000000034,5610.675039801131,53578.0,3738.0,0,0,1,0
298.0,307.6,1694,29.1,169,9.600000000000023,5162.202216525677,49295.4,4917.900000000001,0,1,0,0
299.3,308.8,1550,45.8,170,9.5,7434.055415944647,70990.0,7785.999999999999,0,1,0,0
300.3,311.7,1707,33.6,158,11.399999999999977,6006.222498839111,57355.200000000004,5308.8,0,1,0,0
301.2,310.3,1499,38.1,61,9.100000000000023,5980.744182418497,57111.9,2324.1,0,1,0,0
302.2,310.4,1743,28.1,170,8.199999999999989,5128.995582177232,48978.3,4777.0,0,1,0,0
301.2,310.6,1389,45.3,64,9.400000000000034,6589.145015712695,62921.7,2899.2,0,1,0,0
298.8,308.7,1591,31.1,68,9.899999999999977,5181.543955296277,49480.100000000006,2114.8,0,1,0,0
298.8,308.8,1555,40.6,61,10.0,6611.272299969481,63133.0,2476.6,0,1,0,0
297.3,308.6,1511,35.7,120,11.300000000000011,5648.866334493271,53942.700000000004,4284.0,0,1,0,0
304.2,313.4,1713,23.5,50,9.199999999999989,4215.546102219464,40255.5,1175.0,0,0,1,0
302.4,310.9,1560,31.8,172,8.5,5194.937611976082,49608.0,5469.6,0,1,0,0
297.0,307.7,1834,23.8,195,10.699999999999989,4570.933535169053,43649.200000000004,4641.0,1,0,0,0
300.7,311.8,1564,36.8,11,11.100000000000023,6027.1664498630425,57555.2,404.79999999999995,0,1,0,0
298.1,308.7,1341,55.7,30,10.599999999999966,7821.9059729813325,74693.7,1671.0,0,1,0,0
301.3,311.1,1647,28.2,140,9.800000000000011,4863.750914434647,46445.4,3948.0,0,1,0,0
297.4,308.5,1369,53.2,43,11.100000000000023,7626.8235411689175,72830.8,2287.6,0,1,0,0
300.8,309.6,1680,28.7,22,8.800000000000011,5049.167712849516,48216.0,631.4,0,1,0,0
300.6,310.0,1658,34.7,88,9.399999999999977,6024.799783397339,57532.600000000006,3053.6000000000004,0,1,0,0
300.5,309.8,1324,72.8,159,9.300000000000011,10093.643980669669,96387.2,11575.199999999999,1,0,0,1
296.2,307.2,1389,48.6,7,11.0,7069.14895725468,67505.40000000001,340.2,0,0,1,0
303.4,312.0,1521,35.9,215,8.600000000000023,5718.107036578389,54603.9,7718.5,0,1,0,1
297.0,307.9,1493,46.1,173,10.899999999999977,7207.57800154736,68827.3,7975.3,0,1,0,0
298.6,309.9,1393,45.5,38,11.299999999999955,6637.295159116717,63381.5,1729.0,0,1,0,0
302.3,311.7,1400,41.6,136,9.399999999999977,6098.878538168984,58240.0,5657.6,0,1,0,0
298.2,307.9,1847,23.6,69,9.699999999999989,4564.650349861874,43589.200000000004,1628.4,0,1,0,0
301.6,310.7,1813,24.6,210,9.099999999999966,4670.480134385802,44599.8,5166.0,0,0,1,0
300.5,309.3,1475,46.8,94,8.800000000000011,7228.804695910114,69030.0,4399.2,0,1,0,0
300.7,309.7,1523,38.2,73,9.0,6092.448745204639,58178.600000000006,2788.6000000000004,0,0,1,0
303.4,311.8,1366,50.9,200,8.400000000000034,7281.1017416168725,69529.4,10180.0,0,1,0,1
298.2,308.4,1678,34.6,81,10.199999999999989,6079.903318541303,58058.8,2802.6,1,0,0,0
301.0,311.9,1454,41.9,33,10.899999999999977,6379.799753252984,60922.6,1382.7,0,1,0,0
300.0,311.1,1425,47.8,179,11.100000000000023,7132.986119975623,68115.0,8556.199999999999,0,1,0,0
297.0,307.8,1583,37.2,189,10.800000000000011,6166.695051584477,58887.600000000006,7030.8,0,1,0,0
299.2,310.5,1384,48.7,93,11.300000000000011,7058.195270869164,67400.8,4529.1,0,1,0,0
302.9,312.3,1339,52.1,145,9.400000000000034,7305.449084682194,69761.90000000001,7554.5,0,0,1,0
299.1,308.6,2329,14.6,95,9.5,3560.827721235839,34003.4,1387.0,0,0,1,0
301.4,310.7,1280,61.0,106,9.300000000000011,8176.518479743035,78080.0,6466.0,0,1,0,0
297.9,307.8,1451,38.2,80,9.900000000000034,5804.427530723526,55428.200000000004,3056.0,0,1,0,0
300.7,309.8,1363,53.1,183,9.100000000000023,7579.123692711912,72375.3,9717.300000000001,0,1,0,0
298.9,310.1,1491,45.3,133,11.200000000000045,7073.013116218595,67542.3,6024.9,1,0,0,0
302.2,311.6,1534,37.2,41,9.400000000000034,5975.811881952362,57064.8,1525.2,1,0,0,0
303.6,311.8,1567,31.7,97,8.199999999999989,5201.838643838468,49673.9,3074.9,0,1,0,0
301.5,310.5,1479,34.2,147,9.0,5296.9137095116075,50581.8,5027.400000000001,0,1,0,0
303.7,312.3,1922,23.1,193,8.600000000000023,4649.3686317536785,44398.200000000004,4458.3,0,1,0,0
298.8,310.0,1486,38.5,55,11.199999999999989,5991.121910150855,57211.0,2117.5,0,0,1,0
301.2,310.8,1734,31.3,64,9.600000000000023,5683.580933315438,54274.200000000004,2003.2,0,0,1,0
300.7,311.1,1478,46.8,165,10.400000000000034,7243.507349528913,69170.4,7721.999999999999,0,1,0,0
297.8,307.4,1330,51.7,183,9.599999999999966,7200.635081782925,68761.0,9461.1,0,0,1,0
301.4,310.7,1786,26.1,123,9.300000000000011,4881.469497000893,46614.600000000006,3210.3,0,1,0,0
303.7,312.7,1426,45.5,192,9.0,6794.531871428884,64883.0,8736.0,0,1,0,0
300.5,309.3,1417,51.5,231,8.800000000000011,7641.976489734731,72975.5,11896.5,0,1,0,1
298.2,308.0,1577,35.9,151,9.800000000000011,5928.635632270954,56614.299999999996,5420.9,0,0,1,0
298.2,309.2,1922,22.6,132,11.0,4548.732947083686,43437.200000000004,2983.2000000000003,0,1,0,0
299.3,309.2,1541,37.2,118,9.899999999999977,6003.080906185521,57325.200000000004,4389.6,0,1,0,0
300.5,311.6,1425,42.4,102,11.100000000000023,6327.167604329842,60420.0,4324.8,0,1,0,0
299.0,310.2,1477,37.9,60,11.199999999999989,5862.03386801485,55978.299999999996,2274.0,0,1,0,0
300.5,309.4,1877,23.8,31,8.899999999999977,4678.103732558513,44672.6,737.8000000000001,0,0,1,0
301.7,310.6,1471,43.8,80,8.900000000000034,6747.072878408655,64429.799999999996,3504.0,0,1,0,0
299.4,309.1,1207,66.5,66,9.700000000000045,8405.383504557052,80265.5,4389.0,0,1,0,0
302.4,310.1,1426,46.8,95,7.7000000000000455,6988.661353469709,66736.8,4446.0,0,1,0,0
300.6,310.6,1497,38.2,83,10.0,5988.441084419792,57185.4,3170.6000000000004,0,1,0,0
297.5,308.4,1350,52.2,157,10.899999999999977,7379.601143282424,70470.0,8195.4,0,0,1,0
299.6,310.9,1448,46.3,196,11.299999999999955,7020.663710634278,67042.4,9074.8,0,1,0,0
298.9,309.0,1601,32.3,202,10.100000000000023,5415.299392674381,51712.299999999996,6524.599999999999,0,1,0,0
296.3,307.2,1637,31.6,27,10.899999999999977,5417.069156535904,51729.200000000004,853.2,0,1,0,0
302.6,312.1,1519,38.1,178,9.5,6060.540635819678,57873.9,6781.8,0,1,0,0
300.7,310.8,1653,31.6,111,10.100000000000023,5470.015464724404,52234.8,3507.6000000000004,0,1,0,0
300.6,311.7,1556,34.9,76,11.099999999999966,5686.743469920052,54304.399999999994,2652.4,0,1,0,0
298.8,309.1,1472,47.5,125,10.300000000000011,7322.00527796661,69920.0,5937.5,0,0,1,0
297.4,308.3,1465,42.0,13,10.900000000000034,6443.406532512666,61530.0,546.0,0,1,0,0
296.1,306.8,1645,31.0,41,10.699999999999989,5340.18391232705,50995.0,1271.0,1,0,0,0
301.1,310.7,1583,40.7,2,9.599999999999966,6746.894854824953,64428.100000000006,81.4,0,0,1,0
300.7,310.5,1567,38.7,129,9.800000000000011,6350.509637746016,60642.9,4992.3,1,0,0,0
301.5,310.8,1413,44.6,166,9.300000000000011,6599.418023689935,63019.8,7403.6,0,1,0,0
299.1,308.9,1617,32.3,223,9.799999999999955,5469.418562120221,52229.1,7202.9,0,1,0,0
297.9,307.6,1612,30.7,134,9.700000000000045,5182.41312926377,49488.4,4113.8,0,1,0,0
303.5,312.9,1544,36.9,87,9.399999999999977,5966.261440285448,56973.6,3210.2999999999997,0,1,0,0
301.4,310.7,1329,52.0,160,9.300000000000011,7236.9728368094475,69108.0,8320.0,1,0,0,0
298.2,307.9,1462,38.8,124,9.699999999999989,5940.290941015773,56725.6,4811.2,0,0,1,0
300.7,310.7,1425,45.3,48,10.0,6759.921992361836,64552.49999999999,2174.3999999999996,0,1,0,0
300.1,309.0,1612,33.0,34,8.899999999999977,5570.672093345421,53196.0,1122.0,0,0,1,0
301.7,310.3,1397,44.6,57,8.600000000000023,6524.690006436545,62306.200000000004,2542.2000000000003,0,1,0,0
299.5,309.1,1420,49.5,5,9.600000000000023,7360.7515873608845,70290.0,247.5,0,0,1,0
298.8,308.6,1584,34.4,42,9.800000000000011,5706.137568568212,54489.6,1444.8,0,1,0,0
300.8,312.0,1374,50.2,154,11.199999999999989,7223.02416542751,68974.8,7730.8,0,1,0,0
301.9,310.3,1653,32.4,100,8.400000000000034,5608.496868894642,53557.2,3240.0,1,0,0,0
302.4,311.4,1508,41.2,60,9.0,6506.196497682414,62129.600000000006,2472.0,0,0,1,0
298.3,310.1,1408,45.3,78,11.800000000000011,6679.277308944186,63782.399999999994,3533.3999999999996,0,1,0,0
303.4,311.8,1438,58.9,22,8.400000000000034,8869.574763075967,84698.2,1295.8,0,1,0,0
301.5,310.4,1276,55.6,158,8.899999999999977,7429.405858817334,70945.6,8784.800000000001,0,0,1,0
296.5,307.6,1607,33.5,104,11.100000000000023,5637.535656989324,53834.5,3484.0,0,1,0,0
300.9,310.0,2595,13.7,207,9.100000000000023,3722.944374136584,35551.5,2835.8999999999996,0,1,0,0
300.8,310.9,1398,38.2,50,10.099999999999966,5592.411914508263,53403.600000000006,1910.0000000000002,0,1,0,0
301.8,310.8,1383,46.4,37,9.0,6719.992349734711,64171.2,1716.8,0,1,0,0
300.5,311.6,1246,52.9,165,11.100000000000023,6902.435107104182,65913.4,8728.5,0,0,1,0
297.3,308.8,1548,41.3,140,11.5,6694.985272212136,63932.399999999994,5782.0,0,0,1,0
298.8,308.4,1369,53.0,138,9.599999999999966,7598.151272217154,72557.0,7314.0,0,1,0,0
297.3,308.2,1553,33.5,2,10.899999999999977,5448.097619977859,52025.5,67.0,0,1,0,0
300.7,310.2,1877,24.8,64,9.5,4874.662712918114,46549.6,1587.2,1,0,0,0
300.2,311.6,1500,39.0,174,11.400000000000034,6126.105674500097,58500.0,6786.0,0,1,0,0
302.4,311.0,1486,40.4,192,8.600000000000023,6286.787666755702,60034.4,7756.799999999999,0,1,0,0
298.3,309.3,1401,51.9,14,11.0,7614.3723622851885,72711.9,726.6,0,1,0,0
298.1,308.0,1638,35.1,38,9.899999999999977,6020.736656898695,57493.8,1333.8,0,1,0,0
299.8,311.1,1300,64.2,165,11.300000000000011,8739.910762286805,83460.0,10593.0,0,1,0,0
296.8,308.2,1361,53.8,193,11.399999999999977,7667.768965420704,73221.8,10383.4,0,1,0,0
297.6,308.3,1410,47.0,191,10.699999999999989,6939.778171779853,66270.0,8977.0,0,1,0,0
299.0,310.4,1981,21.2,125,11.399999999999977,4397.936499711375,41997.2,2650.0,0,1,0,0
297.7,308.1,1697,29.1,179,10.400000000000034,5171.344251147623,49382.700000000004,5208.900000000001,0,1,0,0
302.1,310.9,1666,30.7,203,8.799999999999955,5356.017539301143,51146.2,6232.099999999999,0,1,0,0
300.2,310.5,1416,46.7,90,10.300000000000011,6924.824190748766,66127.2,4203.0,0,1,0,0
300.6,310.7,1438,48.5,78,10.099999999999966,7303.469881310431,69743.0,3783.0,0,1,0,1
300.6,311.7,1432,39.2,2,11.099999999999966,5878.38062178903,56134.4,78.4,0,1,0,0
298.4,309.4,1429,41.8,203,11.0,6255.141356758541,59732.2,8485.4,0,0,1,0
297.8,309.1,1424,45.5,2,11.300000000000011,6785.002373712997,64792.0,91.0,0,0,1,0
297.4,309.4,1466,45.5,53,12.0,6985.121825746665,66703.0,2411.5,0,1,0,0
300.3,309.6,1597,31.8,73,9.300000000000011,5318.150875849873,50784.6,2321.4,0,1,0,0
299.8,309.4,1510,42.5,146,9.599999999999966,6720.390284804165,64175.0,6205.0,0,1,0,0
302.2,311.3,1521,40.6,52,9.100000000000023,6466.717150002301,61752.6,2111.2000000000003,0,0,1,0
301.2,310.1,2280,15.7,11,8.900000000000034,3748.548354263341,35796.0,172.7,0,0,1,0
299.4,309.0,1939,19.8,204,9.600000000000023,4020.4217825050023,38392.200000000004,4039.2000000000003,0,0,1,0
297.2,308.8,1451,43.1,68,11.600000000000023,6548.974517648795,62538.1,2930.8,0,1,0,0
302.3,311.7,1368,53.6,165,9.399999999999977,7678.555100198028,73324.8,8844.0,0,0,1,0
302.0,310.5,1567,36.1,124,8.5,5923.860411437498,56568.700000000004,4476.400000000001,0,1,0,0
297.5,308.8,1455,46.1,147,11.300000000000011,7024.129934528739,67075.5,6776.7,0,0,1,0
301.3,311.0,1554,47.7,84,9.699999999999989,7762.435624048876,74125.8,4006.8,0,1,0,0
300.5,311.1,1547,37.2,7,10.600000000000023,6026.454355528229,57548.4,260.40000000000003,0,1,0,0
296.8,308.1,1289,62.0,199,11.300000000000011,8368.99338965297,79918.0,12338.0,0,1,0,1
300.2,311.7,1397,50.2,71,11.5,7343.933594688668,70129.40000000001,3564.2000000000003,0,0,1,0
299.2,308.4,1476,32.7,101,9.199999999999989,5054.3199248014025,48265.200000000004,3302.7000000000003,0,0,1,0
299.1,310.4,1594,33.3,147,11.299999999999955,5558.545545702565,53080.2,4895.099999999999,0,1,0,0
301.5,310.6,1522,36.6,202,9.100000000000023,5833.434902891671,55705.200000000004,7393.200000000001,0,1,0,0
303.8,312.6,1735,25.9,154,8.800000000000011,4705.739275934591,44936.5,3988.6,0,1,0,0
301.1,310.2,1850,27.7,44,9.099999999999966,5366.363851106965,51245.0,1218.8,0,0,1,0
296.9,307.9,1423,43.9,149,11.0,6541.81168639861,62469.7,6541.099999999999,0,1,0,0
304.1,313.5,1470,45.8,85,9.399999999999977,7050.3622331862125,67326.0,3892.9999999999995,0,0,1,0
297.5,308.4,1403,44.3,25,10.899999999999977,6508.636467976701,62152.899999999994,1107.5,0,0,1,0
299.3,310.5,1462,40.5,24,11.199999999999989,6200.561420390175,59211.0,972.0,0,0,1,0
298.9,309.6,1600,33.5,175,10.700000000000045,5612.978874413764,53600.0,5862.5,1,0,0,0
300.6,309.3,1601,40.2,69,8.699999999999989,6739.784383452327,64360.200000000004,2773.8,0,1,0,0
297.6,308.5,1443,38.2,85,10.899999999999977,5772.425173558959,55122.600000000006,3247.0000000000005,0,0,1,0
300.3,309.4,1705,29.4,190,9.099999999999966,5249.287164883185,50127.0,5586.0,0,1,0,0
299.6,309.0,1378,51.9,162,9.399999999999977,7489.368390598851,71518.2,8407.8,0,1,0,0
297.3,308.4,1430,45.7,15,11.099999999999966,6843.540716824888,65351.00000000001,685.5,0,1,0,0
298.7,309.9,1446,43.3,46,11.199999999999989,6556.692363601113,62611.799999999996,1991.8,0,1,0,0
299.2,310.7,1477,44.0,19,11.5,6805.527445716449,64988.0,836.0,0,1,0,0
300.6,309.4,1369,51.6,71,8.799999999999955,7397.445389554814,70640.40000000001,3663.6,0,1,0,0
301.1,311.1,1429,42.5,123,10.0,6359.892527804737,60732.5,5227.5,0,1,0,0
297.5,308.6,1388,48.2,203,11.100000000000023,7005.91916911343,66901.6,9784.6,0,1,0,0
303.5,312.3,1532,41.7,32,8.800000000000011,6689.958723966393,63884.4,1334.4,0,0,1,0
300.0,311.5,1349,48.6,113,11.5,6865.573753302062,65561.40000000001,5491.8,0,1,0,0
300.2,311.5,1639,31.1,31,11.300000000000011,5337.869605738906,50972.9,964.1,0,1,0,0
299.8,309.4,1633,27.5,29,9.599999999999966,4702.702403036122,44907.5,797.5,0,1,0,0
299.0,310.0,1338,56.4,29,11.0,7902.487824545909,75463.2,1635.6,0,0,1,0
298.3,308.0,1442,47.3,65,9.699999999999989,7142.578449544586,68206.59999999999,3074.5,0,1,0,0
300.6,311.7,1424,50.8,182,11.099999999999966,7575.343309552092,72339.2,9245.6,0,0,1,0
300.5,312.0,1415,44.6,23,11.5,6608.759025846609,63109.0,1025.8,0,1,0,0
297.3,308.4,1339,52.1,36,11.099999999999966,7305.449084682194,69761.90000000001,1875.6000000000001,0,1,0,0
298.8,309.6,1384,48.2,39,10.800000000000011,6985.72920032636,66708.8,1879.8000000000002,0,0,1,0
298.4,309.5,1692,28.3,136,11.100000000000023,5014.3588662477405,47883.6,3848.8,0,1,0,0
297.5,308.6,1793,26.7,70,11.100000000000023,5013.259308818985,47873.1,1869.0,0,1,0,0
303.1,312.5,1667,30.0,160,9.399999999999977,5237.034953534185,50010.0,4800.0,0,0,1,0
300.5,311.5,1302,49.6,80,11.0,6762.718009823533,64579.200000000004,3968.0,0,1,0,0
301.6,310.6,1309,65.8,75,9.0,9019.742891917558,86132.2,4935.0,0,0,1,1
298.2,308.1,1462,50.8,27,9.900000000000034,7777.494324835084,74269.59999999999,1371.6,0,1,0,0
301.3,311.0,1856,21.9,189,9.699999999999989,4256.481054495739,40646.399999999994,4139.099999999999,0,1,0,0
296.9,308.3,1474,39.2,177,11.400000000000034,6050.791226618038,57780.8,6938.400000000001,1,0,0,0
300.3,309.9,1377,55.3,4,9.599999999999966,7974.210384827364,76148.09999999999,221.2,0,1,0,0
301.9,311.3,1522,35.6,63,9.400000000000034,5674.051435599549,54183.200000000004,2242.8,0,0,1,0
300.7,312.3,1715,26.8,146,11.600000000000023,4813.129384809803,45962.0,3912.8,0,1,0,0
298.3,309.4,1595,29.0,103,11.099999999999966,4843.812273059863,46255.0,2987.0,0,0,1,0
303.3,311.6,1301,45.1,219,8.300000000000011,6144.44210362155,58675.1,9876.9,0,1,0,1
301.7,310.1,1644,34.6,5,8.400000000000034,5956.710998618535,56882.4,173.0,0,0,1,0
300.4,310.6,1448,44.9,21,10.200000000000045,6808.375823055704,65015.2,942.9,0,0,1,0
300.4,309.6,1521,35.0,119,9.200000000000045,5574.756163795087,53235.0,4165.0,0,0,1,0
302.2,310.6,1348,48.4,161,8.400000000000034,6832.2519272229865,65243.2,7792.4,0,1,0,1
300.0,311.2,1504,37.9,58,11.199999999999989,5969.1935934287985,57001.6,2198.2,0,1,0,0
300.4,311.7,1314,59.5,160,11.300000000000011,8187.304614520361,78183.0,9520.0,0,1,0,0
300.5,310.3,1435,43.3,31,9.800000000000011,6506.8143442376195,62135.49999999999,1342.3,0,1,0,0
297.9,309.0,1456,46.5,52,11.100000000000023,7089.9463006214455,67704.0,2418.0,0,1,0,0
300.1,311.7,1400,48.5,205,11.599999999999966,7110.471372624897,67900.0,9942.5,0,0,1,0
300.0,309.4,1460,43.5,102,9.399999999999977,6650.751647649593,63510.0,4437.0,0,1,0,0
298.0,309.6,1403,51.3,122,11.600000000000023,7537.0891830068795,71973.9,6258.599999999999,0,1,0,0
300.5,311.4,1432,47.5,51,10.899999999999977,7123.037743239257,68020.0,2422.5,0,1,0,0
302.2,311.7,1393,42.5,53,9.5,6199.671302471658,59202.5,2252.5,0,0,1,0
297.3,308.7,1556,36.7,114,11.399999999999977,5980.042560059196,57105.200000000004,4183.8,0,1,0,0
299.4,308.9,1451,40.5,168,9.5,6153.908769484366,58765.5,6804.0,0,1,0,0
298.9,308.9,1753,25.8,33,10.0,4736.2022526989,45227.4,851.4,0,1,0,0
300.3,311.9,1692,31.5,187,11.599999999999966,5581.353508367626,53298.0,5890.5,0,1,0,0
299.9,309.3,1620,31.1,196,9.400000000000034,5275.9907024386985,50382.0,6095.6,0,1,0,0
300.2,310.0,1486,40.1,182,9.800000000000011,6240.103599923358,59588.6,7298.2,0,1,0,0
302.9,312.2,1469,42.0,214,9.300000000000011,6460.999451372769,61698.0,8988.0,0,1,0,0
298.9,310.0,1776,25.7,51,11.100000000000023,4779.744726877655,45643.2,1310.7,0,1,0,0
300.2,311.5,1454,42.8,88,11.300000000000011,6516.836024802571,62231.2,3766.3999999999996,1,0,0,0
300.5,311.1,1491,42.6,11,10.600000000000023,6651.442798033381,63516.6,468.6,0,1,0,0
300.8,310.8,1460,53.8,41,10.0,8225.527325139035,78548.0,2205.7999999999997,0,1,0,0
302.3,311.8,1433,50.3,183,9.5,7548.189477049563,72079.9,9204.9,0,1,0,0
301.9,310.8,1735,31.5,66,8.900000000000034,5723.196416677206,54652.5,2079.0,0,1,0,0
303.4,311.5,1414,44.8,71,8.100000000000023,6633.70327151611,63347.2,3180.7999999999997,0,1,0,0
303.5,311.9,1344,49.3,93,8.399999999999977,6938.64719842456,66259.2,4584.9,0,1,0,1
299.1,310.4,1422,49.3,69,11.299999999999955,7341.3365447617,70104.59999999999,3401.7,0,0,1,0
298.0,309.4,1276,65.9,50,11.399999999999977,8805.716656403998,84088.40000000001,3295.0000000000005,0,0,1,0
300.1,309.6,1546,36.7,77,9.5,5941.610409930279,56738.200000000004,2825.9,0,1,0,0
299.6,309.1,2266,15.3,79,9.5,3630.6129660475804,34669.8,1208.7,0,1,0,0
298.2,308.4,1497,37.7,207,10.199999999999989,5910.058347712727,56436.9,7803.900000000001,0,1,0,0
297.0,307.8,1774,28.0,188,10.800000000000011,5201.639676303741,49672.0,5264.0,0,1,0,0
297.4,308.8,1620,33.4,186,11.400000000000034,5666.17651001455,54108.0,6212.4,0,1,0,0
295.3,305.7,1473,38.5,189,10.399999999999977,5938.709672713466,56710.5,7276.5,0,0,1,0
298.8,308.5,1450,50.8,57,9.699999999999989,7713.657162114138,73660.0,2895.6,0,1,0,0
301.3,310.6,1966,22.6,161,9.300000000000011,4652.866271574675,44431.600000000006,3638.6000000000004,0,1,0,0
300.1,309.3,1570,36.8,189,9.199999999999989,6050.288571793463,57775.99999999999,6955.2,0,1,0,0
300.9,309.5,1758,26.8,116,8.600000000000023,4933.808430609698,47114.4,3108.8,0,0,1,0
303.2,311.2,1475,43.1,20,8.0,6657.296632344572,63572.5,862.0,1,0,0,0
301.5,311.1,1396,43.5,112,9.600000000000023,6359.211849396459,60726.0,4872.0,0,0,1,0
297.4,309.1,1463,35.0,183,11.700000000000045,5362.175060902179,51205.0,6405.0,0,0,1,0
298.0,308.3,1473,42.6,107,10.300000000000011,6571.143689807627,62749.8,4558.2,0,1,0,0
300.4,309.5,1525,51.3,4,9.100000000000023,8192.488242398784,78232.5,205.2,0,1,0,0
298.1,308.9,1351,52.4,102,10.799999999999955,7413.362792333001,70792.4,5344.8,0,1,0,0
298.0,308.7,1506,47.0,208,10.699999999999989,7412.273706879759,70782.0,9776.0,0,1,0,0
302.3,311.8,1281,51.7,61,9.5,6935.348526138292,66227.7,3153.7000000000003,0,1,0,0
298.4,309.7,1457,44.2,175,11.300000000000011,6743.889397853018,64399.4,7735.000000000001,0,1,0,0
299.2,308.5,1488,40.3,148,9.300000000000011,6279.666723407565,59966.399999999994,5964.4,0,1,0,0
303.8,312.7,1374,53.6,136,8.899999999999977,7712.232973444512,73646.40000000001,7289.6,0,0,1,0
302.9,312.2,1605,33.9,86,9.300000000000011,5697.749516183128,54409.5,2915.4,0,1,0,0
298.8,309.6,1890,24.0,173,10.800000000000011,4750.0880922277665,45360.0,4152.0,0,1,0,0
303.6,312.0,1391,50.3,101,8.399999999999977,7326.958522383771,69967.3,5080.299999999999,0,1,0,0
298.6,309.8,1597,35.9,213,11.199999999999989,6003.82441644687,57332.299999999996,7646.7,0,1,0,0
297.9,307.8,1365,46.9,73,9.900000000000034,6704.001643127939,64018.5,3423.7,0,1,0,0
301.2,310.7,1517,39.4,107,9.5,6259.07881955104,59769.799999999996,4215.8,0,1,0,0
298.1,308.3,1530,42.0,184,10.199999999999989,6729.291463989337,64260.0,7728.0,1,0,0,0
301.0,311.3,1342,50.9,60,10.300000000000011,7153.176088762695,68307.8,3054.0,0,1,0,0
297.7,308.2,2007,19.3,181,10.5,4056.3301865355334,38735.1,3493.3,0,1,0,0
303.2,311.4,1324,54.2,228,8.199999999999989,7514.77340319088,71760.8,12357.6,0,1,0,1
297.4,308.7,1582,31.9,161,11.300000000000011,5284.766217917726,50465.799999999996,5135.9,0,0,1,0
297.4,308.4,1664,28.1,67,11.0,4896.5281977871,46758.4,1882.7,0,1,0,0
298.6,309.4,1471,48.0,141,10.799999999999955,7394.052469488937,70608.0,6768.0,0,1,0,0
302.9,312.3,1435,47.7,173,9.400000000000034,7168.0148780631525,68449.5,8252.1,0,1,0,0
298.0,308.6,1526,41.8,160,10.600000000000023,6679.738075866714,63786.799999999996,6688.0,1,0,0,0
300.7,310.5,1561,33.2,48,9.800000000000011,5427.122253027392,51825.200000000004,1593.6000000000001,0,1,0,0
300.6,309.9,1449,42.4,169,9.299999999999955,6433.73042713961,61437.6,7165.599999999999,0,0,1,0
301.7,311.0,1548,40.3,21,9.300000000000011,6532.879091286903,62384.399999999994,846.3,0,1,0,0
302.0,310.9,1539,34.2,13,8.899999999999977,5511.798647017149,52633.8,444.6,0,1,0,0
302.6,311.0,1424,38.0,144,8.399999999999977,5666.59538903503,54112.0,5472.0,0,1,0,0
299.0,310.4,1483,41.5,96,11.399999999999977,6444.9249689619,61544.5,3984.0,0,1,0,0
297.5,308.5,1393,46.6,56,11.0,6797.757239886571,64913.8,2609.6,1,0,0,0
298.1,309.0,1559,34.0,54,10.899999999999977,5550.775339872685,53006.0,1836.0,0,1,0,0
298.9,308.6,1539,45.4,4,9.700000000000045,7316.832122063701,69870.59999999999,181.6,0,1,0,0
303.7,312.7,1316,51.8,197,9.0,7138.620042801063,68168.8,10204.599999999999,0,0,1,0
298.4,308.4,1479,39.2,58,10.0,6071.316298621491,57976.8,2273.6000000000004,1,0,0,0
301.0,309.8,1594,31.1,143,8.800000000000011,5191.314308448942,49573.4,4447.3,0,0,1,0
302.3,311.2,1401,49.7,118,8.899999999999977,7291.605133055374,69629.7,5864.6,0,1,0,0
298.1,308.5,1676,30.5,22,10.399999999999977,5353.064442206768,51118.0,671.0,0,1,0,0
299.6,309.1,1435,48.4,143,9.5,7273.20587208085,69454.0,6921.2,0,0,1,0
298.4,307.9,1743,27.3,134,9.5,4982.974355638378,47583.9,3658.2000000000003,0,1,0,0
299.0,310.1,1705,30.1,84,11.100000000000023,5374.270192618499,51320.5,2528.4,0,0,1,0
296.7,307.8,1605,31.3,128,11.100000000000023,5260.7539780687885,50236.5,4006.4,0,1,0,0
298.8,309.8,1485,42.4,74,11.0,6593.574661354258,62964.0,3137.6,0,1,0,0
301.6,310.1,1362,55.8,70,8.5,7958.659501192094,75999.59999999999,3906.0,0,1,0,1
299.1,310.4,1450,40.9,85,11.299999999999955,6210.4050773714225,59305.0,3476.5,0,1,0,0
302.5,311.1,1493,39.0,137,8.600000000000023,6097.51718135243,58227.0,5343.0,0,1,0,0
297.5,308.6,1486,45.9,78,11.100000000000023,7142.662225348681,68207.4,3580.2,0,0,1,0
297.3,308.1,1468,49.8,0,10.800000000000011,7655.684305679895,73106.4,0.0,0,1,0,0
296.5,307.4,1565,43.5,194,10.899999999999977,7129.059129158637,68077.5,8439.0,0,0,1,0
298.1,309.0,1976,19.3,158,10.899999999999977,3993.676357047441,38136.8,3049.4,0,0,1,0
300.7,311.9,1335,57.1,194,11.199999999999989,7982.629853138986,76228.5,11077.4,0,1,0,1
300.2,309.7,1183,61.4,170,9.5,7606.445076822631,72636.2,10438.0,0,0,1,0
300.8,312.5,1517,39.2,107,11.699999999999989,6227.306845847736,59466.4,4194.400000000001,0,1,0,0
298.7,309.9,1371,51.3,201,11.199999999999989,7365.181233002447,70332.3,10311.3,0,1,0,0
301.3,310.7,1536,39.3,31,9.399999999999977,6321.387073847238,60364.799999999996,1218.3,0,1,0,0
300.8,312.6,1376,53.6,119,11.800000000000011,7723.458931193339,73753.6,6378.400000000001,0,1,0,0
298.4,309.7,1679,33.3,167,11.300000000000011,5854.954812568761,55910.7,5561.099999999999,0,0,1,0
301.8,310.7,1461,44.2,49,8.899999999999977,6762.403850558174,64576.200000000004,2165.8,0,1,0,0
300.7,312.3,1418,49.0,69,11.600000000000023,7276.138025224201,69482.0,3381.0,0,1,0,0
297.5,308.3,1476,45.6,31,10.800000000000011,7048.2259501817725,67305.6,1413.6000000000001,0,0,1,0
299.2,308.5,1487,41.2,140,9.300000000000011,6415.592965552885,61264.4,5768.0,0,1,0,0
299.3,309.0,1491,38.4,115,9.699999999999989,5995.666747523048,57254.4,4416.0,0,1,0,0
297.6,308.6,1482,38.3,39,11.0,5943.9561324449605,56760.6,1493.6999999999998,0,0,1,0
300.9,309.7,1460,42.1,181,8.800000000000011,6436.704468185008,61466.0,7620.1,0,1,0,0
297.7,309.4,1608,30.2,135,11.699999999999989,5085.35886021887,48561.6,4077.0,1,0,0,0
298.4,309.2,1610,32.4,194,10.800000000000011,5462.601306061932,52164.0,6285.599999999999,0,1,0,0
301.4,310.4,1430,50.9,178,9.0,7622.2368158946765,72787.0,9060.199999999999,0,1,0,0
299.3,310.5,1563,42.1,19,11.199999999999989,6890.800742310388,65802.3,799.9,0,0,1,0
301.6,310.7,1421,44.4,94,9.099999999999966,6607.020677911622,63092.4,4173.599999999999,0,0,1,0
298.3,308.0,1766,26.0,96,9.699999999999989,4808.312276074298,45916.0,2496.0,0,0,1,0
297.3,308.1,1477,52.3,2,10.800000000000011,8089.2973957038685,77247.09999999999,104.6,1,0,0,0
297.9,309.1,1614,38.1,62,11.200000000000045,6439.573789475287,61493.4,2362.2000000000003,0,0,1,0
297.4,308.8,1447,58.1,129,11.400000000000034,8803.863116738381,84070.7,7494.900000000001,0,1,0,0
297.7,308.4,1740,27.1,136,10.699999999999989,4937.955332912437,47154.0,3685.6000000000004,0,1,0,0
298.5,309.4,1578,36.3,71,10.899999999999977,5998.494180911279,57281.399999999994,2577.2999999999997,0,1,0,0
297.7,308.9,1458,41.1,14,11.199999999999989,6275.205661839467,59923.8,575.4,0,1,0,0
298.3,308.8,1349,52.1,104,10.5,7360.0080770995355,70282.90000000001,5418.400000000001,0,0,1,0
296.8,307.9,1706,30.8,111,11.099999999999966,5502.478588811498,52544.8,3418.8,0,1,0,0
301.3,311.2,1675,32.1,12,9.899999999999977,5630.519433396307,53767.5,385.20000000000005,0,1,0,0
300.6,310.6,2127,18.7,53,10.0,4165.217787908955,39774.9,991.0999999999999,0,1,0,0
298.5,308.3,1504,38.0,20,9.800000000000011,5984.943444598795,57152.0,760.0,0,1,0,0
298.0,308.1,1587,32.3,30,10.100000000000023,5367.945119409271,51260.1,968.9999999999999,0,0,1,0
300.7,310.6,1778,27.1,215,9.900000000000034,5045.795736734663,48183.8,5826.5,0,0,1,0
300.9,312.1,1359,51.7,146,11.200000000000045,7357.641410633832,70260.3,7548.200000000001,0,1,0,0
303.6,312.3,1451,43.4,119,8.699999999999989,6594.559027052382,62973.4,5164.599999999999,0,1,0,0
297.4,308.2,1386,41.0,35,10.800000000000011,5950.804804429786,56826.0,1435.0,0,1,0,0
304.1,313.2,1586,41.1,129,9.099999999999966,6826.115349572975,65184.600000000006,5301.900000000001,0,0,1,0
298.6,309.5,1404,43.3,33,10.899999999999977,6366.2490169405,60793.2,1428.8999999999999,0,0,1,0
302.5,311.1,1638,32.0,198,8.600000000000023,5488.990684352087,52416.0,6336.0,0,0,1,0
299.0,309.9,1373,55.7,201,10.899999999999977,8008.558464506613,76476.1,11195.7,0,1,0,1
302.4,310.3,1375,52.5,161,7.900000000000034,7559.457322700438,72187.5,8452.5,0,0,1,1
304.1,313.0,1566,37.2,7,8.899999999999977,6100.470278446804,58255.200000000004,260.40000000000003,0,1,0,0
302.3,311.4,1476,37.3,20,9.099999999999966,5765.325174161844,55054.799999999996,746.0,0,1,0,0
300.6,309.4,1410,40.6,99,8.799999999999955,5994.787101580044,57246.0,4019.4,0,1,0,0
297.5,309.3,1623,33.4,74,11.800000000000011,5676.66942947754,54208.2,2471.6,0,1,0,0
298.3,308.1,1412,52.3,218,9.800000000000011,7733.302588174587,73847.59999999999,11401.4,0,1,0,1
296.2,307.2,1168,63.4,172,11.0,7754.623530316949,74051.2,10904.8,0,0,1,0
300.3,309.2,1532,40.2,194,8.899999999999977,6449.312726701415,61586.4,7798.8,0,1,0,0
299.4,308.6,1541,39.1,109,9.200000000000045,6309.6898772003715,60253.100000000006,4261.900000000001,0,0,1,0
299.8,309.6,1598,31.0,139,9.800000000000011,5187.607229117705,49538.0,4309.0,0,1,0,0
300.5,311.3,1468,41.1,34,10.800000000000011,6318.2454811936495,60334.8,1397.4,0,0,1,0
303.1,312.9,1511,40.1,107,9.799999999999955,6345.085154430817,60591.1,4290.7,0,1,0,0
297.2,308.3,1453,45.8,105,11.100000000000023,6968.827431850046,66547.4,4809.0,1,0,0,0
299.5,309.0,1498,44.6,101,9.5,6996.410615348565,66810.8,4504.6,0,1,0,0
298.7,309.4,1375,48.3,157,10.699999999999989,6954.700736884403,66412.5,7583.099999999999,0,0,1,0
302.5,311.9,1298,57.5,57,9.399999999999977,7815.758923355807,74635.0,3277.5,0,0,1,0
298.2,308.3,1688,32.0,202,10.100000000000023,5656.542292543542,54016.0,6464.0,0,1,0,0
298.5,308.7,1367,47.3,47,10.199999999999989,6771.0851182575925,64659.1,2223.1,0,0,1,0
296.3,307.3,1498,41.6,15,11.0,6525.800035840814,62316.8,624.0,0,0,1,0
302.8,312.3,1336,57.5,187,9.5,8044.571588292265,76820.0,10752.5,1,0,0,0
299.0,309.4,1419,48.3,91,10.399999999999977,7177.251160464705,68537.7,4395.3,0,1,0,0
300.1,310.3,1345,57.1,71,10.199999999999989,8042.42483331231,76799.5,4054.1,0,0,1,0
299.0,310.3,1483,39.2,153,11.300000000000011,6087.736356224253,58133.600000000006,5997.6,0,1,0,0
296.9,307.8,1544,37.6,109,10.900000000000034,6079.442551618777,58054.4,4098.400000000001,0,0,1,0
298.9,308.8,1530,38.3,23,9.900000000000034,6136.472930256942,58598.99999999999,880.9,0,1,0,0
299.9,310.4,1576,34.3,188,10.5,5660.814858552424,54056.799999999996,6448.4,0,0,1,0
302.0,310.6,1467,44.9,86,8.600000000000023,6897.712246148286,65868.3,3861.4,0,1,0,0
298.7,308.4,1694,28.7,195,9.699999999999989,5091.244110456595,48617.799999999996,5596.5,0,1,0,0
300.1,310.5,1356,45.8,126,10.399999999999977,6503.599447755445,62104.799999999996,5770.799999999999,0,1,0,0
300.9,311.5,1704,31.3,159,10.600000000000023,5585.249083258078,53335.200000000004,4976.7,0,0,1,0
299.4,309.0,1800,24.3,128,9.600000000000023,4580.442088933918,43740.0,3110.4,0,1,0,0
302.5,312.0,1521,40.2,174,9.5,6403.0056509875,61144.200000000004,6994.8,0,0,1,0
301.1,311.0,1565,52.3,183,9.899999999999977,8571.25959666659,81849.5,9570.9,0,1,0,0
297.6,308.0,1258,57.4,139,10.399999999999977,7561.729741386536,72209.2,7978.599999999999,0,1,0,0
296.9,308.1,1741,28.8,60,11.200000000000045,5250.732297503838,50140.8,1728.0,0,1,0,0
302.6,312.0,1496,45.0,79,9.399999999999977,7049.733914655496,67320.0,3555.0,0,0,1,0
297.4,308.3,1412,42.0,111,10.900000000000034,6210.300357616304,59304.0,4662.0,0,1,0,0
297.4,308.4,1517,41.0,18,11.0,6513.254609177478,62197.0,738.0,0,0,1,0
298.4,309.0,1507,36.1,191,10.600000000000023,5697.037421848316,54402.700000000004,6895.1,0,0,1,0
298.5,309.7,1557,37.7,86,11.199999999999989,6146.934433793397,58698.9,3242.2000000000003,0,0,1,0
302.3,311.7,1504,37.3,107,9.399999999999977,5874.694486408817,56099.2,3991.1,0,0,1,0
297.5,308.5,1597,36.4,112,11.0,6087.443140909918,58130.799999999996,4076.7999999999997,0,1,0,0
300.7,309.6,1403,51.3,174,8.900000000000034,7537.0891830068795,71973.9,8926.199999999999,1,0,0,0
299.0,310.2,1598,33.4,44,11.199999999999989,5589.228433952624,53373.2,1469.6,0,0,1,0
299.3,308.7,1390,49.3,215,9.399999999999977,7176.130659084924,68527.0,10599.5,0,0,1,0
300.2,309.7,1483,43.8,108,9.5,6802.1135816995475,64955.399999999994,4730.4,1,0,0,0
297.8,308.4,1512,35.1,138,10.599999999999966,5557.603067906488,53071.200000000004,4843.8,1,0,0,0
298.4,309.2,1335,53.5,168,10.800000000000011,7479.3467100339,71422.5,8988.0,0,1,0,0
297.6,308.5,1490,43.4,154,10.899999999999977,6771.807684567919,64666.0,6683.599999999999,0,0,1,0
298.9,309.0,1812,25.9,174,10.100000000000023,4914.581883569729,46930.799999999996,4506.599999999999,0,0,1,0
301.4,310.4,1433,43.4,86,9.0,6512.751954352903,62192.2,3732.4,0,1,0,0
300.6,310.5,1462,41.3,68,9.899999999999977,6323.041645978129,60380.6,2808.3999999999996,0,0,1,0
297.7,308.2,1446,43.9,172,10.5,6647.54722314293,63479.4,7550.8,0,1,0,0
301.0,311.3,1472,35.3,73,10.300000000000011,5441.406027625712,51961.6,2576.8999999999996,0,1,0,0
298.9,309.9,1309,56.2,119,11.0,7703.792561181866,73565.8,6687.8,0,1,0,0
301.0,310.9,1515,41.8,170,9.899999999999977,6631.587932462694,63326.99999999999,7105.999999999999,0,0,1,0
300.4,311.8,1589,42.0,201,11.400000000000034,6988.787017175854,66738.0,8442.0,0,1,0,0
297.2,308.5,2440,14.0,166,11.300000000000011,3577.226834887578,34160.0,2324.0,1,0,0,0
296.5,307.4,1432,49.2,64,10.899999999999977,7377.967515102558,70454.40000000001,3148.8,1,0,0,0
300.3,311.7,1406,47.5,14,11.399999999999977,6993.708845666477,66785.0,665.0,0,1,0,0
302.6,311.9,1448,49.5,72,9.299999999999955,7505.893167956734,71676.0,3564.0,0,1,0,0
298.0,308.2,1620,35.8,5,10.199999999999989,6073.326917919787,57995.99999999999,179.0,0,1,0,0
301.5,310.4,1474,39.9,53,8.899999999999977,6158.841069950503,58812.6,2114.7,0,1,0,0
299.8,309.0,1467,37.3,193,9.199999999999989,5730.170752368174,54719.1,7198.9,1,0,0,0
300.5,311.4,1466,41.8,112,10.899999999999977,6417.100930026606,61278.799999999996,4681.599999999999,0,1,0,0
298.6,308.2,1361,68.2,172,9.599999999999966,9720.108614157845,92820.2,11730.4,0,1,0,1
301.9,310.9,1542,36.7,101,9.0,5926.237549878714,56591.4,3706.7000000000003,0,1,0,0
302.5,312.0,1456,46.3,208,9.5,7059.4519079306,67412.8,9630.4,0,1,0,0
300.2,311.7,1640,30.8,191,11.5,5289.604270604254,50512.0,5882.8,0,1,0,0
295.5,305.9,1453,47.3,9,10.399999999999977,7197.064138133344,68726.9,425.7,0,0,1,0
297.5,308.9,1729,28.1,189,11.399999999999977,5087.7988305131585,48584.9,5310.900000000001,0,1,0,0
298.0,309.9,1445,45.2,55,11.899999999999977,6839.666085885458,65314.00000000001,2486.0,0,0,1,0
304.2,313.4,1475,40.2,98,9.199999999999989,6209.357879820227,59295.00000000001,3939.6000000000004,0,1,0,0
298.9,308.9,1679,28.7,181,10.0,5046.162255877581,48187.299999999996,5194.7,0,0,1,0
300.2,310.0,1389,53.6,184,9.800000000000011,7796.427656560717,74450.40000000001,9862.4,0,1,0,0
300.9,310.3,1440,47.6,140,9.400000000000034,7177.91089492196,68544.0,6664.0,0,1,0,0
302.3,311.1,1435,43.1,149,8.800000000000011,6476.759774518278,61848.5,6421.900000000001,0,0,1,0
302.9,312.5,1629,30.4,74,9.600000000000023,5185.889825133742,49521.6,2249.6,0,1,0,0
297.0,308.1,1489,44.1,96,11.100000000000023,6876.412247956947,65664.90000000001,4233.6,0,1,0,0
297.4,308.1,1620,31.2,143,10.700000000000045,5292.955302768083,50544.0,4461.599999999999,0,0,1,0
302.4,311.1,1432,44.5,195,8.700000000000045,6673.161675245199,63724.0,8677.5,0,0,1,0
298.4,308.3,1458,42.9,15,9.900000000000034,6550.032187175502,62548.2,643.5,1,0,0,0
298.2,308.7,2186,17.8,31,10.5,4074.729447510058,38910.8,551.8000000000001,0,1,0,0
298.2,308.3,1560,33.0,181,10.100000000000023,5390.972993560084,51480.0,5973.0,0,0,1,0
298.6,309.8,1544,30.2,113,11.199999999999989,4882.956517523591,46628.799999999996,3412.6,0,1,0,0
300.3,309.9,1570,34.0,31,9.599999999999966,5589.9405282874395,53380.0,1054.0,0,1,0,0
299.5,309.3,1442,46.2,5,9.800000000000011,6976.471973973782,66620.40000000001,231.0,0,1,0,0
302.3,310.9,1558,31.9,207,8.599999999999966,5204.592773398114,49700.2,6603.299999999999,0,0,1,0
299.7,309.1,1576,36.4,149,9.400000000000034,6007.39536009645,57366.399999999994,5423.599999999999,0,0,1,0
302.1,311.3,1497,38.4,28,9.199999999999989,6019.794179102618,57484.799999999996,1075.2,0,0,1,0
297.1,307.8,1584,42.3,135,10.699999999999989,7016.558696233587,67003.2,5710.5,0,1,0,0
300.9,310.7,1268,56.3,161,9.800000000000011,7475.7757663843195,71388.4,9064.3,0,0,1,0
299.1,308.8,1553,32.6,90,9.699999999999989,5301.730818247111,50627.8,2934.0,1,0,0,0
298.2,308.5,2678,10.7,86,10.300000000000011,3000.702695051803,28654.6,920.1999999999999,0,0,1,1
297.9,309.8,1336,71.6,31,11.900000000000034,10017.240447334367,95657.59999999999,2219.6,0,1,0,1
301.6,310.6,1613,42.5,97,9.0,7178.801012840477,68552.5,4122.5,0,1,0,0
297.9,307.8,1286,59.5,55,9.900000000000034,8012.841502491006,76517.0,3272.5,0,1,0,0
297.4,307.9,1557,35.5,174,10.5,5788.2273846065145,55273.5,6177.0,0,1,0,0
300.7,311.0,1318,48.2,128,10.300000000000011,6652.594715339697,63527.600000000006,6169.6,0,1,0,0
302.4,311.1,1446,42.9,5,8.700000000000045,6496.122457239902,62033.4,214.5,0,1,0,0
298.5,308.6,1344,53.0,114,10.100000000000023,7459.397596683605,71232.0,6042.0,0,0,1,0
301.8,310.8,1618,37.8,59,9.0,6404.702111020439,61160.399999999994,2230.2,0,0,1,0
300.1,311.4,1356,45.7,149,11.299999999999955,6489.39944896122,61969.200000000004,6809.3,0,1,0,0
302.8,312.3,1494,37.5,198,9.5,5866.924280578939,56025.0,7425.0,0,1,0,0
302.6,310.5,1511,37.2,197,7.899999999999977,5886.2136594719805,56209.200000000004,7328.400000000001,0,1,0,0
300.9,312.4,1372,51.0,142,11.5,7327.4507052328345,69972.0,7242.0,0,1,0,0
296.7,307.5,1515,42.1,55,10.800000000000011,6679.18306116458,63781.5,2315.5,0,0,1,0
299.1,310.5,1496,35.2,60,11.399999999999977,5514.458528797189,52659.200000000004,2112.0,0,1,0,0
298.8,309.8,1490,40.6,124,11.0,6334.916866208699,60494.0,5034.400000000001,0,1,0,0
304.0,313.0,1377,56.0,61,9.0,8075.149756787205,77112.0,3416.0,0,0,1,0
301.5,310.8,1367,49.0,193,9.300000000000011,7014.44335718017,66983.0,9457.0,0,1,0,0
303.9,313.2,1481,44.1,197,9.300000000000011,6839.467118350732,65312.1,8687.7,0,1,0,0
301.8,310.7,1751,29.3,133,8.899999999999977,5372.573732585561,51304.3,3896.9,0,1,0,0
300.1,309.2,1418,39.8,221,9.099999999999966,5910.005987835167,56436.399999999994,8795.8,0,0,1,0
302.0,311.0,1566,37.8,218,9.0,6198.864960357236,59194.799999999996,8240.4,0,1,0,0
302.8,310.6,1617,37.9,207,7.800000000000011,6417.676888679765,61284.299999999996,7845.299999999999,0,1,0,0
297.6,309.0,1815,25.3,66,11.399999999999977,4808.678795217217,45919.5,1669.8,0,0,1,0
298.4,308.6,1609,35.0,103,10.200000000000045,5897.293009563639,56315.0,3605.0,0,1,0,0
300.0,309.6,1423,48.7,67,9.600000000000023,7257.089501767935,69300.1,3262.9,0,0,1,0
297.9,308.5,1305,47.2,155,10.600000000000023,6450.3180363505635,61596.00000000001,7316.0,0,1,0,0
298.1,307.9,1614,35.8,196,9.799999999999955,6050.8331145200855,57781.2,7016.799999999999,0,1,0,0
299.5,309.3,1462,46.7,7,9.800000000000011,7149.783168696819,68275.40000000001,326.90000000000003,0,1,0,0
303.5,312.3,1404,48.6,193,8.800000000000011,7145.489658736913,68234.40000000001,9379.800000000001,0,1,0,0
300.9,310.6,1504,46.4,129,9.700000000000045,7307.930942878529,69785.59999999999,5985.599999999999,0,1,0,0
299.9,310.1,1681,29.1,197,10.200000000000045,5122.586733163909,48917.100000000006,5732.700000000001,0,1,0,0
301.2,310.7,1568,38.3,49,9.5,6288.882061858095,60054.399999999994,1876.6999999999998,0,1,0,0
299.2,308.8,1523,38.9,112,9.600000000000023,6204.090476137707,59244.7,4356.8,0,0,1,0
302.3,310.1,1321,52.7,134,7.800000000000011,7290.243776238819,69616.7,7061.8,0,1,0,1
297.3,308.7,1551,40.0,125,11.399999999999977,6496.813607623693,62040.0,5000.0,0,1,0,0
300.6,309.4,1367,63.2,45,8.799999999999955,9047.200411709935,86394.40000000001,2844.0,0,0,1,1
299.1,310.1,1486,40.7,39,11.0,6333.471733588047,60480.200000000004,1587.3000000000002,0,1,0,0
298.2,307.7,1681,31.0,84,9.5,5457.0511590405895,52111.0,2604.0,0,0,1,0
299.2,310.4,1504,43.3,37,11.199999999999989,6819.685556608627,65123.2,1602.1,0,0,1,0
304.0,313.1,1404,47.1,90,9.100000000000023,6924.94985445491,66128.40000000001,4239.0,0,1,0,0
297.3,308.2,1677,34.9,21,10.899999999999977,6128.964523814863,58527.299999999996,732.9,0,0,1,0
302.1,311.6,1701,26.2,46,9.5,4666.961550613781,44566.2,1205.2,1,0,0,0
303.5,312.7,1402,47.0,23,9.199999999999989,6900.403543854861,65894.0,1081.0,0,0,1,0
301.9,310.7,1717,26.8,27,8.800000000000011,4818.742363684216,46015.6,723.6,0,1,0,0
299.2,310.0,1349,50.4,226,10.800000000000011,7119.854262683619,67989.59999999999,11390.4,0,0,1,0
298.0,307.5,1784,27.8,163,9.5,5193.597199110551,49595.200000000004,4531.400000000001,0,0,1,0
303.4,311.4,1307,54.0,44,8.0,7390.910876835347,70578.0,2376.0,0,0,1,1
300.3,311.7,1821,26.3,202,11.399999999999977,5015.269928117282,47892.3,5312.6,0,1,0,0
298.9,308.5,1742,34.5,117,9.600000000000023,6293.552562936433,60099.0,4036.5,0,1,0,0
297.5,308.4,1633,33.3,213,10.899999999999977,5694.545091676467,54378.899999999994,7092.9,0,1,0,0
301.3,310.7,1516,46.0,119,9.399999999999977,7302.736843024593,69736.0,5474.0,0,1,0,0
298.5,308.2,1654,27.1,13,9.699999999999989,4693.895471630558,44823.4,352.3,0,1,0,0
298.3,307.9,1703,28.9,147,9.599999999999966,5153.960771797759,49216.7,4248.3,0,1,0,0
298.6,309.5,1684,27.8,44,10.899999999999977,4902.476279877897,46815.200000000004,1223.2,0,0,1,0
298.2,307.8,1411,53.4,110,9.600000000000023,7890.361276903052,75347.4,5874.0,0,0,1,0
298.2,308.9,1585,34.3,33,10.699999999999989,5693.141846957862,54365.49999999999,1131.8999999999999,0,0,1,0
300.7,309.9,1412,45.3,155,9.199999999999989,6698.25252857187,63963.6,7021.5,0,1,0,0
298.3,308.4,1585,30.6,127,10.099999999999966,5079.012843058618,48501.0,3886.2000000000003,0,1,0,0
297.4,308.3,1493,41.2,43,10.900000000000034,6441.479689018465,61511.600000000006,1771.6000000000001,0,1,0,0
300.4,309.9,2563,12.8,81,9.5,3435.478174357607,32806.4,1036.8,1,0,0,1
302.1,310.1,1379,48.2,166,8.0,6960.491739342522,66467.8,8001.200000000001,0,0,1,1
298.5,309.5,1428,43.5,87,11.0,6504.981748523025,62118.0,3784.5,0,1,0,0
303.8,312.9,1570,35.8,147,9.099999999999966,5885.878556255598,56205.99999999999,5262.599999999999,1,0,0,0
300.7,309.6,1541,34.6,131,8.900000000000034,5583.5107353230915,53318.600000000006,4532.6,0,1,0,0
297.6,309.6,1278,50.4,2,12.0,6745.125090963429,64411.2,100.8,1,0,0,0
300.1,309.3,1712,28.5,141,9.199999999999989,5109.486291798439,48792.0,4018.5,0,1,0,0
301.3,310.5,1481,39.7,85,9.199999999999989,6157.071306088981,58795.700000000004,3374.5000000000005,0,0,1,0
298.0,309.6,1536,37.3,120,11.600000000000023,5999.687986119643,57292.799999999996,4476.0,0,1,0,0
300.4,309.9,1496,31.8,154,9.5,4981.81196635655,47572.8,4897.2,0,1,0,0
296.9,307.7,1464,41.4,6,10.800000000000011,6347.02246990053,60609.6,248.39999999999998,0,1,0,0
299.3,309.1,1634,36.8,62,9.800000000000011,6296.924539051285,60131.2,2281.6,0,1,0,0
298.8,310.2,1583,35.7,116,11.399999999999977,5918.037993052845,56513.100000000006,4141.200000000001,0,0,1,0
303.8,312.9,1442,48.3,52,9.099999999999966,7293.584336427135,69648.59999999999,2511.6,0,1,0,0
298.7,309.8,1528,36.7,197,11.100000000000023,5872.432539698233,56077.600000000006,7229.900000000001,0,0,1,0
300.7,312.1,1395,41.9,157,11.400000000000034,6120.922046621673,58450.5,6578.3,0,1,0,0
299.2,308.5,1867,27.0,138,9.300000000000011,5278.818135826929,50409.0,3726.0,0,1,0,0
298.5,309.7,2617,12.1,102,11.199999999999989,3316.0243496926105,31665.7,1234.2,0,1,0,1
300.5,309.8,1508,37.8,150,9.300000000000011,5969.277369232893,57002.399999999994,5670.0,0,0,1,0
300.3,309.1,1458,44.3,175,8.800000000000011,6763.786151325751,64589.399999999994,7752.499999999999,0,0,1,0
302.4,312.0,1457,43.4,23,9.600000000000023,6621.828051285542,63233.799999999996,998.1999999999999,1,0,0,0
299.3,309.1,1293,53.7,189,9.800000000000011,7271.12194895397,69434.1,10149.300000000001,0,1,0,0
300.3,311.1,1350,58.7,130,10.800000000000011,8298.516994457439,79245.0,7631.0,0,0,1,0
303.1,312.7,1353,51.8,97,9.599999999999966,7339.325925463402,70085.4,5024.599999999999,0,1,0,0
300.5,312.0,1646,29.5,106,11.5,5084.87714934532,48557.0,3127.0,0,1,0,0
297.1,307.8,1477,36.6,177,10.699999999999989,5660.961466209591,54058.200000000004,6478.2,0,1,0,0
298.9,310.2,1971,23.2,155,11.300000000000011,4788.541186307706,45727.2,3596.0,0,1,0,0
299.1,308.3,1325,46.9,28,9.199999999999989,6507.547382523458,62142.5,1313.2,0,1,0,0
297.7,308.7,1479,45.7,93,11.0,7078.039664464341,67590.3,4250.1,0,1,0,0
304.0,313.1,1720,28.7,106,9.100000000000023,5169.385991726885,49364.0,3042.2,0,1,0,0
302.8,312.2,1515,36.8,162,9.399999999999977,5838.3357874312715,55751.99999999999,5961.599999999999,0,1,0,0
299.0,310.1,1580,41.9,55,11.100000000000023,6932.657228431716,66202.0,2304.5,0,1,0,0
303.9,313.1,1668,34.4,137,9.200000000000045,6008.735772961982,57379.2,4712.8,0,0,1,0
297.7,309.7,1616,31.1,20,12.0,5262.963564901813,50257.600000000006,622.0,1,0,0,0
299.0,310.4,1382,53.0,89,11.399999999999977,7670.3031834946,73246.0,4717.0,0,1,0,0
301.9,310.7,1947,25.0,137,8.800000000000011,5097.23408044944,48675.0,3425.0,0,1,0,0
297.1,307.8,1538,34.3,181,10.699999999999989,5524.32312972946,52753.399999999994,6208.299999999999,0,0,1,0
299.0,310.1,1444,47.7,161,11.100000000000023,7212.971068936021,68878.8,7679.700000000001,0,1,0,0
300.2,311.7,1286,55.1,42,11.5,7420.295240121924,70858.6,2314.2000000000003,0,1,0,0
298.4,308.2,1499,40.0,211,9.800000000000011,6278.996516974799,59960.0,8440.0,0,0,1,0
299.3,309.0,1447,50.4,140,9.699999999999989,7637.086077170643,72928.8,7056.0,0,1,0,0
301.6,310.8,1435,47.2,152,9.199999999999989,7092.878453764796,67732.0,7174.400000000001,1,0,0,0
299.0,310.3,1472,36.1,97,11.300000000000011,5564.724011254624,53139.200000000004,3501.7000000000003,0,1,0,0
302.2,311.4,1398,47.2,202,9.199999999999989,6909.995873423823,65985.6,9534.400000000001,0,0,1,0
298.9,310.1,1555,40.6,176,11.200000000000045,6611.272299969481,63133.0,7145.6,0,0,1,0
302.2,311.2,1873,24.0,99,9.0,4707.362432138946,44952.0,2376.0,0,0,1,0
300.7,310.7,1431,39.3,22,10.0,5889.261004345962,56238.299999999996,864.5999999999999,0,1,0,0
300.7,311.7,1499,38.9,3,11.0,6106.324112757992,58311.1,116.69999999999999,0,0,1,0
297.8,308.5,1699,27.8,199,10.699999999999989,4946.144417762795,47232.200000000004,5532.2,0,1,0,0
302.7,310.6,1501,48.7,4,7.900000000000034,7654.8779635654755,73098.7,194.8,0,1,0,0
301.0,310.9,1578,38.4,49,9.899999999999977,6345.514505426808,60595.2,1881.6,0,1,0,0
298.7,309.9,1753,26.8,40,11.199999999999989,4919.775983423664,46980.4,1072.0,0,1,0,0
300.1,310.1,1380,52.6,59,10.0,7601.3975846258645,72588.0,3103.4,0,1,0,0
297.3,308.7,1619,31.6,129,11.399999999999977,5357.504559823842,51160.4,4076.4,0,1,0,0
299.0,310.3,1558,35.4,223,11.300000000000011,5775.62959806562,55153.2,7894.2,0,0,1,0
302.7,312.2,1336,46.8,179,9.5,6547.581744905704,62524.799999999996,8377.199999999999,0,1,0,0
298.8,309.1,1513,40.3,160,10.300000000000011,6385.171876690622,60973.899999999994,6448.0,0,1,0,0
298.8,308.5,1425,47.4,90,9.699999999999989,7073.295859557418,67545.0,4266.0,0,0,1,0
301.3,310.7,1819,25.5,46,9.399999999999977,4857.373481347859,46384.5,1173.0,0,0,1,0
302.4,311.0,1462,48.5,81,8.600000000000023,7425.363676269716,70907.0,3928.5,0,1,0,0
302.5,311.5,1655,32.3,142,9.0,5597.951589554092,53456.49999999999,4586.599999999999,1,0,0,0
301.1,310.6,1407,43.9,111,9.5,6468.25653040256,61767.299999999996,4872.9,1,0,0,0
301.8,311.2,1451,39.4,70,9.399999999999977,5986.765568337877,57169.4,2758.0,1,0,0,0
299.7,309.3,1574,35.8,6,9.600000000000023,5900.874425188732,56349.2,214.79999999999998,0,1,0,0
300.1,310.2,1475,54.2,53,10.099999999999966,8371.820823041202,79945.0,2872.6000000000004,0,1,0,0
299.0,310.1,1699,32.9,87,11.100000000000023,5853.530623899133,55897.1,2862.2999999999997,0,1,0,0
298.8,308.6,1501,35.0,55,9.800000000000011,5501.4523352113265,52535.0,1925.0,0,1,0,0
300.1,309.2,1599,30.1,216,9.099999999999966,5040.1513419337125,48129.9,6501.6,0,1,0,0
301.1,311.6,1432,48.1,202,10.5,7213.012956838069,68879.2,9716.2,0,1,0,0
303.1,312.6,1404,40.6,152,9.5,5969.277369232895,57002.4,6171.2,1,0,0,0
301.2,312.3,1548,38.3,87,11.100000000000023,6208.666729436436,59288.399999999994,3332.1,0,0,1,0
300.8,310.3,1526,36.3,205,9.5,5800.8251711474095,55393.799999999996,7441.499999999999,0,0,1,0
298.3,309.1,1417,60.5,143,10.800000000000011,8977.467526775752,85728.5,8651.5,0,1,0,0
301.9,310.7,1405,47.9,80,8.800000000000011,7047.587159675543,67299.5,3832.0,0,0,1,0
303.9,313.0,1483,45.0,78,9.100000000000023,6988.472857910494,66735.0,3510.0,0,1,0,0
298.8,309.5,1374,48.1,159,10.699999999999989,6920.865784005244,66089.40000000001,7647.900000000001,0,1,0,0
298.1,307.6,1565,36.3,140,9.5,5949.07692847031,56809.49999999999,5082.0,0,0,1,0
298.3,309.2,1456,45.5,75,10.899999999999977,6937.474337167221,66248.0,3412.5,0,1,0,0
299.8,309.5,1542,40.3,141,9.699999999999989,6507.557854498969,62142.6,5682.299999999999,0,1,0,0
297.3,308.6,1456,42.9,122,11.300000000000011,6541.047232186236,62462.4,5233.8,0,0,1,0
302.4,311.8,1673,30.1,210,9.400000000000034,5273.404124487242,50357.3,6321.0,0,1,0,0
300.5,309.8,1550,37.4,148,9.300000000000011,6070.604204286677,57970.0,5535.2,0,1,0,0
297.6,308.6,1389,49.0,34,11.0,7127.331253199163,68061.0,1666.0,0,0,1,0
302.4,310.8,1686,28.8,150,8.400000000000034,5084.856205394296,48556.8,4320.0,0,1,0,0
295.8,306.5,1534,37.9,88,10.699999999999989,6088.259954999851,58138.6,3335.2,0,1,0,0
300.3,311.6,1709,29.5,27,11.300000000000011,5279.498814235208,50415.5,796.5,0,1,0,0
297.7,307.2,1444,40.0,17,9.5,6048.6130557115475,57760.0,680.0,0,1,0,0
297.6,308.3,1640,30.9,79,10.699999999999989,5306.778310443879,50676.0,2441.1,1,0,0,0
298.1,309.9,1629,32.5,45,11.799999999999955,5544.125635422587,52942.5,1462.5,0,1,0,0
303.6,313.0,1522,35.8,133,9.399999999999977,5705.928129057973,54487.6,4761.4,0,1,0,0
301.6,310.9,1632,31.6,189,9.299999999999955,5400.523435226998,51571.200000000004,5972.400000000001,0,1,0,0
298.8,310.1,1243,74.5,194,11.300000000000011,9697.415843223414,92603.5,14453.0,0,0,1,1
295.9,306.6,1557,41.1,113,10.700000000000045,6701.2998734458515,63992.700000000004,4644.3,0,1,0,0
298.4,309.5,1397,50.3,110,11.100000000000023,7358.562944478884,70269.09999999999,5533.0,0,1,0,0
297.5,308.9,1459,48.5,193,11.399999999999977,7410.126951899805,70761.5,9360.5,0,1,0,0
297.3,308.7,1352,53.8,91,11.399999999999977,7617.063659991764,72737.59999999999,4895.8,0,1,0,0
302.5,311.2,1545,40.1,165,8.699999999999989,6487.860068560963,61954.5,6616.5,0,1,0,0
301.1,312.3,1486,34.9,122,11.199999999999989,5430.913108162723,51861.4,4257.8,0,1,0,0
302.5,311.9,1595,34.6,112,9.399999999999977,5779.169125788665,55187.0,3875.2000000000003,1,0,0,0
299.6,309.4,1643,32.9,145,9.799999999999955,5660.594947066673,54054.7,4770.5,0,1,0,0
300.7,310.9,1535,37.1,113,10.199999999999989,5963.632974431944,56948.5,4192.3,0,1,0,0
298.4,308.2,1364,45.9,63,9.800000000000011,6556.25254062961,62607.6,2891.7,0,1,0,0
296.7,307.7,1597,32.1,114,11.0,5368.3221105277025,51263.700000000004,3659.4,0,0,1,0
302.0,310.5,1381,58.4,201,8.5,8445.690138302607,80650.4,11738.4,0,0,1,0
302.3,311.8,1355,50.1,104,9.5,7108.952936175665,67885.5,5210.400000000001,0,0,1,0
303.7,313.0,1811,24.3,209,9.300000000000011,4608.4336794774035,44007.3,5078.7,0,1,0,0
300.5,311.9,1330,59.5,33,11.399999999999977,8286.997821394276,79135.0,1963.5,0,1,0,0
297.6,308.8,1539,40.2,72,11.199999999999989,6478.780865792088,61867.8,2894.4,0,1,0,0
300.4,311.7,1459,45.6,3,11.300000000000011,6967.047196013013,66530.40000000001,136.8,0,1,0,0
298.8,310.0,1487,41.4,152,11.199999999999989,6446.736620725471,61561.799999999996,6292.8,0,1,0,0
302.8,312.2,1615,32.9,159,9.399999999999977,5564.127108650442,53133.5,5231.099999999999,0,0,1,0
303.5,313.0,1393,51.6,80,9.5,7527.130334295001,71878.8,4128.0,0,1,0,0
300.6,310.4,1510,42.8,124,9.799999999999955,6767.828333873371,64627.99999999999,5307.2,1,0,0,0
300.5,309.5,1777,23.6,0,9.0,4391.653314404196,41937.200000000004,0.0,0,1,0,0
300.9,310.7,1452,47.3,25,9.800000000000011,7192.110893716185,68679.59999999999,1182.5,0,0,1,0
297.5,309.3,1563,36.1,100,11.800000000000011,5908.738878798219,56424.3,3610.0,1,0,0,0
298.1,307.8,1525,35.9,132,9.699999999999989,5733.144793413573,54747.5,4738.8,0,0,1,0
300.0,310.4,1881,21.9,102,10.399999999999977,4313.815120423753,41193.899999999994,2233.7999999999997,1,0,0,0
300.4,311.0,1802,26.0,197,10.600000000000023,4906.329966866299,46852.0,5122.0,0,1,0,0
300.1,309.4,1560,47.7,26,9.299999999999955,7792.406417964123,74412.0,1240.2,0,1,0,0
299.2,308.4,1434,46.8,2,9.199999999999989,7027.86842978651,67111.2,93.6,0,1,0,0
300.5,309.8,1555,38.9,166,9.300000000000011,6334.445627310659,60489.5,6457.4,0,0,1,0
297.7,308.9,1838,27.3,99,11.199999999999989,5254.565040541216,50177.4,2702.7000000000003,0,1,0,0
298.4,308.1,1891,24.7,158,9.700000000000045,4891.218906202533,46707.7,3902.6,1,0,0,0
302.2,311.5,1562,38.0,162,9.300000000000011,6215.745784882526,59356.0,6156.0,0,0,1,0
299.6,309.4,1677,31.1,191,9.799999999999955,5461.6274123393205,52154.700000000004,5940.1,0,1,0,0
298.9,309.9,1404,41.4,20,11.0,6086.898598183296,58125.6,828.0,0,0,1,0
300.7,310.1,1261,56.6,98,9.400000000000034,7474.121194253429,71372.6,5546.8,0,1,0,0
301.7,310.5,1377,43.1,183,8.800000000000011,6214.981330670153,59348.700000000004,7887.3,0,1,0,0
302.5,310.9,1477,39.2,144,8.399999999999977,6063.1062698201085,57898.4,5644.8,0,1,0,0
303.8,313.2,1710,26.5,190,9.399999999999977,4745.375703247383,45315.0,5035.0,0,0,1,0
301.3,310.0,2068,17.8,176,8.699999999999989,3854.776073856724,36810.4,3132.8,0,0,1,0
298.8,310.0,1403,45.6,185,11.199999999999989,6699.634829339449,63976.8,8436.0,0,1,0,0
302.4,312.1,1492,47.7,7,9.700000000000045,7452.737420257995,71168.40000000001,333.90000000000003,0,0,1,0
300.5,311.8,1331,55.3,167,11.300000000000011,7707.824271753972,73604.3,9235.1,0,0,1,0
299.4,308.7,1446,62.9,134,9.300000000000011,9524.617775300463,90953.4,8428.6,0,1,0,1
303.3,311.4,1395,59.1,4,8.099999999999966,8633.567850962789,82444.5,236.4,0,0,1,0
301.0,310.9,1473,44.2,116,9.899999999999977,6817.947208673641,65106.600000000006,5127.200000000001,0,1,0,0
303.4,311.7,1690,34.9,189,8.300000000000011,6176.475876712653,58981.0,6596.099999999999,0,0,1,0
297.6,308.5,1678,34.2,114,10.899999999999977,6009.615418904988,57387.600000000006,3898.8,0,1,0,0
300.4,310.2,1613,36.9,231,9.800000000000011,6232.888408795614,59519.7,8523.9,0,0,1,0
297.5,308.8,1430,49.4,2,11.300000000000011,7397.612941163006,70642.0,98.8,1,0,0,0
297.3,308.6,1486,42.6,105,11.300000000000011,6629.137490192895,63303.6,4473.0,0,1,0,0
301.3,310.8,1381,47.9,33,9.5,6927.20132918998,66149.9,1580.7,0,1,0,0
301.5,310.6,1394,46.5,206,9.100000000000023,6788.039246611466,64821.0,9579.0,0,1,0,0
301.7,311.0,1441,44.3,208,9.300000000000011,6684.921703745137,63836.299999999996,9214.4,0,1,0,1
300.3,309.6,1624,32.6,175,9.300000000000011,5544.115163447075,52942.4,5705.0,0,1,0,0
297.2,308.1,1689,31.2,145,10.900000000000034,5518.395991589687,52696.799999999996,4524.0,0,1,0,0
297.6,308.3,1816,28.8,106,10.699999999999989,5476.926968562302,52300.8,3052.8,0,1,0,0
299.3,308.5,1496,39.4,80,9.199999999999989,6172.4336941650345,58942.4,3152.0,0,0,1,0
299.5,310.0,1388,52.4,94,10.5,7616.393453558999,72731.2,4925.599999999999,0,1,0,0
300.8,312.4,1767,25.6,105,11.599999999999966,4737.019066788834,45235.200000000004,2688.0,0,1,0,0
301.3,310.4,1504,47.2,193,9.099999999999966,7433.929752238504,70988.8,9109.6,0,1,0,0
297.6,308.9,1479,38.1,182,11.299999999999955,5900.947729017316,56349.9,6934.2,0,0,1,0
300.5,309.6,1465,41.6,217,9.100000000000023,6382.040756012545,60944.0,9027.2,0,1,0,0
300.7,310.1,1721,32.3,170,9.400000000000034,5821.193163518183,55588.299999999996,5490.999999999999,0,1,0,0
302.6,312.1,1611,39.9,210,9.5,6731.270667361098,64278.899999999994,8379.0,0,0,1,0
302.5,310.2,1307,54.0,86,7.699999999999989,7390.910876835347,70578.0,4644.0,0,1,0,1
297.4,308.3,1366,45.5,11,10.900000000000034,6508.646939952214,62153.0,500.5,0,1,0,0
301.7,310.7,1493,51.1,87,9.0,7989.31097351562,76292.3,4445.7,0,1,0,0
299.8,310.8,1376,48.6,159,11.0,7002.9870159700795,66873.6,7727.400000000001,0,1,0,0
300.7,310.8,2113,18.5,95,10.100000000000023,4093.54758750506,39090.5,1757.5,0,1,0,0
300.2,311.5,1685,31.0,193,11.300000000000011,5470.036408675429,52235.0,5983.0,0,1,0,0
299.0,308.7,1583,32.5,25,9.699999999999989,5387.569601518697,51447.5,812.5,0,1,0,0
302.2,310.8,1827,23.8,9,8.600000000000023,4553.487223966118,43482.6,214.20000000000002,0,1,0,0
299.8,310.3,1524,34.2,196,10.5,5458.077412640763,52120.8,6703.200000000001,0,1,0,0
298.2,308.4,1310,61.0,189,10.199999999999989,8368.155631612013,79910.0,11529.0,0,1,0,1
303.7,312.4,1512,39.2,184,8.699999999999989,6206.781773844284,59270.4,7212.8,0,1,0,0
297.4,308.3,1483,41.9,47,10.900000000000034,6507.044727698882,62137.7,1969.3,0,0,1,0
301.6,310.9,1510,40.9,152,9.299999999999955,6467.387356435067,61759.0,6216.8,0,0,1,0
300.5,311.8,1368,57.9,191,11.300000000000011,8294.558587713915,79207.2,11058.9,0,1,0,1
300.1,311.5,1343,46.2,28,11.399999999999977,6497.5047580074815,62046.600000000006,1293.6000000000001,0,0,1,0
303.1,311.3,1403,55.6,150,8.199999999999989,8168.852993668275,78006.8,8340.0,0,1,0,0
301.1,310.5,1547,35.8,81,9.399999999999977,5799.652309890069,55382.6,2899.7999999999997,0,0,1,0
301.1,310.7,2219,16.7,79,9.599999999999966,3880.6313813957677,37057.299999999996,1319.3,0,0,1,0
303.4,311.6,1497,42.8,58,8.200000000000045,6709.562262124792,64071.6,2482.3999999999996,0,1,0,0
297.6,308.6,1393,40.4,127,11.0,5893.334602820118,56277.2,5130.8,0,1,0,0
296.8,308.0,1536,40.4,217,11.199999999999989,6498.321572097415,62054.399999999994,8766.8,0,1,0,0
299.4,309.2,1427,41.5,29,9.800000000000011,6201.556258063812,59220.5,1203.5,0,1,0,0
303.8,312.5,1619,30.9,142,8.699999999999989,5238.825661346731,50027.1,4387.8,0,1,0,0
298.4,309.0,1544,38.8,97,10.600000000000023,6273.467313904482,59907.2,3763.6,0,0,1,0
298.0,307.7,1430,47.3,49,9.699999999999989,7083.1395165386675,67639.0,2317.7,0,1,0,0
300.3,311.5,1540,41.5,151,11.199999999999989,6692.6395496974565,63910.0,6266.5,0,0,1,0
303.2,311.5,1336,58.2,2,8.300000000000011,8142.505503280171,77755.2,116.4,0,0,1,1
303.7,312.7,1359,56.8,194,9.0,8083.443561392681,77191.2,11019.199999999999,0,1,0,1
303.6,312.5,1345,54.1,126,8.899999999999977,7619.880621404483,72764.5,6816.6,0,1,0,0
298.5,309.4,1573,36.0,97,10.899999999999977,5930.070292916093,56628.0,3492.0,1,0,0,0
298.0,308.8,1489,36.5,109,10.800000000000011,5691.3616111208285,54348.5,3978.5,0,1,0,0
298.9,310.2,1654,31.1,158,11.300000000000011,5386.721371502226,51439.4,4913.8,0,1,0,0
303.4,312.9,1422,39.9,63,9.5,5941.568522028231,56737.799999999996,2513.7,0,0,1,0
300.3,309.6,1398,53.7,82,9.300000000000011,7861.584288196171,75072.6,4403.400000000001,0,0,1,0
298.8,308.6,1331,62.8,81,9.800000000000011,8753.189227235976,83586.8,5086.8,0,1,0,0
300.9,311.0,1499,38.0,111,10.100000000000023,5965.046691126059,56962.0,4218.0,0,1,0,0
301.0,312.2,1264,59.0,57,11.199999999999989,7809.580457803748,74576.0,3363.0,0,1,0,0
296.4,307.4,2833,5.6,213,11.0,1661.3579710223783,15864.8,1192.8,0,1,0,1
296.3,307.2,1454,42.5,35,10.899999999999977,6471.1572676193755,61795.0,1487.5,0,0,1,0
301.5,310.8,1452,44.1,157,9.300000000000011,6705.541023528199,64033.200000000004,6923.7,0,0,1,0
300.3,309.8,1444,42.0,3,9.5,6351.0437084971245,60648.0,126.0,0,0,1,0
296.6,307.4,1521,38.6,173,10.799999999999955,6148.159654928296,58710.6,6677.8,0,1,0,0
298.6,308.4,1485,42.9,38,9.799999999999955,6671.329079530606,63706.5,1630.2,0,1,0,0
299.0,310.4,1625,37.1,131,11.399999999999977,6313.292236776489,60287.5,4860.1,0,0,1,0
303.7,313.1,1423,41.2,124,9.400000000000034,6139.467915253365,58627.600000000006,5108.8,0,1,0,0
303.9,312.7,1800,24.3,158,8.800000000000011,4580.442088933918,43740.0,3839.4,0,1,0,0
299.4,309.1,1432,45.4,137,9.700000000000045,6808.124495643417,65012.799999999996,6219.8,0,1,0,0
297.0,307.9,1455,49.0,204,10.899999999999977,7465.994941256143,71295.0,9996.0,0,1,0,0
302.6,311.0,1591,33.9,119,8.399999999999977,5648.049520403337,53934.899999999994,4034.1,0,0,1,0
301.3,310.4,1635,32.5,110,9.099999999999966,5564.545987670921,53137.5,3575.0,0,0,1,0
298.0,309.2,1527,32.4,99,11.199999999999989,5180.988940594142,49474.799999999996,3207.6,0,1,0,0
298.8,308.7,1446,45.5,49,9.899999999999977,6889.826848587775,65793.0,2229.5,0,0,1,0
302.3,310.7,1499,37.8,137,8.399999999999977,5933.651708541185,56662.2,5178.599999999999,0,1,0,0
300.1,311.3,2579,12.5,64,11.199999999999989,3375.9031056700314,32237.5,800.0,0,1,0,1
299.0,308.5,1623,33.5,154,9.5,5693.665445733461,54370.5,5159.0,1,0,0,0
303.5,312.8,1607,38.4,92,9.300000000000011,6462.1304247280605,61708.799999999996,3532.7999999999997,0,1,0,0
300.2,311.6,1662,28.8,162,11.400000000000034,5012.473910655586,47865.6,4665.6,1,0,0,0
303.9,312.9,1526,42.5,194,9.0,6791.599718285535,64855.0,8245.0,0,1,0,0
302.0,310.9,1495,38.6,52,8.899999999999977,6043.062908690206,57707.0,2007.2,0,1,0,0
302.7,312.0,1828,24.0,63,9.300000000000011,4594.2650966097135,43872.0,1512.0,0,1,0,0
300.6,309.5,1437,40.0,55,8.899999999999977,6019.291524278044,57480.0,2200.0,0,1,0,0
301.6,310.6,1555,40.4,139,9.0,6578.704456127266,62822.0,5615.599999999999,1,0,0,0
303.4,312.7,1363,45.5,26,9.300000000000011,6494.35269337838,62016.5,1183.0,0,1,0,0
300.1,310.5,1492,50.9,111,10.399999999999977,7952.711419101298,75942.8,5649.9,0,1,0,0
299.0,309.0,1469,40.1,13,10.0,6168.716142858287,58906.9,521.3000000000001,0,1,0,0
296.5,307.6,1415,44.2,106,11.100000000000023,6549.487644448882,62543.00000000001,4685.200000000001,0,1,0,0
297.4,309.3,1516,43.0,83,11.900000000000034,6826.47139674038,65188.0,3569.0,1,0,0,0
300.2,311.8,1798,23.2,210,11.600000000000023,4368.23797715944,41713.6,4872.0,0,1,0,0
299.8,311.1,1498,38.1,176,11.300000000000011,5976.754359748438,57073.8,6705.6,0,0,1,0
296.6,307.4,1465,47.8,187,10.799999999999955,7333.210291764414,70027.0,8938.6,0,1,0,0
298.2,309.0,1596,37.2,87,10.800000000000011,6217.337525160345,59371.200000000004,3236.4,0,1,0,0
303.6,312.9,1873,23.5,7,9.299999999999955,4609.292381469385,44015.5,164.5,0,1,0,0
299.8,310.6,1694,31.3,121,10.800000000000011,5552.471799905625,53022.200000000004,3787.3,0,0,1,0
297.5,308.3,1596,36.8,77,10.800000000000011,6150.4844334919535,58732.799999999996,2833.6,0,1,0,0
298.1,309.1,1572,37.5,126,11.0,6173.229564303943,58950.0,4725.0,0,0,1,0
301.9,311.0,2691,12.1,31,9.100000000000023,3409.7904184267536,32561.1,375.09999999999997,0,1,0,1
296.2,307.3,1477,35.2,53,11.100000000000023,5444.421956573159,51990.4,1865.6000000000001,0,0,1,0
300.9,310.3,1321,48.8,150,9.400000000000034,6750.738069837843,64464.799999999996,7320.0,0,1,0,0
302.4,311.0,1573,36.5,193,8.600000000000023,6012.432380317706,57414.5,7044.5,0,1,0,0
298.0,308.9,1578,35.6,153,10.899999999999977,5882.820739406103,56176.8,5446.8,0,1,0,0
298.8,310.1,1501,48.7,192,11.300000000000011,7654.8779635654755,73098.7,9350.400000000001,0,0,1,0
297.6,308.8,1416,45.9,101,11.199999999999989,6806.197652149215,64994.4,4635.9,0,0,1,0
298.2,309.2,1524,34.6,161,11.0,5521.914575361708,52730.4,5570.6,0,0,1,0
297.4,308.7,1510,36.2,92,11.300000000000011,5724.191254350842,54662.00000000001,3330.4,0,1,0,0
301.0,310.9,1568,38.2,172,9.899999999999977,6272.462004255333,59897.600000000006,6570.400000000001,0,1,0,0
297.3,308.7,1451,43.8,24,11.399999999999977,6655.338372923832,63553.799999999996,1051.1999999999998,0,0,1,0
302.8,312.1,1520,39.9,48,9.300000000000011,6351.043708497126,60648.0,1915.1999999999998,0,1,0,0
301.4,310.3,1492,41.4,195,8.900000000000034,6468.413610035241,61768.799999999996,8073.0,0,1,0,0
301.8,309.7,1598,30.4,124,7.899999999999977,5087.201927908975,48579.2,3769.6,0,1,0,0
304.2,313.4,1568,37.6,25,9.199999999999989,6173.941658638757,58956.8,940.0,0,1,0,0
299.0,308.6,1434,45.9,108,9.600000000000023,6892.717113829078,65820.59999999999,4957.2,0,1,0,0
301.8,310.6,1459,40.2,128,8.800000000000011,6142.002133327262,58651.8,5145.6,0,0,1,0
302.2,311.3,1570,36.1,0,9.100000000000023,5935.2015609169575,56677.0,0.0,0,1,0,0
300.5,309.9,1503,37.4,175,9.399999999999977,5886.527818737339,56212.2,6545.0,0,1,0,0
300.7,310.7,1450,43.4,80,10.0,6590.01418968019,62930.0,3472.0,0,1,0,0
298.3,308.5,1629,37.1,170,10.199999999999989,6328.832648436246,60435.9,6307.0,0,0,1,0
298.9,308.4,1632,31.8,17,9.5,5434.703963298055,51897.6,540.6,1,0,0,0
300.8,310.7,1358,48.1,198,9.899999999999977,6840.273460465153,65319.8,9523.800000000001,0,1,0,0
301.8,309.8,1546,39.8,121,8.0,6443.49030831676,61530.799999999996,4815.799999999999,0,0,1,0
300.2,309.2,1667,29.9,75,9.0,5219.578170355737,49843.299999999996,2242.5,0,1,0,0
303.4,312.3,1287,54.8,54,8.900000000000034,7385.633001177316,70527.59999999999,2959.2,0,1,0,0
301.7,310.1,1743,27.3,210,8.400000000000034,4982.974355638378,47583.9,5733.0,0,0,1,0
300.6,310.0,1483,44.0,97,9.399999999999977,6833.173461068039,65252.0,4268.0,1,0,0,0
300.2,310.3,1408,42.5,0,10.100000000000023,6266.43014636044,59840.0,0.0,1,0,0,0
298.4,308.3,1473,39.9,184,9.900000000000034,6154.662751721228,58772.7,7341.599999999999,0,1,0,0
299.1,310.3,1838,24.0,235,11.199999999999989,4619.397837838431,44112.0,5640.0,0,0,1,0
299.0,309.9,1630,34.0,92,10.899999999999977,5803.568828731544,55420.0,3128.0,0,1,0,0
299.7,309.3,1779,25.5,129,9.600000000000023,4750.559331125806,45364.5,3289.5,0,1,0,0
297.3,308.3,1410,48.1,23,11.0,7102.198511970446,67821.0,1106.3,0,1,0,0
303.5,312.9,1618,30.4,130,9.399999999999977,5150.8715390217285,49187.2,3952.0,0,0,1,0
303.8,312.5,1447,46.6,198,8.699999999999989,7061.274031669682,67430.2,9226.800000000001,1,0,0,0
300.7,311.2,1769,26.5,63,10.5,4909.1050403769705,46878.5,1669.5,0,0,1,0
298.1,308.0,1704,30.9,61,9.899999999999977,5513.872098168518,52653.6,1884.8999999999999,0,1,0,0
298.1,308.6,1415,46.3,27,10.5,6860.66239678695,65514.49999999999,1250.1,0,0,1,0
300.9,310.8,1599,33.0,7,9.900000000000034,5525.747318399087,52767.0,231.0,0,0,1,0
300.1,309.8,1430,56.7,44,9.699999999999989,8490.782464857135,81081.0,2494.8,0,1,0,0
302.6,311.7,1430,51.7,32,9.099999999999966,7742.036215751568,73931.0,1654.4,0,0,1,0
300.7,310.0,1395,48.0,85,9.300000000000011,7012.034802812417,66960.0,4080.0,0,1,0,0
300.3,311.7,1646,28.9,198,11.399999999999977,4981.455919189143,47569.399999999994,5722.2,0,0,1,0
301.5,310.7,1416,53.2,69,9.199999999999989,7888.664816870115,75331.2,3670.8,0,0,1,0
302.9,312.4,1550,36.9,194,9.5,5989.44639406894,57195.0,7158.599999999999,0,1,0,0
302.7,311.6,2709,9.7,2,8.900000000000034,2751.7524212058356,26277.3,19.4,0,0,1,1
302.6,310.3,1479,40.4,105,7.699999999999989,6257.172920007863,59751.6,4242.0,0,1,0,0
300.2,309.9,1566,36.4,170,9.699999999999989,5969.277369232894,57002.399999999994,6188.0,0,1,0,0
302.4,311.8,1543,31.1,96,9.400000000000034,5025.218304853649,47987.3,2985.6000000000004,0,1,0,0
298.3,307.7,1576,33.8,171,9.399999999999977,5578.295691518132,53268.799999999996,5779.799999999999,0,1,0,0
297.1,308.3,1496,45.8,190,11.199999999999989,7175.0625175827045,68516.8,8702.0,0,1,0,0
298.2,309.0,2449,13.8,45,10.800000000000011,3539.1297879750455,33796.200000000004,621.0,0,1,0,0
300.5,310.5,1373,47.4,56,10.0,6815.182607138482,65080.2,2654.4,0,1,0,0
300.3,309.5,1405,49.4,77,9.199999999999989,7268.284043590226,69407.0,3803.7999999999997,0,0,1,0
302.4,311.0,1423,46.2,186,8.600000000000023,6884.548972929745,65742.6,8593.2,0,1,0,0
298.1,307.6,1950,20.3,202,9.5,4145.331506411732,39585.0,4100.6,0,1,0,0
301.0,310.9,1428,45.3,47,9.899999999999977,6774.153407082598,64688.399999999994,2129.1,0,1,0,0
299.1,310.5,1485,37.8,46,11.399999999999977,5878.234014131862,56132.99999999999,1738.8,0,1,0,0
303.6,311.8,1421,44.8,101,8.199999999999989,6666.543386721636,63660.799999999996,4524.799999999999,0,0,1,1
296.2,307.2,1515,36.5,38,11.0,5790.740658729386,55297.5,1387.0,0,1,0,0
301.3,311.0,1542,33.6,80,9.699999999999989,5425.656176455716,51811.200000000004,2688.0,0,1,0,0
297.7,307.6,1921,22.9,68,9.900000000000034,4606.716275493441,43990.899999999994,1557.1999999999998,0,1,0,0
299.7,311.1,1439,44.9,174,11.400000000000034,6766.058570011848,64611.1,7812.599999999999,0,1,0,0
299.0,310.3,1428,46.3,175,11.300000000000011,6923.693217393473,66116.4,8102.499999999999,0,1,0,0
301.4,311.0,1234,55.8,152,9.600000000000023,7210.709122225436,68857.2,8481.6,0,0,1,0
304.2,313.8,1481,44.9,136,9.600000000000023,6963.539084216504,66496.9,6106.4,0,0,1,0
301.0,312.3,1550,34.9,111,11.300000000000011,5664.815153197996,54095.0,3873.8999999999996,0,1,0,0
296.8,307.9,1271,61.4,125,11.099999999999966,8172.266857685177,78039.4,7675.0,0,1,0,0
302.3,310.9,2034,19.7,190,8.599999999999966,4196.099643693743,40069.799999999996,3743.0,0,1,0,0
298.8,309.0,1497,43.8,147,10.199999999999989,6866.327735538923,65568.59999999999,6438.599999999999,1,0,0,0
297.9,309.8,2000,21.3,29,11.900000000000034,4461.061568097506,42600.0,617.7,0,1,0,0
298.9,308.5,1429,55.1,140,9.600000000000023,8245.413606636259,78737.90000000001,7714.0,0,1,0,0
302.5,310.3,1523,36.0,72,7.800000000000011,5741.574733700706,54828.0,2592.0,0,1,0,0
299.2,308.4,1396,48.5,5,9.199999999999989,7090.155740131685,67706.0,242.5,0,0,1,0
304.2,313.4,1735,28.9,192,9.199999999999989,5250.80560133242,50141.5,5548.799999999999,0,1,0,0
302.9,312.1,1334,54.7,88,9.200000000000045,7641.379587130549,72969.8,4813.6,0,1,0,0
297.3,308.0,1403,45.0,77,10.699999999999989,6611.481739479719,63135.0,3465.0,0,0,1,0
297.8,309.1,1432,42.6,17,11.300000000000011,6388.240165515629,61003.200000000004,724.2,0,0,1,0
302.2,311.6,1872,20.4,202,9.400000000000034,3999.121784313663,38188.799999999996,4120.799999999999,0,1,0,0
303.8,313.2,1531,39.4,159,9.399999999999977,6316.842236475045,60321.4,6264.599999999999,0,1,0,0
301.4,310.4,1559,36.0,196,9.0,5877.291536335785,56124.0,7056.0,0,1,0,0
298.0,308.7,1430,51.9,47,10.699999999999989,7771.986065715791,74217.0,2439.2999999999997,0,0,1,0
300.4,309.3,1411,41.6,160,8.900000000000034,6146.798298111741,58697.6,6656.0,0,0,1,0
302.1,310.8,1504,37.5,42,8.699999999999989,5906.194188748811,56400.0,1575.0,0,0,1,0
298.7,309.8,1402,54.3,128,11.100000000000023,7972.168349602531,76128.59999999999,6950.4,0,1,0,0
298.4,309.7,1870,22.5,170,11.300000000000011,4406.083696659684,42075.0,3825.0,0,0,1,0
300.5,309.5,1255,62.1,138,9.0,8161.386475128244,77935.5,8569.800000000001,0,1,0,0
297.9,309.0,1583,36.7,104,11.100000000000023,6083.809365407267,58096.100000000006,3816.8,0,1,0,0
299.1,310.8,1517,38.4,185,11.699999999999989,6100.218951034517,58252.799999999996,7104.0,0,0,1,0
298.9,308.7,1389,44.9,69,9.800000000000011,6530.962719768212,62366.1,3098.1,0,1,0,0
298.1,307.7,1633,30.7,145,9.599999999999966,5249.925955389415,50133.1,4451.5,0,0,1,0
296.6,307.6,1459,40.2,96,11.0,6142.002133327262,58651.8,3859.2000000000003,0,1,0,0
300.5,311.5,1316,49.7,55,11.0,6849.216527552372,65405.200000000004,2733.5,0,1,0,0
303.4,312.2,1615,35.7,56,8.800000000000011,6037.669841301545,57655.50000000001,1999.2000000000003,0,0,1,0
298.2,307.8,1804,25.1,108,9.600000000000023,4741.752399720243,45280.4,2710.8,0,1,0,0
298.0,307.6,1654,28.9,123,9.600000000000023,5005.667126572808,47800.6,3554.7,0,1,0,0
303.8,313.2,1506,46.9,154,9.399999999999977,7396.502911758737,70631.4,7222.599999999999,1,0,0,0
304.0,313.3,1415,52.8,82,9.300000000000011,7823.82234450002,74712.0,4329.599999999999,0,0,1,0
299.0,310.3,1437,47.8,99,11.300000000000011,7193.053371512262,68688.59999999999,4732.2,0,1,0,0
300.4,311.9,1438,46.7,41,11.5,7032.413267158704,67154.6,1914.7,1,0,0,0
301.7,311.0,1537,33.5,146,9.300000000000011,5391.967831233722,51489.5,4891.0,0,0,1,0
299.3,310.5,1505,38.8,30,11.199999999999989,6115.005380457412,58393.99999999999,1164.0,0,1,0,0
301.2,310.1,1295,56.6,39,8.900000000000034,7675.643891005701,73297.0,2207.4,0,0,1,0
302.5,312.2,1738,25.3,14,9.699999999999989,4604.674240268608,43971.4,354.2,0,1,0,0
299.4,308.7,1381,56.7,102,9.300000000000011,8199.839569208183,78302.7,5783.400000000001,0,1,0,0
297.9,309.1,1619,34.7,33,11.200000000000045,5883.082538793903,56179.3,1145.1000000000001,0,1,0,0
299.0,310.0,1582,31.9,51,11.0,5284.766217917726,50465.799999999996,1626.8999999999999,0,1,0,0
302.0,310.9,1558,45.3,193,8.899999999999977,7390.8480449822755,70577.4,8742.9,0,0,1,0
301.9,310.6,1412,46.5,89,8.700000000000045,6875.6896816466215,65658.0,4138.5,0,0,1,0
297.1,308.5,1515,42.1,81,11.399999999999977,6679.18306116458,63781.5,3410.1,0,0,1,0
295.8,306.3,1337,54.6,87,10.5,7644.5630676861865,73000.2,4750.2,0,1,0,0
299.8,309.4,1401,48.1,143,9.599999999999966,7056.865329979144,67388.1,6878.3,0,0,1,0
301.5,310.5,1528,35.7,198,9.0,5712.420753875393,54549.600000000006,7068.6,0,1,0,0
300.7,311.9,1329,59.2,121,11.199999999999989,8239.015229598448,78676.8,7163.200000000001,1,0,0,0
302.2,310.6,1346,47.5,109,8.400000000000034,6695.257543575448,63935.0,5177.5,0,1,0,1
297.0,307.9,1569,33.3,141,10.899999999999977,5471.366349565447,52247.7,4695.299999999999,0,0,1,0
301.2,310.0,1445,45.6,18,8.800000000000011,6900.194104344621,65892.0,820.8000000000001,0,0,1,0
300.7,312.3,1446,45.4,86,11.600000000000023,6874.684371997472,65648.4,3904.4,1,0,0,0
300.2,311.6,1356,53.5,132,11.400000000000034,7596.999354910837,72546.0,7062.0,0,1,0,0
300.6,311.0,1543,34.7,89,10.399999999999977,5606.915600592335,53542.100000000006,3088.3,0,1,0,0
300.7,310.1,1376,50.8,75,9.400000000000034,7319.994658668313,69900.8,3810.0,0,1,0,0
301.4,310.4,1689,30.6,110,9.0,5412.272991751423,51683.4,3366.0,0,1,0,0
298.4,309.2,1583,35.4,112,10.800000000000011,5868.306581346518,56038.2,3964.7999999999997,0,1,0,0
300.0,310.4,1333,49.1,131,10.399999999999977,6853.939388508268,65450.3,6432.1,0,1,0,0
302.3,310.9,1762,24.5,73,8.599999999999966,4520.647108760592,43169.0,1788.5,0,0,1,0
300.3,310.2,1429,44.7,203,9.899999999999977,6689.110493949925,63876.3,9074.1,0,0,1,0
297.5,309.3,1404,43.5,195,11.800000000000011,6395.654324178101,61074.0,8482.5,0,1,0,0
300.0,310.5,1558,36.7,137,10.5,5987.728990084979,57178.600000000006,5027.900000000001,1,0,0,0
298.4,307.7,1626,31.1,166,9.300000000000011,5295.531408744027,50568.600000000006,5162.6,1,0,0,0
298.3,309.1,1296,58.7,201,10.800000000000011,7966.576314679141,76075.2,11798.7,0,0,1,0
300.9,310.5,1702,29.3,32,9.600000000000023,5222.2275801602655,49868.6,937.6,0,0,1,0
297.3,308.3,1550,37.0,54,11.0,6005.677956112489,57350.0,1998.0,0,1,0,0
303.4,311.9,1402,50.0,54,8.5,7340.85483388815,70100.0,2700.0,1,0,0,0
303.6,313.1,1395,44.1,120,9.5,6442.306975083909,61519.5,5292.0,0,1,0,0
302.1,311.0,1351,49.5,196,8.899999999999977,7003.0812637496865,66874.5,9702.0,0,1,0,0
300.0,309.5,1735,28.9,82,9.5,5250.80560133242,50141.5,2369.7999999999997,1,0,0,0
297.2,308.6,1562,33.0,84,11.400000000000034,5397.884497397983,51546.0,2772.0,0,1,0,0
300.7,311.7,2097,18.9,232,11.0,4150.389470584011,39633.299999999996,4384.799999999999,0,0,1,1
298.5,309.3,1488,43.7,189,10.800000000000011,6809.464908508949,65025.600000000006,8259.300000000001,0,0,1,0
302.1,310.6,1439,40.0,7,8.5,6027.669104687616,57560.0,280.0,0,1,0,0
299.8,310.1,1553,42.0,177,10.300000000000011,6830.450747434928,65226.0,7434.0,0,1,0,0
300.7,309.3,1425,45.3,100,8.600000000000023,6759.921992361836,64552.49999999999,4530.0,0,1,0,0
297.9,307.6,1298,52.7,132,9.700000000000045,7163.312961058279,68404.6,6956.400000000001,0,1,0,0
298.8,308.4,1604,29.5,14,9.599999999999966,4955.129372752061,47318.0,413.0,0,0,1,0
300.2,309.5,1495,32.6,49,9.300000000000011,5103.7267052668585,48737.0,1597.4,0,1,0,0
299.5,309.1,1863,22.5,79,9.600000000000023,4389.590335228338,41917.5,1777.5,0,1,0,0
300.5,309.4,2179,16.3,59,8.899999999999977,3719.40484641354,35517.700000000004,961.7,0,0,1,0
298.0,307.4,1606,35.2,195,9.399999999999977,5919.933420620511,56531.200000000004,6864.000000000001,1,0,0,0
298.0,308.2,1514,37.9,9,10.199999999999989,6008.8823806191485,57380.6,341.09999999999997,0,1,0,0
302.9,312.4,1923,23.9,244,9.5,4812.888529373026,45959.7,5831.599999999999,0,1,0,0
298.7,308.4,1750,25.8,72,9.699999999999989,4728.096943652638,45150.0,1857.6000000000001,0,1,0,0
296.9,307.9,1435,41.6,139,11.0,6251.35050162321,59696.0,5782.400000000001,0,1,0,0
299.4,309.2,1564,39.0,26,9.800000000000011,6387.486183278768,60996.0,1014.0,0,1,0,0
300.3,311.7,1317,56.5,7,11.399999999999977,7792.249338331445,74410.5,395.5,0,1,0,0
298.9,308.4,1449,42.4,149,9.5,6433.73042713961,61437.6,6317.599999999999,1,0,0,0
298.0,308.6,1532,42.6,54,10.600000000000023,6834.346322325379,65263.200000000004,2300.4,0,1,0,0
296.2,307.0,1542,40.6,28,10.800000000000011,6556.001213217324,62605.200000000004,1136.8,1,0,0,0
299.4,309.1,1352,44.7,172,9.700000000000045,6328.675568803567,60434.4,7688.400000000001,0,0,1,0
298.8,309.8,1563,33.7,143,11.0,5515.914133393351,52673.100000000006,4819.1,0,1,0,0
298.3,308.9,1379,54.7,91,10.599999999999966,7899.147264357593,75431.3,4977.7,0,1,0,0
301.7,310.1,1424,50.2,54,8.400000000000034,7485.870750777856,71484.8,2710.8,0,1,0,0
298.7,310.1,1676,33.5,70,11.400000000000034,5879.595370948417,56146.0,2345.0,0,1,0,0
302.5,310.5,1527,38.8,136,8.0,6204.394163427553,59247.6,5276.799999999999,0,0,1,0
299.6,310.1,1384,49.8,11,10.5,7217.6206260633335,68923.2,547.8,0,1,0,0
300.3,311.8,1451,41.0,55,11.5,6229.882951823679,59491.0,2255.0,0,1,0,0
300.3,309.3,1612,36.0,158,9.0,6077.096829104095,58032.0,5688.0,0,1,0,0
301.0,309.5,1430,48.5,122,8.5,7262.838616324005,69355.0,5917.0,0,1,0,0
300.9,310.5,1616,33.5,25,9.600000000000023,5669.108663157901,54136.0,837.5,0,1,0,0
300.6,310.9,1433,42.6,101,10.299999999999955,6392.701227083726,61045.8,4302.6,0,1,0,0
301.3,310.1,1469,39.7,179,8.800000000000011,6107.182814749975,58319.3,7106.3,1,0,0,0
297.7,307.4,1643,36.5,55,9.699999999999989,6279.991354648437,59969.5,2007.5,0,1,0,0
297.1,308.4,1468,44.4,197,11.299999999999955,6825.549862895328,65179.2,8746.8,0,1,0,0
300.0,311.4,1604,38.7,185,11.399999999999977,6500.457855101856,62074.8,7159.500000000001,0,1,0,0
298.9,308.6,1574,33.5,128,9.700000000000045,5521.76796770454,52729.0,4288.0,0,0,1,0
299.7,308.9,1478,41.0,87,9.199999999999989,6345.8077207411425,60598.0,3567.0,0,0,1,0
300.7,310.5,1445,41.1,201,9.800000000000011,6219.2538966790335,59389.5,8261.1,0,1,0,0
298.9,310.2,1623,37.2,177,11.300000000000011,6322.51804720253,60375.600000000006,6584.400000000001,0,1,0,0
298.1,308.1,1410,45.8,71,10.0,6762.592346117389,64577.99999999999,3251.7999999999997,0,1,0,0
300.1,309.3,1654,31.0,201,9.199999999999989,5369.400724005434,51274.0,6231.0,0,1,0,0
301.8,310.0,1393,44.9,208,8.199999999999989,6549.770387787705,62545.7,9339.199999999999,0,1,0,0
301.5,310.7,1510,36.0,64,9.199999999999989,5692.5658883047045,54360.0,2304.0,0,0,1,0
297.6,308.7,1408,54.8,147,11.099999999999966,8080.008753424755,77158.4,8055.599999999999,0,0,1,0
299.8,309.4,1436,51.6,158,9.599999999999966,7759.482526954502,74097.6,8152.8,0,1,0,0
300.3,309.9,1405,52.1,205,9.599999999999966,7665.538434636656,73200.5,10680.5,1,0,0,0
297.3,308.9,1799,24.5,137,11.599999999999966,4615.575566776564,44075.5,3356.5,0,0,1,0
301.3,310.6,1481,40.9,57,9.300000000000011,6343.179254887639,60572.9,2331.2999999999997,0,1,0,0
298.7,309.6,1755,26.9,73,10.900000000000034,4943.767279321577,47209.5,1963.6999999999998,1,0,0,0
299.9,311.4,1497,37.0,162,11.5,5800.322516322834,55389.0,5994.0,1,0,0,0
300.5,310.3,1336,57.1,29,9.800000000000011,7988.609351156319,76285.6,1655.9,0,1,0,0
302.0,310.8,1767,27.4,11,8.800000000000011,5070.090719922424,48415.799999999996,301.4,0,1,0,0
299.4,310.7,1551,41.2,3,11.300000000000011,6691.718015852404,63901.200000000004,123.60000000000001,0,1,0,0
301.8,310.2,1457,40.4,213,8.399999999999977,6164.098001657509,58862.799999999996,8605.199999999999,0,1,0,0
297.3,308.5,1764,30.8,148,11.199999999999989,5689.549959357259,54331.200000000004,4558.400000000001,0,1,0,0
298.9,309.6,1434,43.8,180,10.700000000000045,6577.364043261734,62809.2,7883.999999999999,0,0,1,0
301.2,309.9,1643,32.9,171,8.699999999999989,5660.594947066673,54054.7,5625.9,0,1,0,0
295.8,306.3,1444,45.5,76,10.5,6880.297350871885,65702.0,3458.0,0,0,1,0
296.9,307.7,1424,43.3,120,10.800000000000011,6456.9363248741265,61659.2,5196.0,0,1,0,0
298.2,309.0,1413,55.0,145,10.800000000000011,8138.295769124359,77715.0,7975.0,0,1,0,0
302.0,310.4,1828,26.3,82,8.399999999999977,5034.548835034811,48076.4,2156.6,0,0,1,0
300.5,310.0,1406,50.2,119,9.5,7391.24598005173,70581.2,5973.8,0,0,1,0
300.4,309.6,1432,44.7,192,9.200000000000045,6703.15341311147,64010.4,8582.400000000001,0,1,0,0
299.9,309.5,1779,26.1,169,9.600000000000023,4862.337197740531,46431.9,4410.900000000001,0,1,0,0
297.2,307.9,1541,35.7,169,10.699999999999989,5761.021192226427,55013.700000000004,6033.3,0,0,1,0
297.1,308.2,1427,45.2,136,11.099999999999966,6754.466093120104,64500.4,6147.200000000001,0,1,0,0
298.2,307.9,1403,45.1,193,9.699999999999989,6626.173921123008,63275.3,8704.300000000001,0,0,1,0
302.9,312.2,1510,41.4,94,9.300000000000011,6546.45077155041,62514.0,3891.6,0,1,0,0
302.9,312.4,1659,33.1,152,9.5,5750.465440910365,54912.9,5031.2,0,0,1,0
297.9,307.3,1420,47.8,171,9.400000000000034,7107.958098502026,67876.0,8173.799999999999,0,0,1,0
302.3,310.1,1688,30.4,115,7.800000000000011,5373.715177916365,51315.2,3496.0,1,0,0,0
300.0,311.4,1508,38.2,18,11.399999999999977,6032.444325521073,57605.600000000006,687.6,0,1,0,0
301.6,310.5,1602,32.3,2,8.899999999999977,5418.681840764747,51744.6,64.6,1,0,0,0
298.0,308.2,1611,30.6,195,10.199999999999989,5162.32788023182,49296.600000000006,5967.0,0,1,0,0
298.9,309.7,1449,48.8,147,10.800000000000011,7404.859548217287,70711.2,7173.599999999999,0,1,0,0
297.4,308.8,1462,49.7,132,11.400000000000034,7609.0840146516475,72661.40000000001,6560.400000000001,0,1,0,0
300.5,311.4,1442,47.0,53,10.899999999999977,7097.276683479821,67774.0,2491.0,0,1,0,0
302.7,311.2,1545,35.1,128,8.5,5678.89996026159,54229.5,4492.8,0,1,0,0
300.0,309.7,1586,37.8,103,9.699999999999989,6278.033095227698,59950.799999999996,3893.3999999999996,0,1,0,0
297.2,307.9,1441,40.0,195,10.699999999999989,6036.04668509719,57640.0,7800.0,0,1,0,0
302.8,312.2,1458,51.0,42,9.399999999999977,7786.75155118766,74358.0,2142.0,0,1,0,0
302.5,310.3,1592,32.6,174,7.800000000000011,5434.871514906246,51899.200000000004,5672.400000000001,0,1,0,0
298.9,310.0,1482,41.1,82,11.100000000000023,6378.501228289502,60910.200000000004,3370.2000000000003,0,1,0,0
302.4,310.2,2224,16.0,154,7.800000000000011,3726.3477661779734,35584.0,2464.0,0,1,0,0
304.1,313.3,1438,45.5,188,9.199999999999989,6851.708857724219,65429.0,8554.0,0,1,0,0
300.7,312.3,1577,33.2,100,11.600000000000023,5482.749386946955,52356.4,3320.0000000000005,0,1,0,0
301.9,310.5,1477,42.4,128,8.600000000000023,6558.053720417668,62624.799999999996,5427.2,0,1,0,0
302.5,311.5,1521,44.1,37,9.0,7024.19276638181,67076.1,1631.7,0,1,0,0
302.4,311.1,1652,33.9,139,8.700000000000045,5864.599502015282,56002.799999999996,4712.099999999999,0,1,0,0
298.6,309.7,1294,59.4,104,11.099999999999966,8049.137369615481,76863.59999999999,6177.599999999999,0,1,0,0
301.5,310.8,1591,29.6,33,9.300000000000011,4931.630259703209,47093.600000000006,976.8000000000001,1,0,0,0
299.1,309.5,1339,48.2,86,10.399999999999977,6758.592051471818,64539.8,4145.2,0,0,1,0
295.8,306.6,1621,31.6,95,10.800000000000011,5364.122848347405,51223.600000000006,3002.0,0,1,0,0
304.0,312.7,1456,51.2,160,8.699999999999989,7806.564528856302,74547.2,8192.0,0,0,1,0
302.7,310.5,1568,36.9,28,7.800000000000011,6059.001255419418,57859.2,1033.2,1,0,0,0
304.1,313.6,1441,43.7,131,9.5,6594.38100346868,62971.700000000004,5724.700000000001,0,0,1,0
298.1,309.9,1642,30.4,58,11.799999999999955,5227.275072357032,49916.799999999996,1763.1999999999998,0,1,0,0
298.0,308.7,1479,58.5,176,10.699999999999989,9060.510292585643,86521.5,10296.0,0,0,1,1
302.4,311.8,1493,38.4,132,9.400000000000034,6003.709224716239,57331.2,5068.8,0,1,0,0
303.6,311.9,1544,37.1,88,8.299999999999955,5998.5989006663995,57282.4,3264.8,1,0,0,0
301.9,311.0,1638,35.4,116,9.100000000000023,6072.195944564495,57985.2,4106.4,0,0,1,0
298.4,309.6,1477,35.6,101,11.200000000000045,5506.290387897854,52581.200000000004,3595.6000000000004,0,1,0,0
298.3,309.1,1437,38.0,93,10.800000000000011,5718.326948064142,54606.0,3534.0,0,1,0,0
297.5,309.1,1611,30.2,211,11.600000000000023,5094.846470032711,48652.2,6372.2,0,1,0,0
298.0,307.8,1588,35.4,114,9.800000000000011,5886.841978002698,56215.2,4035.6,1,0,0,0
298.8,309.8,1377,49.6,27,11.0,7152.2754988686675,68299.2,1339.2,0,0,1,0
298.7,308.5,1480,42.2,58,9.800000000000011,6540.377025753471,62456.00000000001,2447.6000000000004,0,1,0,0
298.7,309.7,1565,39.3,94,11.0,6440.736178757113,61504.49999999999,3694.2,1,0,0,0
298.8,308.3,1634,27.9,12,9.5,4774.0270282481215,45588.6,334.79999999999995,0,1,0,0
302.7,310.8,1555,36.1,35,8.100000000000023,5878.495813519661,56135.5,1263.5,0,0,1,0
297.3,308.5,1520,42.4,171,11.199999999999989,6748.978777951834,64448.0,7250.4,0,0,1,0
298.8,308.9,1398,51.5,0,10.099999999999966,7539.508209350145,71997.0,0.0,0,1,0,0
300.8,311.2,1365,51.7,111,10.399999999999977,7390.12547867195,70570.5,5738.700000000001,0,0,1,0
302.0,310.9,1446,44.0,64,8.899999999999977,6662.689699733233,63624.0,2816.0,0,1,0,0
301.1,310.6,1479,41.1,72,9.5,6365.589282483247,60786.9,2959.2000000000003,0,0,1,0
300.7,310.8,1465,45.2,92,10.100000000000023,6934.332744513631,66218.0,4158.400000000001,0,0,1,0
304.1,313.3,1732,28.5,132,9.199999999999989,5169.176552216646,49362.0,3762.0,0,1,0,0
297.7,308.4,1288,49.5,91,10.699999999999989,6676.512707409028,63756.0,4504.5,1,0,0,0
299.2,310.6,1704,30.6,160,11.400000000000034,5460.339359351348,52142.4,4896.0,1,0,0,0
302.1,311.0,1729,26.1,210,8.899999999999977,4725.6779173093755,45126.9,5481.0,1,0,0,0
299.6,309.2,1602,37.3,31,9.599999999999966,6257.487079273222,59754.6,1156.3,0,1,0,0
299.3,308.5,1510,45.4,72,9.199999999999989,7178.958092473155,68554.0,3268.7999999999997,0,1,0,0
300.9,311.3,1613,32.7,170,10.400000000000034,5523.453955761967,52745.100000000006,5559.000000000001,0,1,0,0
299.5,309.1,1422,45.3,103,9.600000000000023,6745.690577641075,64416.6,4665.9,0,0,1,0
297.4,309.2,1420,45.6,193,11.800000000000011,6780.813583508209,64752.0,8800.800000000001,0,1,0,0
297.7,308.9,1531,48.3,84,11.199999999999989,7743.743147760017,73947.3,4057.2,0,0,1,0
297.8,309.4,1495,36.5,132,11.599999999999966,5714.295237492034,54567.5,4818.0,0,0,1,0
300.8,311.7,1681,31.3,221,10.899999999999977,5509.861331547434,52615.3,6917.3,0,1,0,0
300.0,310.4,1385,52.1,128,10.399999999999977,7556.42044980197,72158.5,6668.8,0,0,1,0
297.1,308.6,1717,31.3,61,11.5,5627.859551616267,53742.1,1909.3,0,0,1,0
296.2,306.9,1526,34.9,140,10.699999999999989,5577.101886309769,53257.4,4886.0,0,1,0,0
302.2,311.4,1390,48.1,40,9.199999999999989,7001.4581075453325,66859.0,1924.0,0,1,0,0
297.4,308.0,1383,46.2,188,10.600000000000023,6691.026865468614,63894.600000000006,8685.6,0,1,0,0
302.4,311.9,1366,47.3,162,9.5,6766.131873840433,64611.799999999996,7662.599999999999,1,0,0,0
297.3,308.3,1309,61.5,56,11.0,8430.30680627553,80503.5,3444.0,0,1,0,0
301.7,310.6,1380,45.8,70,8.900000000000034,6618.707402582977,63203.99999999999,3206.0,0,0,1,0
303.2,311.4,1514,41.2,230,8.199999999999989,6532.083221147994,62376.8,9476.0,0,1,0,0
299.5,309.1,1357,47.3,106,9.600000000000023,6721.552674085993,64186.1,5013.799999999999,0,1,0,0
300.7,310.7,1507,46.1,209,10.0,7275.164131501589,69472.7,9634.9,0,1,0,0
299.2,310.4,1395,55.4,76,11.199999999999989,8093.056834912665,77283.0,4210.4,0,0,1,0
300.2,309.2,1431,51.3,57,9.0,7687.50863926076,73410.3,2924.1,0,1,0,0
298.7,308.6,1722,24.7,64,9.900000000000034,4454.087232406537,42533.4,1580.8,0,0,1,0
299.3,308.6,1482,37.6,132,9.300000000000011,5835.3198584838265,55723.200000000004,4963.2,0,1,0,0
298.7,309.9,1465,39.7,72,11.199999999999989,6090.553317636973,58160.50000000001,2858.4,0,1,0,0
297.4,308.2,1585,46.2,37,10.800000000000011,7668.313508147326,73227.0,1709.4,1,0,0,0
302.8,312.2,1481,40.2,230,9.399999999999977,6234.616284755089,59536.200000000004,9246.0,0,1,0,0
301.0,309.6,1724,28.1,133,8.600000000000023,5073.085704918846,48444.4,3737.3,0,1,0,0
303.4,311.8,2133,18.3,207,8.400000000000034,4087.6204493652876,39033.9,3788.1000000000004,0,0,1,0
299.4,308.8,1390,57.0,92,9.400000000000034,8296.946198130643,79230.0,5244.0,0,1,0,0
299.0,310.3,1475,42.4,93,11.300000000000011,6549.173485183522,62540.0,3943.2,0,1,0,0
301.6,310.5,1593,34.5,102,8.899999999999977,5755.240661743821,54958.5,3519.0,0,1,0,0
301.6,310.7,1380,51.8,216,9.099999999999966,7485.78697497376,71484.0,11188.8,0,1,0,1
300.2,311.4,1568,41.0,32,11.199999999999989,6732.223617132687,64288.0,1312.0,0,1,0,0
297.4,308.3,1483,38.8,23,10.900000000000034,6025.61659748727,57540.399999999994,892.4,0,1,0,0
298.5,309.5,1569,41.0,153,11.0,6736.517127092594,64329.0,6273.0,0,1,0,0
302.0,310.4,1212,55.6,79,8.399999999999977,7056.771082199537,67387.2,4392.400000000001,0,0,1,1
301.6,311.0,1485,40.1,142,9.399999999999977,6235.904337743061,59548.5,5694.2,0,1,0,0
297.5,308.9,1390,44.6,140,11.399999999999977,6491.996498888188,61994.0,6244.0,0,1,0,0
299.3,308.8,1341,47.7,199,9.5,6698.472440057622,63965.700000000004,9492.300000000001,0,1,0,0
303.1,312.3,1623,31.6,101,9.199999999999989,5370.741136870966,51286.8,3191.6000000000004,0,0,1,0
299.1,310.2,1352,52.8,41,11.099999999999966,7475.482551069985,71385.59999999999,2164.7999999999997,0,1,0,0
296.7,307.9,1579,33.4,50,11.199999999999989,5522.773277353688,52738.6,1670.0,1,0,0,0
299.2,310.6,1498,41.1,88,11.400000000000034,6447.364939256189,61567.8,3616.8,0,1,0,0
296.3,307.4,1958,19.1,67,11.099999999999966,3916.288458014013,37397.8,1279.7,0,0,1,0
303.7,313.0,1456,45.5,51,9.300000000000011,6937.474337167221,66248.0,2320.5,0,1,0,0
297.4,308.3,1535,34.6,51,10.900000000000034,5561.77091416025,53111.0,1764.6000000000001,0,0,1,0
300.0,309.1,1431,45.4,90,9.100000000000023,6803.370218760984,64967.4,4086.0,0,1,0,0
301.9,310.7,1405,48.8,78,8.800000000000011,7180.005290024354,68564.0,3806.3999999999996,0,1,0,0
300.6,310.0,1542,33.9,100,9.399999999999977,5474.099535174071,52273.799999999996,3390.0,0,0,1,0
302.3,311.4,1909,23.2,25,9.099999999999966,4637.912290543587,44288.799999999996,580.0,0,0,1,0
298.0,308.7,1436,48.2,201,10.699999999999989,7248.198794558275,69215.2,9688.2,0,0,1,0
298.8,309.3,1618,35.1,173,10.5,5947.223388804694,56791.8,6072.3,0,0,1,0
297.8,307.7,1505,39.7,25,9.899999999999977,6256.8482887669925,59748.50000000001,992.5000000000001,0,1,0,0
300.7,310.4,1416,61.8,209,9.699999999999989,9163.900106815283,87508.8,12916.199999999999,0,1,0,1
296.6,307.7,1474,52.6,101,11.099999999999966,8119.173941839511,77532.40000000001,5312.6,0,0,1,0
300.4,309.7,1367,51.2,143,9.300000000000011,7329.377548727036,69990.40000000001,7321.6,0,0,1,0
299.5,308.6,1672,30.5,177,9.100000000000023,5340.288632082171,50996.0,5398.5,0,1,0,0
301.6,310.8,1961,21.8,148,9.199999999999989,4476.748587414431,42749.8,3226.4,0,1,0,0
299.2,308.5,1544,41.6,146,9.300000000000011,6726.191759237795,64230.4,6073.6,0,1,0,0
300.7,311.2,1452,44.4,33,10.5,6751.156948858322,64468.799999999996,1465.2,0,1,0,0
299.3,308.6,1371,50.5,136,9.300000000000011,7250.324605587204,69235.5,6868.0,0,1,0,0
297.2,308.6,1500,37.1,161,11.400000000000034,5827.654372409067,55650.0,5973.1,0,1,0,0
302.3,311.2,1454,43.8,112,8.899999999999977,6669.098548746556,63685.2,4905.599999999999,0,0,1,0
299.5,309.0,1602,31.3,210,9.5,5250.920793063053,50142.6,6573.0,0,0,1,0
299.1,309.5,1512,39.0,75,10.399999999999977,6175.114519896098,58968.0,2925.0,0,1,0,0
298.9,309.9,1592,32.0,60,11.0,5334.8432048159475,50944.0,1920.0,0,1,0,0
299.6,310.9,1533,31.8,91,11.299999999999955,5105.025230230342,48749.4,2893.8,0,1,0,0
298.8,310.1,1653,30.3,119,11.300000000000011,5244.983182947767,50085.9,3605.7000000000003,0,1,0,0
297.8,307.5,1581,33.1,116,9.699999999999989,5480.099977142428,52331.100000000006,3839.6000000000004,0,1,0,0
297.7,307.2,1668,37.8,5,9.5,6602.6224481965955,63050.399999999994,189.0,0,1,0,0
298.9,309.2,1412,44.1,140,10.300000000000011,6520.815375497119,62269.200000000004,6174.0,0,0,1,0
299.7,309.1,1473,39.4,125,9.400000000000034,6077.536652075599,58036.2,4925.0,0,1,0,0
299.1,310.6,1326,49.7,78,11.5,6901.262245846842,65902.2,3876.6000000000004,0,1,0,0
302.3,311.8,1443,43.4,175,9.5,6558.200328074837,62626.2,7595.0,0,0,1,0
300.1,309.6,1625,38.0,46,9.5,6466.444878638991,61750.0,1748.0,0,0,1,0
298.2,307.6,1368,51.8,5,9.400000000000034,7420.693175191377,70862.4,259.0,0,1,0,0
301.4,310.5,1421,43.8,182,9.100000000000023,6517.7366146966,62239.799999999996,7971.599999999999,1,0,0,0
297.2,308.5,1487,46.9,173,11.300000000000011,7303.1871379716085,69740.3,8113.7,0,0,1,0
299.2,310.6,1534,39.7,83,11.400000000000034,6377.412142836257,60899.8,3295.1000000000004,0,1,0,0
301.4,310.7,1590,36.3,43,9.300000000000011,6044.110106241402,57716.99999999999,1560.8999999999999,0,1,0,0
302.3,311.3,1339,50.8,123,9.0,7123.163406945401,68021.2,6248.4,0,0,1,0
298.8,308.6,1571,33.7,61,9.800000000000011,5544.146579373611,52942.700000000004,2055.7000000000003,0,0,1,0
299.1,310.6,1380,44.7,170,11.5,6459.742814311334,61686.00000000001,7599.000000000001,0,1,0,0
300.9,310.4,1576,40.4,92,9.5,6667.548696370785,63670.399999999994,3716.7999999999997,0,0,1,0
297.0,307.9,1422,53.0,115,10.899999999999977,7892.309064348277,75366.0,6095.0,0,0,1,0
302.4,310.7,1362,54.8,155,8.300000000000011,7816.031194719117,74637.59999999999,8494.0,0,1,0,1
300.2,309.8,1394,47.4,21,9.600000000000023,6919.420651384591,66075.59999999999,995.4,0,0,1,0
304.1,313.2,1366,46.6,35,9.099999999999966,6665.998843995016,63655.6,1631.0,0,1,0,0
300.7,310.5,1594,31.0,196,9.800000000000011,5174.6219794828685,49414.0,6076.0,0,0,1,0
303.8,312.6,1565,36.0,179,8.800000000000011,5899.911003441631,56340.0,6444.0,0,1,0,0
298.1,308.8,1432,43.4,68,10.699999999999989,6508.20711698071,62148.799999999996,2951.2,0,1,0,0
302.0,310.9,1564,39.0,15,8.899999999999977,6387.486183278768,60996.0,585.0,0,1,0,0
300.9,310.7,1740,25.3,164,9.800000000000011,4609.973059877662,44022.0,4149.2,0,1,0,0
301.5,310.5,1612,29.8,148,9.0,5030.485708536168,48037.6,4410.400000000001,0,0,1,0
301.9,310.9,1419,47.7,20,9.0,7088.0927609558275,67686.3,954.0,0,0,1,1
298.4,308.9,1501,50.0,203,10.5,7859.217621730467,75050.0,10150.0,0,1,0,0
301.8,311.0,1322,53.0,166,9.199999999999989,7337.294362214082,70066.0,8798.0,0,1,0,0
296.8,308.0,1371,54.5,86,11.199999999999989,7824.607742663418,74719.5,4687.0,0,1,0,0
297.4,308.3,1472,45.5,2,10.900000000000034,7013.710318894332,66976.0,91.0,0,1,0,0
302.4,311.2,1448,50.5,53,8.800000000000011,7657.527373370001,73124.0,2676.5,0,1,0,0
298.6,309.9,1356,59.5,34,11.299999999999955,8448.999282564388,80682.0,2023.0,0,1,0,0
300.2,310.3,1593,36.1,36,10.100000000000023,6022.15037359281,57507.3,1299.6000000000001,0,0,1,0
300.8,310.8,1461,41.3,53,10.0,6318.7167200916865,60339.299999999996,2188.8999999999996,0,0,1,0
299.2,308.4,1711,28.9,197,9.199999999999989,5178.171979181423,49447.899999999994,5693.299999999999,0,1,0,0
302.2,310.7,1567,36.4,100,8.5,5973.089168319249,57038.799999999996,3640.0,0,1,0,0
301.4,310.6,2137,18.0,99,9.200000000000045,4028.150100432833,38466.0,1782.0,0,1,0,0
300.7,310.2,1479,52.3,9,9.5,8100.251082089387,77351.7,470.7,1,0,0,0
300.5,310.8,1509,33.0,153,10.300000000000011,5214.729645693697,49797.0,5049.0,0,1,0,0
299.4,308.7,1512,37.2,126,9.300000000000011,5890.109234362432,56246.4,4687.200000000001,0,1,0,0
301.6,310.9,1538,40.4,13,9.299999999999955,6506.782928311083,62135.2,525.1999999999999,0,1,0,0
302.4,311.8,1476,46.6,110,9.400000000000034,7202.792308738391,68781.6,5126.0,0,1,0,0
302.2,310.8,1397,47.6,11,8.600000000000023,6963.57050014304,66497.2,523.6,1,0,0,0
300.4,309.7,1547,38.0,181,9.300000000000011,6156.055524464319,58786.0,6878.0,0,0,1,0
298.4,308.9,1577,37.1,0,10.5,6126.807296859399,58506.700000000004,0.0,1,0,0,0
299.2,309.1,1410,47.1,9,9.900000000000034,6954.543657251726,66411.0,423.90000000000003,1,0,0,0
300.8,310.3,1383,46.6,19,9.5,6748.957834000809,64447.8,885.4,0,1,0,0
300.4,309.6,1571,33.6,126,9.200000000000045,5527.695105844312,52785.600000000006,4233.6,1,0,0,0
297.6,308.3,1523,39.5,137,10.699999999999989,6299.783388366052,60158.5,5411.5,0,1,0,0
298.8,309.7,1374,58.6,123,10.899999999999977,8431.657691116576,80516.40000000001,7207.8,0,1,0,0
300.9,309.6,1384,42.4,131,8.700000000000045,6145.122782029826,58681.6,5554.4,0,1,0,0
302.3,310.2,1506,33.8,43,7.899999999999977,5330.528750905018,50902.799999999996,1453.3999999999999,1,0,0,0
301.9,310.6,1573,36.6,15,8.700000000000045,6028.904797798029,57571.8,549.0,0,1,0,0
300.2,311.5,1426,44.3,73,11.300000000000011,6615.335426468122,63171.799999999996,3233.8999999999996,1,0,0,0
298.4,308.0,1571,37.4,50,9.600000000000023,6152.8510999576565,58755.399999999994,1870.0,0,1,0,0
297.5,308.8,1471,52.3,152,11.300000000000011,8056.436336547321,76933.3,7949.599999999999,0,0,1,0
299.7,309.2,1401,54.1,118,9.5,7937.139591515004,75794.1,6383.8,0,1,0,0
298.2,308.7,1605,29.4,47,10.5,4941.411084831385,47187.0,1381.8,0,1,0,0
301.8,310.7,1680,32.4,76,8.899999999999977,5700.105710673321,54432.0,2462.4,0,1,0,0
299.6,309.1,1407,50.6,85,9.5,7455.439189940082,71194.2,4301.0,0,1,0,0
299.1,310.6,1818,24.1,173,11.5,4588.17040686175,43813.8,4169.3,0,1,0,0
303.4,312.7,1594,32.8,79,9.300000000000011,5475.083900872195,52283.2,2591.2,0,0,1,0
303.4,312.3,1663,33.9,78,8.900000000000034,5903.649498699403,56375.7,2644.2,0,1,0,0
303.5,311.8,1927,21.9,195,8.300000000000011,4419.309801731298,42201.299999999996,4270.5,0,1,0,0
303.0,312.3,1480,41.4,125,9.300000000000011,6416.388835691793,61272.0,5175.0,0,1,0,0
300.7,309.6,1733,24.8,85,8.900000000000034,4500.687523434785,42978.4,2108.0,0,1,0,0
297.7,309.1,1435,38.8,165,11.400000000000034,5830.586525552417,55677.99999999999,6401.999999999999,0,1,0,0
301.2,310.1,1666,34.9,37,8.900000000000034,6088.762609824426,58143.399999999994,1291.3,0,0,1,0
299.3,308.5,1422,45.4,37,9.199999999999989,6760.58172681909,64558.799999999996,1679.8,0,0,1,0
298.1,309.3,1443,45.3,70,11.199999999999989,6845.3104806864085,65367.899999999994,3171.0,0,1,0,0
300.9,310.7,1392,44.2,97,9.800000000000011,6443.029541394235,61526.4,4287.400000000001,0,1,0,0
298.8,308.5,1527,36.2,3,9.699999999999989,5788.635791651481,55277.4,108.60000000000001,0,1,0,0
302.3,311.0,1521,34.8,72,8.699999999999989,5542.9004142876865,52930.799999999996,2505.6,0,0,1,0
300.7,309.9,1775,26.6,149,9.199999999999989,4944.3432379747355,47215.0,3963.4,0,1,0,0
301.8,310.9,1299,60.4,48,9.099999999999966,8216.270098786457,78459.59999999999,2899.2,0,0,1,0
301.0,311.4,1481,37.5,193,10.399999999999977,5815.8733999581045,55537.5,7237.5,0,1,0,0
297.5,308.6,1347,57.0,132,11.100000000000023,8040.278078332359,76779.0,7524.0,0,0,1,0
298.8,310.2,1527,31.2,102,11.399999999999977,4989.100461312878,47642.4,3182.4,0,0,1,0
298.4,309.1,1525,39.3,86,10.700000000000045,6276.116723709009,59932.49999999999,3379.7999999999997,0,0,1,0
302.7,312.1,1478,36.0,191,9.400000000000034,5571.928730406857,53208.0,6876.0,1,0,0,0
300.8,310.7,1483,40.8,28,9.899999999999977,6336.215391172181,60506.399999999994,1142.3999999999999,0,0,1,0
300.5,309.7,1384,48.6,141,9.199999999999989,7043.702056760603,67262.40000000001,6852.6,0,1,0,0
301.9,310.9,1441,43.7,0,9.0,6594.38100346868,62971.700000000004,0.0,0,0,1,0
301.5,310.9,1469,44.7,164,9.399999999999977,6876.349416103875,65664.3,7330.8,0,1,0,0
298.9,308.6,2069,18.7,27,9.700000000000045,4051.638741506172,38690.299999999996,504.9,0,1,0,0
301.0,312.2,1372,47.0,59,11.199999999999989,6752.748689136141,64484.0,2773.0,0,1,0,0
297.6,308.4,1626,32.4,130,10.799999999999955,5516.888027115963,52682.399999999994,4212.0,0,1,0,0
300.3,309.6,1326,52.4,57,9.300000000000011,7276.179913126247,69482.4,2986.7999999999997,0,1,0,0
300.3,311.4,1371,50.2,109,11.099999999999966,7207.253370306488,68824.2,5471.8,0,0,1,0
298.1,307.8,1636,36.7,51,9.699999999999989,6287.499761090517,60041.200000000004,1871.7,0,0,1,0
300.7,309.5,1445,46.4,24,8.800000000000011,7021.250141262947,67048.0,1113.6,0,0,1,0
297.5,308.6,1546,33.8,139,11.100000000000023,5472.109859826796,52254.799999999996,4698.2,0,1,0,0
301.4,311.1,1469,36.9,133,9.700000000000045,5676.449517991789,54206.1,4907.7,0,1,0,0
300.5,311.4,1611,32.7,44,10.899999999999977,5516.605283777141,52679.700000000004,1438.8000000000002,0,1,0,0
301.0,310.0,1480,43.5,21,9.0,6741.857834603696,64380.0,913.5,0,1,0,0
300.3,310.0,1537,37.5,6,9.699999999999989,6035.78488570939,57637.5,225.0,0,0,1,0
301.5,310.4,1629,34.1,151,8.899999999999977,5817.067205166469,55548.9,5149.1,0,1,0,0
303.6,311.8,1432,42.5,150,8.199999999999989,6373.244296582493,60860.0,6375.0,0,0,1,0
303.6,312.4,1504,49.5,109,8.799999999999955,7796.176329148431,74448.0,5395.5,0,0,1,0
299.5,309.2,1690,29.2,108,9.699999999999989,5167.710475644971,49348.0,3153.6,0,1,0,0
302.8,311.1,1721,30.0,87,8.300000000000011,5406.680956828034,51630.0,2610.0,0,1,0,0
301.2,311.0,1670,33.0,200,9.800000000000011,5771.105704644449,55110.0,6600.0,0,1,0,0
299.1,310.1,1894,20.1,106,11.0,3986.6182455523763,38069.4,2130.6000000000004,0,1,0,0
298.5,308.3,1334,49.8,186,9.800000000000011,6956.8684358153805,66433.2,9262.8,0,1,0,0
301.8,311.1,1395,44.6,171,9.300000000000011,6515.349004279871,62217.0,7626.6,0,0,1,0
302.7,310.9,1395,48.3,80,8.199999999999989,7055.860020329995,67378.5,3864.0,0,1,0,0
301.9,310.8,1567,39.3,9,8.900000000000034,6448.96715150952,61583.1,353.7,0,1,0,0
301.6,310.6,1478,36.6,218,9.0,5664.794209246971,54094.8,7978.8,0,1,0,0
303.9,313.2,1624,39.8,107,9.300000000000011,6768.582316110233,64635.2,4258.599999999999,0,0,1,0
298.5,309.2,1983,20.2,114,10.699999999999989,4194.717342926164,40056.6,2302.7999999999997,0,1,0,0
301.5,310.5,1372,44.0,203,9.0,6321.7221770636215,60368.0,8932.0,0,1,0,0
300.1,309.7,1351,58.2,155,9.599999999999966,8233.925849499632,78628.2,9021.0,0,1,0,0
302.5,310.5,1507,40.2,201,8.0,6344.069372806158,60581.4,8080.200000000001,0,0,1,0
300.8,309.7,1258,54.9,168,8.899999999999977,7232.3861115352065,69064.2,9223.199999999999,0,0,1,0
299.6,309.0,1525,42.8,160,9.399999999999977,6835.058416660193,65269.99999999999,6848.0,0,1,0,0
297.1,307.8,1428,43.7,179,10.699999999999989,6534.8897105852,62403.600000000006,7822.3,0,1,0,0
296.8,307.4,1549,48.3,105,10.599999999999966,7834.786502861049,74816.7,5071.5,0,1,0,0
298.9,310.6,1363,52.6,190,11.700000000000045,7507.757179597864,71693.8,9994.0,0,1,0,0
296.9,308.4,1390,41.8,184,11.5,6084.427211962471,58101.99999999999,7691.2,0,1,0,0
300.5,309.9,1343,63.7,124,9.399999999999977,8958.680802707286,85549.1,7898.8,0,0,1,0
300.8,311.1,1698,24.8,156,10.300000000000011,4409.79077599092,42110.4,3868.8,1,0,0,0
303.8,312.9,1367,49.9,192,9.099999999999966,7143.280071903888,68213.3,9580.8,0,1,0,0
298.4,308.2,1528,36.2,196,9.800000000000011,5792.426646786813,55313.600000000006,7095.200000000001,0,1,0,0
298.9,310.1,1549,40.2,65,11.200000000000045,6520.87820735019,62269.8,2613.0,0,0,1,0
301.6,310.9,1419,50.2,51,9.299999999999955,7459.586092242821,71233.8,2560.2000000000003,1,0,0,0
298.8,309.7,1424,49.6,129,10.899999999999977,7396.3981920036185,70630.40000000001,6398.400000000001,0,1,0,0
298.9,310.2,1491,45.1,101,11.300000000000011,7041.785685241914,67244.1,4555.1,0,1,0,0
301.4,310.5,1647,33.3,85,9.100000000000023,5743.365441513252,54845.1,2830.4999999999995,0,1,0,0
300.1,310.6,1374,45.4,119,10.5,6532.376436462329,62379.6,5402.599999999999,0,1,0,0
303.6,312.8,1825,25.2,29,9.199999999999989,4816.061537953153,45990.0,730.8,0,0,1,0
301.5,310.9,1400,50.8,2,9.399999999999977,7447.668984110202,71120.0,101.6,0,1,0,0
295.8,306.5,1358,49.2,63,10.699999999999989,6996.703830662901,66813.6,3099.6000000000004,0,1,0,0
302.9,312.2,1292,54.4,136,9.300000000000011,7360.207044634262,70284.8,7398.4,0,0,1,0
301.9,309.6,1551,34.6,211,7.7000000000000455,5619.743770594495,53664.600000000006,7300.6,0,0,1,0
300.9,310.8,1477,38.4,31,9.900000000000034,5939.369407170719,56716.799999999996,1190.3999999999999,1,0,0,0
300.6,310.7,1501,45.3,175,10.099999999999966,7120.451165287803,67995.3,7927.499999999999,1,0,0,0
302.2,311.6,1594,36.8,82,9.400000000000034,6142.777059515146,58659.2,3017.6,1,0,0,0
298.9,310.1,1655,31.5,172,11.200000000000045,5459.302633775663,52132.5,5418.0,0,0,1,0
297.4,308.3,1405,51.7,108,10.900000000000034,7606.685932259408,72638.5,5583.6,0,0,1,0
300.8,310.9,1311,55.8,118,10.099999999999966,7660.648022072566,73153.8,6584.4,0,1,0,0
299.2,308.4,1841,22.8,40,9.199999999999989,4395.590777196695,41974.8,912.0,0,1,0,0
297.5,308.6,1481,38.8,14,11.100000000000023,6017.490344489986,57462.799999999996,543.1999999999999,1,0,0,0
301.2,311.6,1461,52.9,208,10.400000000000034,8093.465241957632,77286.9,11003.199999999999,0,1,0,1
301.0,310.1,1756,30.7,2,9.100000000000023,5645.358222696762,53909.2,61.4,1,0,0,0
301.2,310.7,1543,32.9,40,9.5,5316.066952722992,50764.7,1316.0,0,0,1,0
298.2,308.9,1683,31.7,74,10.699999999999989,5586.914127364481,53351.1,2345.7999999999997,0,1,0,0
300.7,311.5,1569,36.4,20,10.800000000000011,5980.712766491961,57111.6,728.0,0,0,1,0
300.4,309.7,1539,37.7,156,9.300000000000011,6075.871607969197,58020.3,5881.200000000001,0,0,1,0
301.9,311.0,1455,46.0,29,9.100000000000023,7008.893210158828,66930.0,1334.0,0,1,0,0
299.4,309.1,1304,50.5,153,9.700000000000045,6896.005314139836,65852.0,7726.5,0,1,0,0
303.6,312.8,1701,30.8,12,9.199999999999989,5486.351746523072,52390.8,369.6,0,1,0,0
303.2,311.4,1351,53.8,8,8.199999999999989,7611.429737166326,72683.8,430.4,0,1,0,1
299.0,308.7,1507,37.5,134,9.699999999999989,5917.9751611997735,56512.5,5025.0,0,1,0,0
297.5,308.6,1514,36.9,134,11.100000000000023,5850.336671367983,55866.6,4944.599999999999,0,1,0,0
299.4,308.6,1746,26.8,107,9.200000000000045,4900.130557363216,46792.8,2867.6,0,1,0,0
297.8,307.4,1902,24.3,129,9.599999999999966,4840.000473973507,46218.6,3134.7000000000003,0,0,1,0
298.9,308.3,1432,48.9,38,9.400000000000034,7332.979908303151,70024.8,1858.2,0,1,0,0
298.8,310.1,1483,45.4,192,11.300000000000011,7050.592616647476,67328.2,8716.8,1,0,0,0
299.7,311.0,1448,49.8,80,11.300000000000011,7551.383429580714,72110.4,3984.0,0,0,1,0
299.5,310.8,1447,41.0,93,11.300000000000011,6212.708911984055,59327.0,3813.0,0,1,0,0
298.7,310.2,1363,45.5,28,11.5,6494.35269337838,62016.5,1274.0,0,1,0,0
296.7,307.6,1516,37.4,146,10.900000000000034,5937.442563676517,56698.4,5460.4,0,1,0,0
300.5,309.7,1347,54.3,136,9.199999999999989,7659.4228009376675,73142.09999999999,7384.799999999999,0,0,1,0
301.1,311.0,1677,29.1,188,9.899999999999977,5110.397353667981,48800.700000000004,5470.8,0,1,0,0
301.7,310.9,1405,46.4,207,9.199999999999989,6826.89027576086,65192.0,9604.8,0,1,0,1
302.0,311.0,1550,35.2,184,9.0,5713.509839328638,54560.00000000001,6476.8,0,1,0,0
296.3,307.1,1774,25.9,154,10.800000000000011,4811.51670058096,45946.6,3988.6,1,0,0,0
299.0,310.4,1606,31.1,134,11.399999999999977,5230.395721059599,49946.600000000006,4167.400000000001,0,1,0,0
298.0,309.2,1378,49.7,94,11.199999999999989,7171.899980978091,68486.6,4671.8,0,1,0,0
303.5,313.0,1322,59.5,71,9.5,8237.151217957318,78659.0,4224.5,0,1,0,0
298.6,309.4,1439,47.1,149,10.799999999999955,7097.580370769668,67776.90000000001,7017.900000000001,1,0,0,0
296.9,307.5,2721,9.3,18,10.600000000000023,2649.9648192295267,25305.300000000003,167.4,0,1,0,1
299.0,309.0,1419,45.2,27,10.0,6716.599429668835,64138.8,1220.4,0,0,1,0
303.8,312.8,1428,53.3,152,9.0,7970.471889569591,76112.4,8101.599999999999,0,1,0,0
302.2,311.4,1510,44.9,33,9.199999999999989,7099.894677357812,67799.0,1481.7,0,1,0,0
304.0,313.2,1481,42.6,213,9.199999999999989,6606.8321823524075,63090.6,9073.800000000001,0,1,0,0
300.8,312.5,1423,47.3,123,11.699999999999989,7048.466805618547,67307.9,5817.9,0,1,0,0
297.8,307.4,1355,45.8,60,9.599999999999966,6498.803282970966,62058.99999999999,2748.0,0,1,0,0
300.5,311.9,1676,35.2,97,11.399999999999977,6177.962897235352,58995.200000000004,3414.4,0,0,1,0
298.6,309.5,1547,44.8,36,10.899999999999977,7257.665460421092,69305.59999999999,1612.8,0,1,0,0
303.7,312.4,1525,43.9,188,8.699999999999989,7010.725805873422,66947.5,8253.199999999999,0,1,0,0
301.8,309.5,1525,39.6,227,7.699999999999989,6324.026011676254,60390.0,8989.2,0,1,0,0
299.1,310.3,1727,28.7,43,11.199999999999989,5190.424190530425,49564.9,1234.1,0,1,0,0
298.9,310.6,1406,43.8,12,11.700000000000045,6448.9357355829825,61582.799999999996,525.5999999999999,0,1,0,0
296.8,308.2,1643,34.7,191,11.399999999999977,5970.293150857555,57012.100000000006,6627.700000000001,0,1,0,0
299.2,308.5,1442,46.5,11,9.300000000000011,7021.773740038547,67053.0,511.5,0,1,0,0
300.0,311.4,1374,41.9,96,11.399999999999977,6028.779134091886,57570.6,4022.3999999999996,0,1,0,0
297.6,308.5,1431,52.6,26,10.899999999999977,7882.318799709863,75270.6,1367.6000000000001,0,0,1,0
296.7,307.8,1375,51.4,108,11.100000000000023,7401.068693081953,70675.0,5551.2,0,0,1,0
298.7,309.8,1469,38.4,62,11.100000000000023,5907.199498397959,56409.6,2380.7999999999997,0,1,0,0
304.4,313.7,1509,35.0,205,9.300000000000011,5530.77386664483,52815.0,7175.0,0,1,0,1
298.5,309.5,1366,61.9,130,11.0,8854.62078204488,84555.4,8047.0,0,0,1,0
299.0,310.3,1494,46.6,144,11.300000000000011,7290.631239332762,69620.40000000001,6710.400000000001,0,0,1,0
300.2,309.0,1642,31.2,37,8.800000000000011,5364.834942682217,51230.4,1154.3999999999999,0,0,1,0
303.8,313.2,1379,50.2,178,9.399999999999977,7249.308823962544,69225.8,8935.6,1,0,0,0
302.5,310.3,1447,39.2,172,7.800000000000011,5939.955837799389,56722.4,6742.400000000001,0,0,1,0
301.0,311.6,1470,43.4,133,10.600000000000023,6680.910937124053,63798.0,5772.2,0,1,0,0
295.6,306.0,1363,50.0,14,10.399999999999977,7136.651311404813,68150.0,700.0,0,1,0,0
299.0,310.1,1487,47.5,123,11.100000000000023,7396.61810348937,70632.5,5842.5,0,0,1,0
302.5,311.9,1354,49.4,117,9.399999999999977,7004.453092541755,66887.59999999999,5779.8,0,1,0,0
298.4,309.4,1392,50.1,117,11.0,7303.071946240977,69739.2,5861.7,0,1,0,0
298.0,308.7,2101,17.4,198,10.699999999999989,3828.28197581145,36557.399999999994,3445.2,0,0,1,0
300.0,309.1,1631,28.3,110,9.100000000000023,4833.5811529846715,46157.3,3113.0,0,1,0,0
300.1,311.4,1467,35.7,45,11.299999999999955,5484.37254315131,52371.9,1606.5000000000002,0,1,0,0
298.2,308.7,1436,49.1,26,10.5,7383.538606074923,70507.6,1276.6000000000001,0,1,0,0
299.8,309.7,1483,39.6,87,9.899999999999977,6149.856114961235,58726.8,3445.2000000000003,0,1,0,0
301.1,312.3,1534,39.0,129,11.199999999999989,6264.964069788765,59826.0,5031.0,0,1,0,0
301.8,310.6,1295,62.3,91,8.800000000000011,8448.63276342147,80678.5,5669.3,0,1,0,0
302.7,311.7,1480,45.2,8,9.0,7005.33273848476,66896.0,361.6,0,1,0,0
299.8,309.1,1496,44.4,155,9.300000000000011,6955.737462460089,66422.4,6882.0,0,0,1,0
298.4,308.2,1282,60.7,216,9.800000000000011,8149.019072048613,77817.40000000001,13111.2,0,1,0,1
296.0,306.7,2044,22.3,48,10.699999999999989,4773.252102060236,45581.200000000004,1070.4,0,0,1,0
303.0,312.5,1626,30.5,87,9.5,5193.366815649287,49593.0,2653.5,0,1,0,0
298.8,308.9,1852,25.0,57,10.099999999999966,4848.524662040247,46300.0,1425.0,0,1,0,0
299.2,308.4,1877,23.9,4,9.199999999999989,4697.759630594473,44860.299999999996,95.6,0,1,0,0
299.9,310.4,1470,50.0,148,10.5,7696.902001294992,73500.0,7400.0,0,1,0,0
298.3,308.2,1472,44.3,71,9.899999999999977,6828.733343450965,65209.6,3145.2999999999997,0,1,0,0
296.3,307.1,1534,33.8,151,10.800000000000011,5429.6355271502625,51849.2,5103.799999999999,0,0,1,0
302.0,310.5,1573,32.1,143,8.5,5287.646011183517,50493.3,4590.3,0,0,1,0
300.4,311.1,1589,35.5,191,10.700000000000045,5907.1890264224485,56409.5,6780.5,0,1,0,0
298.9,308.5,1534,42.9,121,9.600000000000023,6891.460476767642,65808.59999999999,5190.9,0,0,1,0
302.2,311.3,1577,29.8,112,9.100000000000023,4921.263003946364,46994.6,3337.6,0,0,1,0
302.5,311.6,1419,43.7,39,9.100000000000023,6493.703430896639,62010.3,1704.3000000000002,0,1,0,0
297.2,308.1,1340,61.3,207,10.900000000000034,8601.890125039092,82142.0,12689.099999999999,0,0,1,1
303.8,312.5,1525,38.0,209,8.699999999999989,6068.509809184284,57950.0,7942.0,1,0,0,0
302.0,310.8,2143,17.3,227,8.800000000000011,3882.369729330754,37073.9,3927.1000000000004,0,1,0,0
300.7,311.7,1504,36.9,229,11.0,5811.69508172883,55497.6,8450.1,0,0,1,0
303.2,311.2,1404,50.9,31,8.0,7483.650691969318,71463.59999999999,1577.8999999999999,0,1,0,0
298.0,307.8,1266,60.5,81,9.800000000000011,8020.800203880101,76593.0,4900.5,0,1,0,0
301.8,310.6,1372,54.7,95,8.800000000000011,7859.050070122275,75048.40000000001,5196.5,0,1,0,0
297.4,308.4,1392,49.7,174,11.0,7244.76398659035,69182.40000000001,8647.800000000001,0,1,0,0
298.4,309.3,1504,39.3,192,10.900000000000034,6189.691509808754,59107.2,7545.599999999999,0,1,0,0
298.8,310.2,1461,46.7,105,11.399999999999977,7144.892756132731,68228.7,4903.5,0,1,0,0
299.8,311.1,1452,47.3,188,11.300000000000011,7192.110893716185,68679.59999999999,8892.4,0,1,0,0
298.6,309.5,1584,31.8,27,10.899999999999977,5274.859729083406,50371.200000000004,858.6,1,0,0,0
300.7,310.6,1720,30.3,96,9.900000000000034,5457.574757816188,52116.0,2908.8,0,1,0,0
300.4,311.6,1359,55.4,160,11.200000000000045,7884.203755302016,75288.59999999999,8864.0,0,0,1,0
299.2,310.4,1570,37.3,37,11.199999999999989,6132.493579562396,58560.99999999999,1380.1,0,1,0,0
303.9,313.0,1403,48.3,10,9.100000000000023,7096.323733708232,67764.9,483.0,0,1,0,0
300.9,310.5,1512,41.2,49,9.600000000000023,6523.454313326135,62294.4,2018.8000000000002,1,0,0,0
303.7,312.2,1487,34.0,94,8.5,5294.421379339759,50558.0,3196.0,0,1,0,0
302.4,312.0,1562,37.9,10,9.600000000000023,6199.388559132834,59199.799999999996,379.0,0,1,0,0
301.5,310.8,1350,58.5,13,9.300000000000011,8270.24266057513,78975.0,760.5,0,1,0,0
299.9,309.2,1436,52.0,107,9.300000000000011,7819.633554295235,74672.0,5564.0,0,1,0,0
302.5,310.3,1539,39.0,119,7.800000000000011,6285.384422037099,60021.0,4641.0,0,1,0,0
303.7,313.1,1496,47.4,48,9.400000000000034,7425.719723437122,70910.4,2275.2,0,1,0,0
300.2,310.3,1331,52.1,30,10.100000000000023,7261.801890748317,69345.1,1563.0,0,1,0,0
297.4,308.3,1335,57.9,113,10.900000000000034,8094.470551606782,77296.5,6542.7,0,0,1,0
299.8,309.2,1591,37.5,109,9.399999999999977,6247.842389826701,59662.5,4087.5,0,1,0,0
297.5,308.9,1554,34.8,204,11.399999999999977,5663.1605810671035,54079.2,7099.2,0,1,0,0
304.1,313.2,1452,48.0,126,9.099999999999966,7298.548052819808,69696.0,6048.0,0,1,0,0
298.8,309.7,1439,45.8,81,10.899999999999977,6901.681124867319,65906.2,3709.7999999999997,0,0,1,0
302.4,312.0,1508,36.9,5,9.600000000000023,5827.151717584491,55645.2,184.5,0,1,0,0
298.9,310.1,1341,54.5,51,11.200000000000045,7653.390943042775,73084.5,2779.5,0,1,0,0
300.6,311.7,1389,52.1,210,11.099999999999966,7578.244046768906,72366.90000000001,10941.0,0,0,1,0
301.6,310.0,1869,22.9,18,8.399999999999977,4482.0159910969505,42800.1,412.2,0,1,0,0
300.7,311.1,1324,52.2,85,10.400000000000034,7237.475491634022,69112.8,4437.0,0,1,0,0
300.9,312.1,1617,31.0,148,11.200000000000045,5249.287164883185,50127.0,4588.0,0,0,1,0
297.9,308.5,2129,18.7,126,10.600000000000023,4169.134306750431,39812.299999999996,2356.2,1,0,0,0
297.4,309.4,1401,45.9,49,12.0,6734.098100749328,64305.9,2249.1,0,1,0,0
295.6,306.1,1383,48.7,147,10.5,7053.095418794837,67352.1,7158.900000000001,0,1,0,0
297.6,308.6,1522,37.0,106,11.0,5897.18828980852,56314.0,3922.0,0,1,0,0
298.0,307.6,1844,23.8,44,9.600000000000023,4595.856836887532,43887.200000000004,1047.2,0,0,1,0
300.1,309.2,1533,37.0,101,9.099999999999966,5939.809230142221,56721.0,3737.0,0,1,0,0
300.7,310.8,1772,27.3,69,10.100000000000023,5065.880985766613,48375.6,1883.7,0,1,0,0
296.8,307.8,1394,47.7,155,11.0,6963.214452975633,66493.8,7393.5,0,1,0,0
301.0,310.5,1379,57.3,204,9.5,8274.60947436362,79016.7,11689.199999999999,0,1,0,1
300.7,311.9,1389,46.5,186,11.199999999999989,6763.691903546144,64588.5,8649.0,1,0,0,0
300.6,309.4,1425,40.3,103,8.799999999999955,6013.7937371342605,57427.49999999999,4150.9,0,1,0,0
304.1,313.3,1397,49.6,34,9.199999999999989,7256.157495947369,69291.2,1686.4,1,0,0,0
301.4,310.3,1639,32.7,171,8.900000000000034,5612.486691564703,53595.3,5591.700000000001,0,1,0,0
302.0,310.6,1583,35.2,171,8.600000000000023,5835.152306875635,55721.600000000006,6019.200000000001,0,1,0,0
303.5,312.5,1418,42.2,170,9.0,6266.3882584583935,59839.600000000006,7174.000000000001,0,1,0,0
296.7,307.9,1743,27.9,55,11.199999999999989,5092.490275542518,48629.7,1534.5,0,1,0,0
295.5,305.9,1380,52.4,202,10.399999999999977,7572.494932212839,72312.0,10584.8,0,0,1,0
300.4,309.9,1513,38.7,76,9.5,6131.666293496951,58553.100000000006,2941.2000000000003,1,0,0,0
303.6,313.0,1617,30.9,122,9.399999999999977,5232.353980480336,49965.299999999996,3769.7999999999997,0,1,0,0
301.4,310.1,1623,32.3,39,8.700000000000045,5489.713250662411,52422.899999999994,1259.6999999999998,1,0,0,0
297.6,309.6,1330,53.1,7,12.0,7395.623265815731,70623.0,371.7,0,0,1,0
303.5,313.1,1897,23.6,75,9.600000000000023,4688.2196609030725,44769.200000000004,1770.0,0,1,0,0
302.4,311.4,1475,45.2,46,9.0,6981.666073827718,66670.0,2079.2000000000003,0,0,1,0
302.8,310.8,1451,44.7,32,8.0,6792.091901134597,64859.700000000004,1430.4,0,0,1,0
300.7,309.7,1397,51.3,155,9.0,7504.8564423810485,71666.09999999999,7951.5,0,0,1,0
300.7,309.5,1633,31.3,90,8.800000000000011,5352.5303714556585,51112.9,2817.0,0,0,1,0
297.8,309.0,1675,30.0,110,11.199999999999989,5262.167694762904,50250.0,3300.0,0,0,1,0
299.3,310.3,1396,47.4,14,11.0,6929.348084169935,66170.4,663.6,0,1,0,0
299.4,309.1,1547,40.9,50,9.700000000000045,6625.859761857649,63272.299999999996,2045.0,1,0,0,0
298.1,307.7,1445,48.0,73,9.599999999999966,7263.362215099602,69360.0,3504.0,0,0,1,0
296.7,307.6,1540,38.6,53,10.900000000000034,6224.961123333056,59444.0,2045.8000000000002,0,1,0,0
301.9,309.7,1424,42.8,140,7.800000000000011,6382.375859228929,60947.2,5992.0,0,1,0,0
299.0,310.3,1501,43.0,91,11.300000000000011,6758.927154688202,64543.0,3913.0,0,1,0,0
303.7,312.5,1632,36.6,186,8.800000000000011,6255.036637003422,59731.200000000004,6807.6,0,1,0,0
303.5,311.6,2183,17.0,110,8.100000000000023,3886.2548322456937,37111.0,1870.0,0,1,0,0
297.8,308.9,1518,40.4,2,11.099999999999966,6422.169366174399,61327.2,80.8,0,1,0,0
300.3,309.8,1450,55.0,135,9.5,8351.400470792867,79750.0,7425.0,0,1,0,0
301.1,311.1,2089,19.8,162,10.0,4331.439455210391,41362.200000000004,3207.6,0,0,1,0
300.2,309.6,1442,49.2,61,9.400000000000034,7429.48963462143,70946.40000000001,3001.2000000000003,1,0,0,0
302.3,311.6,1488,41.8,75,9.300000000000011,6513.401216834646,62198.399999999994,3135.0,0,1,0,0
300.1,311.2,1452,42.4,190,11.099999999999966,6447.05077999083,61564.799999999996,8056.0,0,0,1,0
302.6,312.3,1660,30.3,36,9.699999999999989,5267.1942430086465,50298.0,1090.8,0,1,0,0
299.3,310.8,1426,42.4,0,11.5,6331.607721946916,60462.4,0.0,0,1,0,0
302.7,310.5,1511,37.7,60,7.800000000000011,5965.329434464883,56964.700000000004,2262.0,0,1,0,0
302.8,311.1,1563,32.2,78,8.300000000000011,5270.398667515309,50328.600000000006,2511.6000000000004,0,1,0,0
301.4,310.5,1432,54.3,81,9.100000000000023,8142.756830692456,77757.59999999999,4398.3,0,1,0,0
301.4,310.7,1657,28.7,108,9.300000000000011,4980.042202495028,47555.9,3099.6,0,1,0,0
302.2,310.5,1507,40.4,111,8.300000000000011,6375.631906999222,60882.799999999996,4484.4,0,0,1,0
298.0,309.2,1665,36.6,22,11.199999999999989,6381.517157236947,60939.0,805.2,0,1,0,0
298.8,309.7,1953,20.6,25,10.899999999999977,4213.064244023129,40231.8,515.0,0,1,0,0
298.6,309.7,1422,49.7,139,11.099999999999966,7400.901141473762,70673.40000000001,6908.3,0,0,1,0
298.2,307.9,1462,45.5,171,9.699999999999989,6966.062830314888,66521.0,7780.5,1,0,0,0
304.1,313.2,1510,46.9,152,9.099999999999966,7416.148337819184,70819.0,7128.8,0,0,1,0
300.2,309.8,1398,54.8,39,9.600000000000023,8022.622327619182,76610.4,2137.2,0,1,0,0
302.4,310.2,1633,28.0,164,7.800000000000011,4788.206083091323,45724.0,4592.0,0,1,0,0
301.3,310.4,1538,38.4,195,9.099999999999966,6184.66496156301,59059.2,7488.0,0,1,0,0
302.2,311.2,1360,52.8,176,9.0,7519.716175632529,71808.0,9292.8,0,0,1,0
300.9,310.6,1552,34.9,95,9.700000000000045,5672.124592105347,54164.799999999996,3315.5,0,1,0,0
301.3,310.6,1576,30.4,92,9.300000000000011,5017.165355684947,47910.399999999994,2796.7999999999997,0,1,0,0
299.7,309.5,1352,49.7,184,9.800000000000011,7036.581113412467,67194.40000000001,9144.800000000001,0,1,0,0
298.4,308.9,1391,48.4,100,10.5,7050.194681578023,67324.4,4840.0,0,1,0,0
302.6,311.9,1354,48.0,67,9.299999999999955,6805.946324736928,64992.0,3216.0,0,1,0,0
300.3,311.7,1432,47.7,61,11.399999999999977,7153.029481105528,68306.40000000001,2909.7000000000003,1,0,0,0
298.3,309.0,1339,58.8,35,10.699999999999989,8244.921423787197,78733.2,2058.0,0,1,0,0
298.3,309.0,1526,36.9,20,10.699999999999989,5896.706578934971,56309.4,738.0,0,0,1,0
299.0,309.0,1436,43.9,20,10.0,6601.575250645399,63040.4,878.0,1,0,0,0
303.7,312.8,1627,31.7,40,9.100000000000023,5401.0156180760605,51575.9,1268.0,0,1,0,0
301.7,310.9,1644,32.5,201,9.199999999999989,5595.1765160434215,53430.0,6532.5,0,0,1,0
297.7,309.7,1570,35.8,160,12.0,5885.878556255598,56205.99999999999,5728.0,1,0,0,0
298.5,308.0,1624,29.8,160,9.5,5067.9334929669585,48395.200000000004,4768.0,0,1,0,0
300.9,312.6,1555,40.6,109,11.700000000000045,6611.272299969481,63133.0,4425.400000000001,0,0,1,0
298.1,307.7,1289,48.3,42,9.599999999999966,6519.715818068361,62258.7,2028.6,0,1,0,0
299.3,308.6,1520,33.7,76,9.300000000000011,5364.164736249453,51224.00000000001,2561.2000000000003,0,1,0,0
298.9,310.1,1356,47.8,116,11.200000000000045,6787.599423639962,64816.799999999996,5544.799999999999,0,1,0,0
299.9,310.4,1367,53.3,201,10.5,7629.996549749042,72861.09999999999,10713.3,0,0,1,0
299.0,308.2,1358,42.7,50,9.199999999999989,6072.342552221664,57986.600000000006,2135.0,0,0,1,0
299.9,309.4,1363,60.9,57,9.5,8692.441297291063,83006.7,3471.2999999999997,0,1,0,0
301.7,310.6,1447,56.9,47,8.900000000000034,8622.027733948602,82334.3,2674.2999999999997,0,1,0,0
301.8,310.7,1551,37.7,64,8.899999999999977,6123.2468251853315,58472.700000000004,2412.8,0,1,0,0
304.2,313.4,1482,41.4,32,9.199999999999989,6425.059631415702,61354.799999999996,1324.8,0,1,0,0
299.9,310.5,1549,42.8,208,10.600000000000023,6942.626549119107,66297.2,8902.4,1,0,0,0
302.3,311.7,1701,27.5,145,9.399999999999977,4898.528345109885,46777.5,3987.5,0,1,0,0
300.3,309.6,1537,37.1,187,9.300000000000011,5971.403180261824,57022.700000000004,6937.7,0,1,0,0
299.2,308.6,1462,55.0,163,9.400000000000034,8420.515509171842,80410.0,8965.0,1,0,0,0
296.6,307.7,1386,62.3,100,11.099999999999966,9042.320471121357,86347.8,6230.0,1,0,0,1
302.2,311.6,1383,44.3,72,9.400000000000034,6415.854764940683,61266.899999999994,3189.6,0,1,0,0
300.1,311.2,1489,39.1,188,11.099999999999966,6096.773671091079,58219.9,7350.8,0,1,0,0
302.4,312.0,1477,39.7,18,9.600000000000023,6140.441808975977,58636.9,714.6,1,0,0,0
299.8,309.4,1423,42.9,124,9.599999999999966,6392.795474863334,61046.7,5319.599999999999,0,0,1,0
300.7,311.0,1969,20.7,109,10.300000000000011,4268.199195093629,40758.299999999996,2256.2999999999997,0,1,0,0
297.4,308.7,1584,38.2,154,11.300000000000011,6336.466718584469,60508.8,5882.8,0,1,0,0
298.4,309.3,1694,30.9,111,10.900000000000034,5481.513693836543,52344.6,3429.8999999999996,1,0,0,0
298.6,309.4,1316,51.4,52,10.799999999999955,7083.495563706075,67642.4,2672.7999999999997,0,1,0,0
300.5,311.6,1497,40.5,180,11.100000000000023,6349.0016732722925,60628.5,7290.0,0,1,0,0
302.5,311.3,1393,47.5,130,8.800000000000011,6929.044396880088,66167.5,6175.0,1,0,0,0
301.0,310.6,1588,33.7,114,9.600000000000023,5604.140527081665,53515.600000000006,3841.8,0,1,0,0
300.3,309.6,1404,44.6,87,9.300000000000011,6557.383513984904,62618.4,3880.2000000000003,0,1,0,0
298.0,308.8,1411,53.8,73,10.800000000000011,7949.465106692588,75911.8,3927.3999999999996,1,0,0,0
297.1,307.9,1342,49.1,179,10.799999999999955,6900.215048295646,65892.2,8788.9,0,1,0,0
302.3,310.6,1525,48.7,114,8.300000000000011,7777.2744133493325,74267.5,5551.8,1,0,0,0
298.8,309.9,1428,42.4,132,11.099999999999966,6340.487957181063,60547.2,5596.8,0,1,0,0
297.2,308.6,1284,51.3,32,11.400000000000034,6897.806493927893,65869.2,1641.6,0,0,1,0
302.2,310.7,1413,48.9,114,8.5,7235.684783821475,69095.7,5574.599999999999,1,0,0,0
300.3,311.6,1607,33.5,109,11.300000000000011,5637.535656989324,53834.5,3651.5,0,1,0,0
300.3,311.6,1801,23.6,97,11.300000000000011,4450.966583703971,42503.600000000006,2289.2000000000003,1,0,0,0
300.1,311.4,1485,40.4,75,11.299999999999955,6282.556988648868,59994.0,3030.0,1,0,0,0
300.7,310.9,1369,51.2,63,10.199999999999989,7340.100851651288,70092.8,3225.6000000000004,0,0,1,0
302.7,310.6,1690,26.7,4,7.900000000000034,4725.2695102644075,45123.0,106.8,0,1,0,0
302.3,311.7,1483,40.5,8,9.399999999999977,6289.625572119445,60061.5,324.0,0,0,1,0
302.3,311.3,1457,44.5,83,9.0,6789.66240281582,64836.5,3693.5,0,1,0,0
299.3,309.0,1415,47.6,156,9.699999999999989,7053.294386329564,67354.0,7425.6,0,1,0,0
299.8,309.7,1707,29.1,94,9.899999999999977,5201.817699887444,49673.700000000004,2735.4,0,1,0,0
302.2,311.2,1544,43.6,63,9.0,7049.566363047305,67318.40000000001,2746.8,0,0,1,0
302.5,310.3,1411,49.5,110,7.800000000000011,7314.098936455077,69844.5,5445.0,0,0,1,0
296.5,307.6,1541,38.5,98,11.100000000000023,6212.865991616734,59328.5,3773.0,0,1,0,0
297.7,308.7,1449,40.2,95,11.0,6099.904791769159,58249.8,3819.0000000000005,0,1,0,0
299.0,309.9,1884,25.6,100,10.899999999999977,5050.675677323239,48230.4,2560.0,1,0,0,0
299.7,309.1,1508,41.2,152,9.400000000000034,6506.196497682414,62129.600000000006,6262.400000000001,0,0,1,0
295.6,306.1,1490,42.7,171,10.5,6662.5849799781145,63623.00000000001,7301.700000000001,0,0,1,0
301.5,310.9,1365,46.5,172,9.399999999999977,6646.824656832605,63472.5,7998.0,0,1,0,0
298.0,307.6,1683,32.8,122,9.600000000000023,5780.781810017506,55202.399999999994,4001.5999999999995,0,1,0,0
300.1,309.7,1420,48.4,36,9.599999999999966,7197.179329863976,68728.0,1742.3999999999999,0,0,1,0
300.1,309.4,1329,55.2,143,9.299999999999955,7682.325011382337,73360.8,7893.6,1,0,0,0
300.8,311.2,2237,17.0,95,10.399999999999977,3982.3875674455417,38029.0,1615.0,1,0,0,0
298.4,309.2,1345,52.7,196,10.800000000000011,7422.693322514164,70881.5,10329.2,0,1,0,0
297.9,307.8,1459,46.9,85,9.900000000000034,7165.66915554847,68427.09999999999,3986.5,0,1,0,0
300.5,309.8,1663,29.1,145,9.300000000000011,5067.734525432232,48393.3,4219.5,0,1,0,1
300.7,310.8,1346,52.0,193,10.100000000000023,7329.545100335226,69992.0,10036.0,1,0,0,0
299.3,308.4,1406,47.4,3,9.099999999999966,6978.985248096653,66644.4,142.2,0,1,0,0
298.7,309.6,1654,34.3,136,10.900000000000034,5940.982091399561,56732.2,4664.799999999999,1,0,0,0
304.1,313.6,1556,37.4,129,9.5,6094.103317335529,58194.399999999994,4824.599999999999,0,1,0,0
296.2,307.3,1475,37.0,44,11.100000000000023,5715.080635655432,54575.0,1628.0,0,1,0,0
297.4,308.8,1529,41.3,165,11.400000000000034,6612.811680369739,63147.7,6814.499999999999,0,1,0,0
300.2,309.6,1359,51.5,66,9.400000000000034,7329.178581192307,69988.5,3399.0,0,1,0,0
297.6,308.4,1517,34.2,66,10.799999999999955,5433.007503265117,51881.4,2257.2000000000003,0,1,0,0
297.5,308.5,1722,30.4,178,11.0,5481.953516808045,52348.799999999996,5411.2,0,1,0,0
303.5,311.5,1535,33.3,120,8.0,5352.802642818968,51115.49999999999,3995.9999999999995,0,1,0,0
295.5,306.0,1546,35.9,169,10.5,5812.093016798283,55501.399999999994,6067.099999999999,0,1,0,0
298.7,308.5,1469,39.9,67,9.800000000000011,6137.94947880413,58613.1,2673.2999999999997,0,1,0,0
301.6,310.9,1385,50.7,195,9.299999999999955,7353.36884462495,70219.5,9886.5,0,1,0,0
300.6,309.9,1428,48.8,109,9.299999999999955,7297.542743170658,69686.4,5319.2,0,1,0,0
300.5,309.8,1379,54.2,207,9.300000000000011,7826.942993202588,74741.8,11219.400000000001,0,1,0,1
297.4,308.8,1324,53.5,169,11.400000000000034,7417.719134145979,70834.0,9041.5,1,0,0,0
300.6,310.7,1750,30.6,171,10.099999999999966,5607.74288665778,53550.0,5232.6,0,1,0,0
295.5,306.0,1326,50.8,18,10.5,7054.006480664377,67360.8,914.4,0,0,1,0
299.6,309.2,1540,36.7,221,9.599999999999966,5918.551119852931,56518.00000000001,8110.700000000001,0,1,0,0
300.9,310.7,1479,43.3,201,9.800000000000011,6706.326421691595,64040.7,8703.3,0,1,0,0
300.3,309.7,1452,41.5,139,9.399999999999977,6310.203004000458,60258.0,5768.5,1,0,0,0
300.9,310.9,1370,52.5,107,10.0,7531.968386981528,71925.0,5617.5,0,1,0,0
302.9,312.5,1357,55.0,12,9.600000000000023,7815.7589233558065,74635.0,660.0,1,0,0,0
298.8,308.9,1466,44.1,184,10.099999999999966,6770.195000339076,64650.6,8114.400000000001,1,0,0,0
301.8,311.1,1663,31.6,199,9.300000000000011,5503.106907342217,52550.8,6288.400000000001,0,0,1,0
301.3,310.6,1499,36.1,163,9.300000000000011,5666.794356569757,54113.9,5884.3,0,0,1,0
301.4,310.1,1937,21.8,205,8.700000000000045,4421.9592115358255,42226.6,4469.0,0,1,0,0
299.1,310.2,1598,33.4,20,11.099999999999966,5589.228433952624,53373.2,668.0,0,1,0,0
301.9,311.2,1369,49.8,66,9.300000000000011,7139.394968988948,68176.2,3286.7999999999997,0,1,0,0
301.2,312.3,1528,38.4,85,11.100000000000023,6144.452575597061,58675.2,3264.0,0,1,0,0
298.3,308.8,1767,27.3,168,10.5,5051.58673919278,48239.1,4586.400000000001,0,1,0,0
298.0,308.2,1489,40.4,11,10.199999999999989,6299.479701076205,60155.6,444.4,0,1,0,0
302.3,311.4,1333,66.7,205,9.099999999999966,9310.748619419583,88911.1,13673.5,0,1,0,1
300.5,312.0,1867,23.0,103,11.5,4496.771004593311,42941.0,2369.0,0,0,1,0
298.5,308.3,1381,50.5,22,9.800000000000011,7303.208081922631,69740.5,1111.0,0,0,1,0
297.4,308.3,1347,45.8,43,10.900000000000034,6460.433964695123,61692.6,1969.3999999999999,0,1,0,0
299.3,310.5,1404,47.5,12,11.199999999999989,6983.760468930111,66690.0,570.0,0,0,1,0
299.2,309.0,1408,47.2,0,9.800000000000011,6959.4235978403,66457.6,0.0,0,1,0,0
301.5,311.0,1504,42.6,109,9.5,6709.43659841865,64070.4,4643.400000000001,0,0,1,0
300.2,309.5,1436,48.8,135,9.300000000000011,7338.425335569374,70076.8,6588.0,0,1,0,0
298.4,309.4,1666,24.3,68,11.0,4239.453622313283,40483.8,1652.4,0,0,1,0
301.6,310.4,1330,49.5,30,8.799999999999955,6894.2250783028,65835.0,1485.0,1,0,0,0
301.2,310.7,1615,34.9,95,9.5,5902.371917686944,56363.5,3315.5,0,0,1,0
298.2,309.0,1418,44.2,87,10.800000000000011,6563.373483977749,62675.600000000006,3845.4,0,1,0,0
300.9,310.7,1658,28.5,18,9.800000000000011,4948.3225886692835,47253.0,513.0,0,1,0,0
300.8,310.6,1360,48.8,91,9.800000000000011,6950.04070778158,66368.0,4440.8,0,1,0,0
302.3,311.4,1484,39.5,22,9.099999999999966,6138.462605604216,58618.0,869.0,0,0,1,0
301.7,310.6,1303,59.7,42,8.900000000000034,8146.055502978726,77789.1,2507.4,0,1,0,0
302.2,310.8,2203,16.6,47,8.600000000000023,3829.5805007749345,36569.8,780.2,0,1,0,0
298.2,309.0,1651,31.5,197,10.800000000000011,5446.107944630586,52006.5,6205.5,0,1,0,0
303.0,311.3,1793,29.3,157,8.300000000000011,5501.441863235815,52534.9,4600.1,0,1,0,0
297.1,308.4,1359,46.6,176,11.299999999999955,6631.8392598749815,63329.4,8201.6,1,0,0,0
298.3,308.6,1584,29.3,162,10.300000000000011,4860.169498809553,46411.200000000004,4746.6,0,1,0,0
298.0,308.5,1429,37.7,220,10.5,5641.598783487967,53873.3,8294.0,0,1,0,1
300.1,309.2,1326,55.9,55,9.099999999999966,7762.184296636588,74123.4,3074.5,0,1,0,0
300.1,309.6,1584,36.7,165,9.5,6087.652580420158,58132.8,6055.500000000001,0,0,1,0
298.8,310.2,1663,30.4,209,11.399999999999977,5294.128164025424,50555.2,6353.599999999999,1,0,0,0
298.8,308.6,1598,35.1,52,9.800000000000011,5873.7101207106925,56089.8,1825.2,0,0,1,0
298.5,309.5,1501,40.2,114,11.0,6318.810967871295,60340.200000000004,4582.8,0,0,1,0
297.3,308.4,1449,44.4,34,11.099999999999966,6737.208277476384,64335.6,1509.6,0,0,1,0
298.6,309.4,1698,33.2,147,10.799999999999955,5903.429587213652,56373.600000000006,4880.400000000001,0,1,0,0
298.0,307.8,1386,57.3,147,9.800000000000011,8316.612568142114,79417.8,8423.1,0,1,0,0
297.2,308.4,1833,25.2,117,11.199999999999989,4837.173040585276,46191.6,2948.4,0,1,0,0
300.8,311.7,1479,39.4,18,10.899999999999977,6102.292402185886,58272.6,709.1999999999999,0,1,0,0
299.1,308.2,1348,56.1,110,9.099999999999966,7919.2010974630075,75622.8,6171.0,0,1,0,0
300.2,309.5,1539,35.3,80,9.300000000000011,5689.078720459221,54326.7,2824.0,0,1,0,0
298.3,308.4,1408,43.1,177,10.099999999999966,6354.897395485528,60684.8,7628.7,0,1,0,0
299.0,309.7,1489,40.7,212,10.699999999999989,6346.258015688157,60602.3,8628.400000000001,0,0,1,0
301.5,310.6,1381,50.7,206,9.100000000000023,7332.131678286682,70016.7,10444.2,0,1,0,0
301.7,310.7,1442,41.1,89,9.0,6206.34195087278,59266.200000000004,3657.9,0,0,1,0
300.0,309.5,1869,22.7,49,9.5,4442.871746633222,42426.299999999996,1112.3,0,1,0,0
301.5,310.8,1417,49.7,5,9.300000000000011,7374.878282326528,70424.90000000001,248.5,0,1,0,0
301.4,311.0,1634,32.6,155,9.600000000000023,5578.253803616085,53268.4,5053.0,0,1,0,0
299.4,309.1,1957,22.1,55,9.700000000000045,4529.09799299875,43249.700000000004,1215.5,0,1,0,0
302.2,310.8,1422,47.0,3,8.600000000000023,6998.840113667341,66834.0,141.0,0,0,1,0
300.3,311.8,1360,48.0,119,11.5,6836.10561421139,65280.0,5712.0,0,1,0,0
300.2,311.6,1540,37.7,71,11.400000000000034,6079.8195427372075,58058.00000000001,2676.7000000000003,0,1,0,0
300.7,310.6,1407,42.4,218,9.900000000000034,6247.245487222519,59656.799999999996,9243.199999999999,0,0,1,0
300.8,310.9,1514,38.7,66,10.099999999999966,6135.718948020081,58591.8,2554.2000000000003,0,0,1,0
301.5,310.7,1424,51.1,22,9.199999999999989,7620.079588939212,72766.40000000001,1124.2,0,1,0,0
299.6,309.4,1642,30.3,80,9.799999999999955,5210.080088566384,49752.6,2424.0,0,0,1,0
297.6,308.7,1460,46.7,150,11.099999999999966,7140.0023435686435,68182.0,7005.0,0,1,0,0
301.4,310.9,1414,38.8,162,9.5,5745.260869080917,54863.2,6285.599999999999,0,1,0,0
301.3,310.8,1428,55.2,88,9.5,8254.597529160254,78825.6,4857.6,0,1,0,0
301.3,310.4,1414,51.4,199,9.099999999999966,7610.9899141948235,72679.59999999999,10228.6,0,1,0,0
301.8,310.5,1478,38.6,141,8.699999999999989,5974.345805380685,57050.8,5442.6,1,0,0,0
303.0,312.7,1361,48.8,120,9.699999999999989,6955.1510318314195,66416.8,5856.0,0,1,0,0
297.6,308.6,1509,39.7,166,11.0,6273.477785879994,59907.3,6590.200000000001,0,0,1,0
300.3,311.2,1783,25.6,139,10.899999999999977,4779.912278485846,45644.8,3558.4,0,0,1,0
298.1,307.7,1650,34.1,138,9.599999999999966,5892.057021807657,56265.0,4705.8,0,1,0,0
297.2,308.0,1474,43.7,162,10.800000000000011,6745.397362326742,64413.8,7079.400000000001,0,1,0,0
302.6,312.0,1363,45.7,91,9.399999999999977,6522.899298624,62289.100000000006,4158.7,0,0,1,0
300.2,310.1,1392,47.9,201,9.900000000000034,6982.3781681625305,66676.8,9627.9,0,1,0,0
299.5,309.4,1563,41.5,183,9.899999999999977,6792.594555959171,64864.5,7594.5,0,1,0,0
300.1,311.4,1524,40.6,98,11.299999999999955,6479.472016175877,61874.4,3978.8,0,0,1,0
301.1,310.7,1436,45.3,8,9.599999999999966,6812.103846337964,65050.799999999996,362.4,0,1,0,0
301.1,312.3,1464,35.3,65,11.199999999999989,5411.83316877992,51679.2,2294.5,0,1,0,0
297.6,308.6,1444,48.2,46,11.0,7288.578732132415,69600.8,2217.2000000000003,0,0,1,0
300.3,309.2,1587,31.4,43,8.899999999999977,5218.373893171861,49831.799999999996,1350.2,0,1,0,0
298.8,308.6,1431,45.7,97,9.800000000000011,6848.326409633855,65396.700000000004,4432.900000000001,0,1,0,0
301.4,311.3,1674,33.3,46,9.900000000000034,5837.518973341337,55744.2,1531.8,0,1,0,0
297.7,309.6,1480,47.9,18,11.900000000000034,7423.79287994292,70892.0,862.1999999999999,0,1,0,0
301.5,310.5,1535,39.0,204,9.0,6269.048140238431,59865.0,7956.0,0,1,0,0
300.7,311.8,1603,34.1,17,11.100000000000023,5724.222670277379,54662.3,579.7,0,1,0,0
301.1,310.5,1324,52.4,171,9.399999999999977,7265.205282789707,69377.59999999999,8960.4,0,1,0,0
298.1,307.6,1542,37.1,84,9.5,5990.82869483652,57208.200000000004,3116.4,1,0,0,0
299.5,310.7,1438,45.7,106,11.199999999999989,6881.826259296634,65716.6,4844.200000000001,0,1,0,0
299.2,308.8,1440,39.1,188,9.600000000000023,5896.141092257324,56304.0,7350.8,1,0,0,0
301.1,311.6,1417,53.4,0,10.5,7923.913486443392,75667.8,0.0,1,0,0,0
297.6,308.5,1452,42.6,116,10.899999999999977,6477.461396877579,61855.200000000004,4941.6,0,1,0,0
298.8,309.1,1378,54.4,165,10.300000000000011,7850.127946986078,74963.2,8976.0,0,1,0,0
297.1,307.9,1492,39.4,171,10.799999999999955,6155.929860758176,58784.799999999996,6737.4,0,1,0,0
299.4,309.1,1417,47.3,59,9.700000000000045,7018.747339115588,67024.09999999999,2790.7,0,0,1,0
299.0,309.0,1544,31.8,25,10.0,5141.656200571199,49099.200000000004,795.0,0,1,0,0
299.2,308.4,1667,29.0,199,9.199999999999989,5062.467121749712,48343.0,5771.0,0,1,0,0
298.3,309.0,1408,45.4,98,10.699999999999989,6694.021850465035,63923.2,4449.2,0,1,0,0
299.9,309.2,1333,50.8,61,9.300000000000011,7091.244825584929,67716.4,3098.7999999999997,0,1,0,0
300.1,309.4,1568,39.7,42,9.299999999999955,6518.762868296773,62249.600000000006,1667.4,0,1,0,0
298.4,309.0,1474,52.7,95,10.600000000000023,8134.609633744149,77679.8,5006.5,0,1,0,0
298.0,309.2,1438,42.9,101,11.199999999999989,6460.182637282835,61690.2,4332.9,0,0,1,0
304.1,313.4,1399,43.7,111,9.299999999999955,6402.178364922057,61136.3,4850.700000000001,0,1,0,0
298.0,309.1,1822,23.5,122,11.100000000000023,4483.785754958472,42817.0,2867.0,0,1,0,0
301.8,310.6,1650,31.9,126,8.800000000000011,5511.924310723292,52635.0,4019.3999999999996,0,1,0,0
297.1,308.2,1790,30.3,128,11.099999999999966,5679.6853584249875,54237.0,3878.4,1,0,0,0
299.8,309.1,1578,42.1,191,9.300000000000011,6956.931267668453,66433.8,8041.1,0,1,0,0
300.0,311.4,1590,33.6,5,11.399999999999977,5594.548197512703,53424.0,168.0,0,1,0,0
300.5,310.6,1368,49.6,10,10.100000000000023,7105.52860018325,67852.8,496.0,0,1,0,0
298.3,308.9,1646,25.4,46,10.599999999999966,4378.165409944783,41808.399999999994,1168.3999999999999,0,0,1,0
302.3,311.4,1418,41.3,62,9.099999999999966,6132.7449069746835,58563.399999999994,2560.6,0,0,1,0
297.9,307.8,1538,38.5,123,9.900000000000034,6200.770859900414,59213.0,4735.5,0,1,0,0
298.2,308.7,1991,20.5,36,10.5,4274.189165086474,40815.5,738.0,0,1,0,0
297.2,308.1,1554,41.3,147,10.900000000000034,6720.934827530787,64180.2,6071.099999999999,0,0,1,0
297.4,308.4,1603,34.6,65,11.0,5808.155554005786,55463.8,2249.0,0,1,0,0
296.8,308.3,1506,45.9,182,11.5,7238.79496054853,69125.4,8353.8,0,1,0,0
298.2,308.3,1475,49.9,47,10.100000000000023,7707.635776194758,73602.5,2345.2999999999997,0,1,0,0
298.0,308.7,1629,34.3,191,10.699999999999989,5851.184901384453,55874.7,6551.299999999999,0,1,0,0
299.6,309.1,1630,32.3,194,9.5,5513.390387294967,52648.99999999999,6266.2,1,0,0,0
295.7,306.3,1462,44.3,37,10.600000000000023,6782.342491932956,64766.6,1639.1,0,0,1,0
299.8,310.2,1537,36.6,191,10.399999999999977,5890.926048452366,56254.200000000004,6990.6,1,0,0,0
301.0,310.9,1809,25.7,192,9.899999999999977,4868.557551194638,46491.299999999996,4934.4,0,1,0,0
300.5,310.0,1413,44.5,152,9.5,6584.621122291527,62878.5,6764.0,0,1,0,0
302.1,311.0,1351,60.3,207,8.899999999999977,8531.026266749617,81465.3,12482.099999999999,0,0,1,1
298.7,310.1,1368,56.8,72,11.400000000000034,8136.97630020985,77702.4,4089.6,0,0,1,0
300.7,309.8,1490,38.8,173,9.100000000000023,6054.05848297777,57811.99999999999,6712.4,0,0,1,0
300.7,311.7,1460,46.1,15,11.0,7048.2678380838215,67306.0,691.5,0,1,0,0
297.7,307.3,1514,38.6,19,9.600000000000023,6119.864377094965,58440.4,733.4,1,0,0,0
303.3,311.2,1763,27.3,27,7.899999999999977,5040.151341933713,48129.9,737.1,0,1,0,0
300.6,310.2,1555,41.9,19,9.599999999999966,6822.963284943872,65154.5,796.1,0,1,0,0
297.8,308.9,1282,58.1,108,11.099999999999966,7799.967184283763,74484.2,6274.8,0,1,0,0
296.7,307.8,1505,39.4,236,11.100000000000023,6209.567319330465,59297.0,9298.4,0,1,0,0
301.6,310.9,1532,43.6,15,9.299999999999955,6994.776987168699,66795.2,654.0,0,1,0,0
302.6,311.0,1284,68.0,114,8.399999999999977,9143.291259007734,87312.0,7752.0,0,1,0,1
296.3,307.2,1319,68.3,24,10.899999999999977,9433.961883293374,90087.7,1639.1999999999998,0,0,1,1
298.5,308.0,1384,59.5,27,9.5,8623.462394593742,82348.0,1606.5,0,1,0,0
303.0,312.3,1674,29.5,109,9.300000000000011,5171.375667074159,49383.0,3215.5,0,0,1,0
302.6,310.5,1965,20.2,40,7.899999999999977,4156.641239964655,39693.0,808.0,0,0,1,0
302.5,312.0,1383,51.3,190,9.5,7429.64671425411,70947.9,9747.0,0,1,0,0
301.7,310.8,1671,31.6,137,9.100000000000023,5529.580061436467,52803.600000000006,4329.2,0,0,1,0
297.8,307.8,1412,48.3,27,10.0,7141.845411258749,68199.59999999999,1304.1,0,1,0,0
302.4,311.1,1448,44.8,195,8.700000000000045,6793.212402514377,64870.399999999994,8736.0,0,1,0,0
297.2,308.5,1425,45.8,109,11.300000000000011,6834.534817884593,65264.99999999999,4992.2,0,0,1,0
296.9,308.3,1555,38.2,175,11.400000000000034,6220.45817386291,59401.00000000001,6685.000000000001,0,1,0,0
297.3,308.5,1545,34.3,74,11.199999999999989,5549.466342933691,52993.49999999999,2538.2,0,1,0,0
297.9,308.9,1547,44.0,72,11.0,7128.064291485001,68068.0,3168.0,0,0,1,0
297.9,308.8,1469,49.0,51,10.900000000000034,7537.83269326823,71981.0,2499.0,0,0,1,0
300.4,309.2,1752,29.0,52,8.800000000000011,5320.601318119674,50808.0,1508.0,0,1,0,0
300.3,311.6,1515,44.9,69,11.300000000000011,7123.404262382176,68023.5,3098.1,0,1,0,0
301.2,310.7,1394,42.8,168,9.5,6247.9156936552845,59663.2,7190.4,0,0,1,0
303.0,312.3,1483,38.8,114,9.300000000000011,6025.61659748727,57540.399999999994,4423.2,0,0,1,0
302.4,310.9,1469,41.6,124,8.5,6399.466123264457,61110.4,5158.400000000001,0,0,1,0
298.8,309.1,1439,39.2,104,10.300000000000011,5907.115722593864,56408.8,4076.8,0,1,0,0
301.5,310.6,1573,37.4,37,9.100000000000023,6160.684137640608,58830.2,1383.8,0,0,1,0
297.2,307.9,1687,30.4,82,10.699999999999989,5370.531697360727,51284.799999999996,2492.7999999999997,0,0,1,0
299.1,308.2,1493,34.9,119,9.099999999999966,5456.496144338456,52105.7,4153.099999999999,0,1,0,0
297.7,309.7,1680,30.2,168,12.0,5313.061495751058,50736.0,5073.599999999999,0,0,1,0
298.9,310.2,1696,30.2,214,11.300000000000011,5363.662081424878,51219.2,6462.8,0,1,0,0
299.3,309.1,1795,24.7,187,9.800000000000011,4642.907422862795,44336.5,4618.9,0,1,0,0
301.4,310.4,1543,40.9,190,9.0,6608.727609920072,63108.7,7771.0,0,1,0,0
295.7,306.2,1423,42.5,121,10.5,6333.188990249224,60477.5,5142.5,0,0,1,0
300.3,311.4,1526,38.5,101,11.099999999999966,6152.390333035132,58751.0,3888.5,0,1,0,0
297.7,308.5,1720,29.9,210,10.800000000000011,5385.527566293862,51428.0,6279.0,1,0,0,0
303.0,311.2,1641,32.6,63,8.199999999999989,5602.150851734391,53496.600000000006,2053.8,0,1,0,0
298.0,307.6,1581,43.4,113,9.600000000000023,7185.387885437503,68615.4,4904.2,0,0,1,0
298.7,309.0,1691,30.1,154,10.300000000000011,5330.141287811076,50899.100000000006,4635.400000000001,0,1,0,0
300.2,309.8,1418,49.3,16,9.600000000000023,7320.685809052104,69907.4,788.8,0,1,0,0
299.5,309.2,1393,47.3,20,9.699999999999989,6899.869473103751,65888.9,946.0,0,1,0,0
300.7,310.1,1367,52.6,167,9.400000000000034,7529.79021607504,71904.2,8784.2,0,0,1,0
301.1,311.1,1387,53.1,188,10.0,7712.578548636406,73649.7,9982.800000000001,0,1,0,0
298.4,310.2,1725,32.0,80,11.800000000000011,5780.530482605219,55200.0,2560.0,0,0,1,0
301.5,310.4,1593,36.8,50,8.899999999999977,6138.923372526742,58622.399999999994,1839.9999999999998,0,0,1,0
300.5,311.9,1887,21.7,56,11.399999999999977,4288.054060664316,40947.9,1215.2,0,1,0,0
295.7,306.5,1737,26.2,97,10.800000000000011,4765.733223642644,45509.4,2541.4,0,1,0,0
300.1,311.3,1650,33.8,38,11.199999999999989,5840.220743023426,55769.99999999999,1284.3999999999999,0,0,1,0
302.6,311.1,1520,43.0,88,8.5,6844.483194620963,65360.0,3784.0,0,0,1,0
300.4,309.4,1412,51.6,153,9.0,7629.797582214316,72859.2,7894.8,0,1,0,0
297.7,308.2,1720,25.6,174,10.5,4611.020257428859,44032.0,4454.400000000001,0,0,1,0
300.2,311.6,1671,28.8,149,11.400000000000034,5039.617271182603,48124.8,4291.2,0,1,0,0
302.9,311.0,1452,58.3,123,8.100000000000023,8864.69482248739,84651.59999999999,7170.9,1,0,0,0
300.3,311.8,1592,32.1,11,11.5,5351.5145898309975,51103.200000000004,353.1,0,0,1,0
302.3,311.8,1565,37.8,59,9.5,6194.906553613711,59156.99999999999,2230.2,0,1,0,0
298.9,308.6,1623,31.0,180,9.700000000000045,5268.7650393354415,50313.0,5580.0,1,0,0,0
301.8,310.8,1470,37.6,204,9.0,5788.070304973835,55272.0,7670.400000000001,1,0,0,0
297.4,308.4,1789,25.0,210,11.0,4683.5910477267835,44725.0,5250.0,0,0,1,0
298.1,308.3,1680,33.7,185,10.199999999999989,5928.8136558546585,56616.00000000001,6234.500000000001,0,0,1,0
301.5,310.5,2297,15.8,191,9.0,3800.5521846557644,36292.6,3017.8,0,1,0,0
298.0,307.6,1459,44.4,163,9.600000000000023,6783.703848749512,64779.6,7237.2,0,0,1,0
302.5,311.0,1548,38.4,188,8.5,6224.87734752896,59443.2,7219.2,0,1,0,0
300.7,310.8,1506,44.0,97,10.100000000000023,6939.149853249135,66264.0,4268.0,0,0,1,0
297.4,308.6,1528,29.1,163,11.200000000000045,4656.342967444648,44464.8,4743.3,0,0,1,0
303.9,313.1,1483,47.2,71,9.200000000000045,7330.131530963897,69997.6,3351.2000000000003,0,0,1,0
302.3,310.9,1366,48.4,130,8.599999999999966,6923.483777883234,66114.4,6292.0,1,0,0,1
303.8,312.5,1655,28.0,170,8.699999999999989,4852.713452245034,46340.0,4760.0,1,0,0,0
297.6,309.4,1491,40.2,231,11.799999999999955,6276.7136263131915,59938.200000000004,9286.2,0,1,0,0
297.3,308.3,1411,43.2,63,11.0,6383.213617269886,60955.200000000004,2721.6000000000004,0,1,0,0
299.6,310.1,1646,29.6,73,10.5,5102.114021038016,48721.600000000006,2160.8,0,0,1,0
299.8,311.3,1517,41.2,105,11.5,6545.026582880784,62500.4,4326.0,0,0,1,0
301.3,310.4,1538,38.4,65,9.099999999999966,6184.66496156301,59059.2,2496.0,1,0,0,0
299.7,310.3,1429,47.7,35,10.600000000000023,7138.044084147906,68163.3,1669.5,0,0,1,0
303.0,312.5,1698,30.0,89,9.5,5334.424325795469,50940.0,2670.0,1,0,0,0
302.3,311.6,1398,49.1,119,9.300000000000011,7188.152486972663,68641.8,5842.900000000001,0,1,0,0
300.9,310.7,1403,40.6,207,9.800000000000011,5965.025747175036,56961.8,8404.2,1,0,0,0
303.7,312.6,1621,38.8,182,8.900000000000034,6586.328054299977,62894.799999999996,7061.599999999999,0,1,0,0
301.9,310.9,1379,54.8,99,9.0,7913.588118588593,75569.2,5425.2,0,1,0,0
300.6,309.4,1556,36.0,98,8.799999999999955,5865.981802782862,56016.0,3528.0,0,1,0,0
300.7,310.6,1349,54.5,19,9.900000000000034,7699.048756274946,73520.5,1035.5,0,0,1,0
303.0,311.1,1490,43.0,108,8.100000000000023,6709.394710516602,64070.0,4644.0,0,0,1,0
303.9,313.2,1393,46.5,9,9.300000000000011,6783.169777998402,64774.5,418.5,0,1,0,0
300.0,310.1,1465,40.9,60,10.100000000000023,6274.650647137334,59918.5,2454.0,0,1,0,0
298.1,308.7,1683,29.1,161,10.599999999999966,5128.681422911874,48975.3,4685.1,0,1,0,0
298.3,308.3,1444,43.8,176,10.0,6623.231296004144,63247.2,7708.799999999999,0,1,0,0
301.0,312.2,1601,33.0,109,11.199999999999989,5532.658822236985,52833.0,3597.0,0,1,0,0
300.9,311.0,1382,51.2,136,10.100000000000023,7409.802320658934,70758.40000000001,6963.200000000001,0,1,0,0
297.3,308.2,1653,31.4,9,10.899999999999977,5435.395113681844,51904.2,282.59999999999997,1,0,0,0
299.4,310.9,1751,27.8,10,11.5,5097.527295763774,48677.8,278.0,0,1,0,0
298.0,308.5,1664,28.3,196,10.5,4931.378932290922,47091.200000000004,5546.8,0,1,0,0
303.4,311.9,1534,33.2,210,8.5,5333.251464538129,50928.8,6972.000000000001,1,0,0,0
299.2,310.1,1534,37.7,10,10.900000000000034,6056.13193412914,57831.8,377.0,0,1,0,0
297.2,307.9,1989,20.3,186,10.699999999999989,4228.238136539967,40376.700000000004,3775.8,0,1,0,0
302.2,311.5,1548,32.4,81,9.300000000000011,5252.240261977559,50155.2,2624.4,0,1,0,0
300.1,308.9,1548,38.4,31,8.799999999999955,6224.87734752896,59443.2,1190.3999999999999,0,0,1,0
298.5,309.6,1421,53.6,122,11.100000000000023,7976.042980541959,76165.6,6539.2,0,1,0,0
299.3,308.9,1376,60.3,163,9.599999999999966,8688.891297592505,82972.8,9828.9,0,1,0,0
298.3,308.0,1578,37.8,101,9.699999999999989,6246.365841279513,59648.399999999994,3817.7999999999997,0,1,0,0
298.8,308.6,1449,49.4,150,9.800000000000011,7495.902903318319,71580.59999999999,7410.0,1,0,0,0
302.0,311.2,1625,30.7,189,9.199999999999989,5224.206783532027,49887.5,5802.3,0,0,1,0
301.4,310.5,1489,43.5,98,9.100000000000023,6782.855618733042,64771.5,4263.0,0,1,0,0
300.5,310.7,1606,33.5,121,10.199999999999989,5634.0275451928155,53801.0,4053.5,0,1,0,0
300.0,311.4,1384,46.1,7,11.399999999999977,6681.371704046581,63802.4,322.7,0,0,1,0
297.6,308.6,1390,53.4,175,11.0,7772.928543511865,74226.0,9345.0,0,0,1,0
300.6,309.5,1867,23.0,242,8.899999999999977,4496.771004593311,42941.0,5566.0,0,1,0,0
299.2,308.9,1430,39.1,117,9.699999999999989,5855.195668005538,55913.0,4574.7,0,1,0,0
296.8,307.9,1372,49.0,140,11.099999999999966,7040.099697184488,67228.0,6860.0,0,1,0,0
302.5,312.2,1574,38.7,30,9.699999999999989,6378.878219407931,60913.8,1161.0,0,1,0,0
299.6,310.2,1333,51.2,40,10.599999999999966,7147.081399014733,68249.6,2048.0,0,1,0,0
298.2,309.0,1643,34.1,91,10.800000000000011,5867.060416260594,56026.3,3103.1,0,1,0,0
302.6,311.6,1576,34.7,182,9.0,5726.830192179858,54687.200000000004,6315.400000000001,0,1,0,0
299.6,309.2,1425,45.9,133,9.599999999999966,6849.457382989145,65407.5,6104.7,0,1,0,0
300.8,311.9,1356,44.3,214,11.099999999999966,6290.599465842057,60070.799999999996,9480.199999999999,0,0,1,0
297.3,308.8,1469,44.1,150,11.5,6784.049423941407,64782.9,6615.0,0,0,1,0
297.4,308.3,1444,44.0,18,10.900000000000034,6653.474361282702,63536.0,792.0,0,0,1,0
297.6,308.7,1408,51.5,4,11.099999999999966,7593.438883236769,72512.0,206.0,0,0,1,0
302.7,310.4,1489,42.7,33,7.699999999999989,6658.113446434504,63580.3,1409.1000000000001,0,1,0,0
297.5,309.2,1715,28.0,30,11.699999999999989,5028.642640846062,48020.0,840.0,0,1,0,0
303.0,312.6,1392,42.9,94,9.600000000000023,6253.528672529698,59716.799999999996,4032.6,0,0,1,0
302.2,310.9,1522,35.9,61,8.699999999999989,5721.866475787186,54639.799999999996,2189.9,1,0,0,0
298.0,308.3,1662,32.7,0,10.300000000000011,5691.246419390198,54347.4,0.0,0,1,0,0
300.4,309.8,1430,43.4,198,9.400000000000034,6499.117442236326,62062.0,8593.199999999999,0,0,1,0
299.2,308.5,1342,47.5,147,9.300000000000011,6675.360790102712,63745.0,6982.5,1,0,0,0
300.2,311.6,1415,55.8,82,11.400000000000034,8268.357704982976,78957.0,4575.599999999999,0,0,1,0
300.1,311.3,1748,26.6,42,11.199999999999989,4869.133509847797,46496.8,1117.2,0,0,1,0
302.3,312.0,1354,52.2,165,9.699999999999989,7401.46662815141,70678.8,8613.0,0,1,0,0
302.2,311.5,1588,30.6,39,9.300000000000011,5088.626116578604,48592.8,1193.4,0,1,0,0
295.9,306.6,1412,41.0,109,10.700000000000045,6062.436063387344,57892.0,4469.0,0,1,0,0
301.9,310.6,1462,38.8,22,8.700000000000045,5940.290941015773,56725.6,853.5999999999999,0,1,0,0
302.0,310.8,1445,46.3,17,8.800000000000011,7006.118136648157,66903.5,787.0999999999999,0,0,1,0
302.5,310.2,1751,30.5,90,7.699999999999989,5592.61088204299,53405.5,2745.0,0,0,1,0
298.9,308.5,1415,54.0,6,9.600000000000023,8001.636488693203,76410.0,324.0,1,0,0,0
298.5,308.4,1733,26.0,8,9.899999999999977,4718.4627261816295,45058.0,208.0,0,1,0,0
297.3,308.2,1490,41.0,16,10.899999999999977,6397.329840260016,61090.0,656.0,0,1,0,0
301.4,310.7,1706,27.9,170,9.300000000000011,4984.388072332494,47597.399999999994,4743.0,0,1,0,0
297.7,309.1,1562,36.8,172,11.400000000000034,6019.459075886235,57481.6,6329.599999999999,0,1,0,0
304.1,313.1,1550,30.9,9,9.0,5015.552671456105,47895.0,278.09999999999997,0,1,0,0
300.1,309.0,1314,58.2,114,8.899999999999977,8008.422328824958,76474.8,6634.8,0,1,0,0
300.1,309.4,1559,39.7,24,9.299999999999955,6481.346499792518,61892.3,952.8000000000001,0,1,0,0
303.4,311.5,1560,36.4,114,8.100000000000023,5946.40657471476,56784.0,4149.599999999999,0,0,1,0
302.6,311.0,1369,60.0,93,8.399999999999977,8601.680685528854,82140.0,5580.0,0,1,0,1
300.0,309.9,1651,28.1,114,9.899999999999977,4858.274071241888,46393.100000000006,3203.4,0,0,1,0
300.5,309.8,1441,48.8,200,9.300000000000011,7363.976955818571,70320.8,9760.0,0,1,0,0
297.6,308.4,1460,40.3,195,10.799999999999955,6161.500951730542,58837.99999999999,7858.499999999999,0,1,0,0
300.4,311.8,1636,32.3,7,11.400000000000034,5533.685075837157,52842.799999999996,226.09999999999997,0,1,0,0
301.6,310.5,1397,49.4,104,8.899999999999977,7226.898796366935,69011.8,5137.599999999999,0,1,0,0
300.0,309.4,2010,20.0,55,9.399999999999977,4209.734155810323,40200.0,1100.0,0,1,0,0
302.2,311.7,1488,44.6,178,9.5,6949.705604565197,66364.8,7938.8,0,1,0,0
300.4,311.2,1366,56.1,177,10.800000000000011,8024.94710618284,76632.6,9929.7,0,0,1,0
300.4,312.0,1631,34.9,115,11.600000000000023,5960.847428945761,56921.899999999994,4013.5,0,1,0,0
297.5,309.4,1368,45.3,129,11.899999999999977,6489.525112667363,61970.399999999994,5843.7,1,0,0,0
300.2,311.7,1603,30.5,176,11.5,5119.905907432845,48891.5,5368.0,0,1,0,0
296.8,307.8,1480,39.4,122,11.0,6106.4183605376,58312.0,4806.8,0,1,0,0
299.5,310.8,1571,38.2,74,11.300000000000011,6284.462888192045,60012.200000000004,2826.8,0,1,0,0
302.2,311.5,1449,44.5,113,9.300000000000011,6752.382169993222,64480.5,5028.5,0,0,1,0
299.0,310.2,1657,32.3,64,11.199999999999989,5604.716485734822,53521.1,2067.2,0,0,1,0
301.4,311.0,1486,36.5,91,9.600000000000023,5679.894797935226,54239.0,3321.5,0,0,1,0
299.5,310.7,1364,49.5,0,11.199999999999989,7070.468426169187,67518.0,0.0,0,0,1,0
302.9,312.4,1424,49.5,155,9.5,7381.486098874579,70488.0,7672.5,0,1,0,0
301.1,311.0,1378,51.1,190,9.899999999999977,7373.925332554938,70415.8,9709.0,0,1,0,0
300.5,309.8,1416,48.5,110,9.300000000000011,7191.733902597755,68676.0,5335.0,0,0,1,0
302.2,311.4,1754,26.9,33,9.199999999999989,4940.95031790886,47182.6,887.6999999999999,0,1,0,0
297.8,308.3,1498,47.3,160,10.5,7419.960136905541,70855.4,7568.0,0,1,0,0
298.9,310.0,1633,31.2,76,11.100000000000023,5335.429635444618,50949.6,2371.2,0,1,0,0
297.4,308.6,1820,24.6,79,11.200000000000045,4688.512876217407,44772.0,1943.4,0,1,0,0
299.7,310.9,1620,37.2,203,11.199999999999989,6310.831322531177,60264.00000000001,7551.6,0,0,1,0
297.5,309.2,1530,40.0,206,11.699999999999989,6408.849013323178,61200.0,8240.0,0,0,1,0
302.2,311.1,1394,53.7,140,8.900000000000034,7839.0904847964675,74857.8,7518.0,0,1,0,0
301.1,310.5,1529,38.7,91,9.399999999999977,6196.5087658670445,59172.3,3521.7000000000003,0,1,0,0
300.5,310.6,1950,20.3,208,10.100000000000023,4145.331506411732,39585.0,4222.400000000001,0,1,0,0
302.3,311.8,1605,35.2,152,9.5,5916.247285240299,56496.00000000001,5350.400000000001,0,1,0,0
298.3,309.2,1783,28.3,130,10.899999999999977,5284.0436516074005,50458.9,3679.0,0,0,1,0
299.2,310.5,1548,33.5,35,11.300000000000011,5430.5570609953165,51858.0,1172.5,0,0,1,0
298.4,308.7,1421,60.7,119,10.300000000000011,9032.571061919718,86254.7,7223.3,0,0,1,1
302.4,311.0,1317,59.4,179,8.600000000000023,8192.20549905996,78229.8,10632.6,0,1,0,0
300.7,309.4,1589,35.0,52,8.699999999999989,5823.989180979879,55615.0,1820.0,0,0,1,0
301.0,310.5,1601,33.2,77,9.5,5566.1900878263,53153.200000000004,2556.4,0,1,0,0
299.0,310.3,1827,28.0,178,11.300000000000011,5357.043792901315,51156.0,4984.0,0,0,1,0
302.4,310.2,1346,62.4,106,7.800000000000011,8795.454120402272,83990.4,6614.4,0,1,0,1
301.0,311.6,1301,55.0,9,10.600000000000023,7493.222077587256,71555.0,495.0,0,0,1,0
297.4,308.9,1348,59.1,201,11.5,8342.687787166911,79666.8,11879.1,0,0,1,0
298.0,307.8,1414,51.7,140,9.800000000000011,7655.412034316583,73103.8,7238.0,0,1,0,0
301.3,310.4,1346,46.7,90,9.099999999999966,6582.495311262598,62858.200000000004,4203.0,0,1,0,0
304.1,313.4,1518,42.4,105,9.299999999999955,6740.0985427176865,64363.2,4452.0,0,0,1,0
300.7,310.2,1348,54.8,50,9.5,7735.690198591315,73870.4,2740.0,0,1,0,0
297.3,308.3,1697,27.4,121,11.0,4869.238229602916,46497.799999999996,3315.3999999999996,0,0,1,0
296.8,307.6,1547,36.5,179,10.800000000000011,5913.053332709149,56465.5,6533.5,0,1,0,0
299.1,309.4,1439,44.2,82,10.299999999999955,6660.574360679816,63603.8,3624.4,0,1,0,0
301.1,310.9,1396,45.1,12,9.799999999999955,6593.113894431732,62959.6,541.2,0,0,1,0
303.3,311.8,1441,44.9,61,8.5,6775.462404021595,64700.9,2738.9,0,0,1,0
300.2,311.0,1777,27.5,151,10.800000000000011,5117.3926333099735,48867.5,4152.5,1,0,0,0
300.0,311.4,1383,49.6,101,11.399999999999977,7183.440097992278,68596.8,5009.6,0,1,0,0
299.0,310.4,1504,34.3,48,11.399999999999977,5402.198951308912,51587.2,1646.3999999999999,0,1,0,0
298.8,309.8,1563,38.8,65,11.0,6350.666717378695,60644.399999999994,2522.0,1,0,0,0
298.3,308.9,1695,30.7,174,10.599999999999966,5449.249537284175,52036.5,5341.8,0,1,0,0
301.4,310.7,1617,34.3,101,9.300000000000011,5808.082250177202,55463.1,3464.2999999999997,0,0,1,0
302.5,312.0,1826,25.3,203,9.5,4837.822303067019,46197.8,5135.900000000001,0,0,1,0
296.1,307.2,1615,30.8,18,11.099999999999966,5208.970059162117,49742.0,554.4,0,1,0,0
300.6,312.0,1490,39.8,94,11.399999999999977,6210.090918106063,59301.99999999999,3741.2,0,0,1,0
303.5,313.0,1492,46.1,89,9.5,7202.7504208363425,68781.2,4102.900000000001,0,0,1,0
301.3,311.3,1434,49.8,16,10.0,7478.372816311286,71413.2,796.8,0,1,0,0
304.0,313.2,1271,68.6,161,9.199999999999989,9130.578280736207,87190.59999999999,11044.599999999999,1,0,0,1
298.0,307.5,1683,27.8,26,9.5,4899.56507068557,46787.4,722.8000000000001,1,0,0,0
298.0,308.9,1607,37.7,49,10.899999999999977,6344.331172193956,60583.9,1847.3000000000002,0,1,0,0
299.9,310.3,1638,29.1,152,10.400000000000034,4991.550903582679,47665.8,4423.2,0,1,0,0
297.5,308.9,1466,43.0,15,11.399999999999977,6601.3239232331125,63038.0,645.0,0,1,0,0
298.6,309.8,1842,20.1,142,11.199999999999989,3877.165157501308,37024.200000000004,2854.2000000000003,0,1,0,0
300.9,310.5,1570,40.1,79,9.600000000000023,6592.8416230684215,62957.0,3167.9,0,1,0,0
300.5,311.8,1636,34.4,2,11.300000000000011,5893.46026652626,56278.399999999994,68.8,0,0,1,0
302.5,310.4,1415,48.2,117,7.899999999999977,7142.201458426156,68203.0,5639.400000000001,0,1,0,0
299.0,310.2,1682,28.8,49,11.199999999999989,5072.792489604511,48441.6,1411.2,0,1,0,0
297.2,307.9,1337,58.1,184,10.699999999999989,8134.599161768634,77679.7,10690.4,0,1,0,0
302.7,310.6,1564,34.3,0,7.900000000000034,5617.712207345173,53645.2,0.0,0,1,0,0
298.4,308.2,1471,47.0,214,9.800000000000011,7240.009709707918,69137.0,10058.0,0,1,0,0
297.2,307.9,1450,37.2,151,10.699999999999989,5648.583591154449,53940.00000000001,5617.200000000001,1,0,0,0
301.3,310.4,1440,41.5,197,9.099999999999966,6258.052565950868,59760.0,8175.5,0,1,0,0
299.0,308.3,1377,47.2,35,9.300000000000011,6806.197652149216,64994.4,1652.0,0,0,1,0
303.0,311.2,1409,41.9,98,8.199999999999989,6182.350654974865,59037.1,4106.2,0,1,0,0
298.8,309.1,1362,45.4,113,10.300000000000011,6475.325113873137,61834.799999999996,5130.2,0,1,0,0
299.3,309.1,1399,52.1,27,9.800000000000011,7632.80303918625,72887.90000000001,1406.7,0,1,0,0
301.2,310.7,1676,32.4,98,9.5,5686.534030409813,54302.399999999994,3175.2,0,1,0,0
298.8,309.7,1448,44.8,31,10.899999999999977,6793.212402514377,64870.399999999994,1388.8,0,0,1,0
299.5,309.9,1402,51.7,58,10.399999999999977,7590.443898240348,72483.40000000001,2998.6000000000004,0,1,0,0
302.3,311.7,1611,38.6,143,9.399999999999977,6511.956084213995,62184.600000000006,5519.8,0,1,0,0
297.9,309.0,1629,29.0,26,11.100000000000023,4947.065951607847,47241.0,754.0,0,1,0,0
302.2,311.3,1931,21.9,101,9.100000000000023,4428.483252279781,42288.899999999994,2211.8999999999996,0,0,1,0
301.5,310.7,1359,47.1,115,9.199999999999989,6702.99633347879,64008.9,5416.5,0,0,1,0
297.4,308.3,1774,28.9,166,10.900000000000034,5368.835237327789,51268.6,4797.4,0,0,1,0
299.4,310.9,1473,40.1,7,11.5,6185.51319157948,59067.3,280.7,0,0,1,0
298.7,309.8,1589,31.8,217,11.100000000000023,5291.510170147433,50530.200000000004,6900.6,0,1,0,0
299.7,310.3,1462,40.4,19,10.600000000000023,6185.251392191681,59064.799999999996,767.6,1,0,0,0
300.0,309.7,1326,61.9,80,9.699999999999989,8595.334668368601,82079.4,4952.0,0,1,0,0
298.1,309.3,1332,51.0,72,11.199999999999989,7113.822404788727,67932.0,3672.0,1,0,0,0
303.6,312.3,1915,22.3,116,8.699999999999989,4472.004782507511,42704.5,2586.8,0,0,1,0
301.3,310.7,1532,40.7,178,9.399999999999977,6529.528059123074,62352.4,7244.6,0,0,1,0
297.6,308.6,1480,39.8,19,11.0,6168.412455568438,58903.99999999999,756.1999999999999,1,0,0,0
298.4,309.0,2304,15.1,89,10.600000000000023,3643.242168515011,34790.4,1343.8999999999999,0,1,0,0
297.9,307.7,1308,55.2,87,9.800000000000011,7560.933871247627,72201.6,4802.400000000001,0,1,0,0
300.3,311.3,1332,60.5,112,11.0,8438.946186072902,80586.0,6776.0,0,1,0,0
297.5,308.2,1610,33.6,115,10.699999999999989,5664.9198729531145,54096.0,3864.0,0,1,0,0
298.1,308.7,1362,49.6,158,10.599999999999966,7074.364001059639,67555.2,7836.8,0,0,1,0
301.5,310.7,1871,21.3,152,9.199999999999989,4173.323096955217,39852.3,3237.6,0,0,1,0
297.4,308.6,1452,41.2,197,11.200000000000045,6264.587078670335,59822.4,8116.400000000001,0,0,1,0
300.5,310.7,1488,39.4,159,10.199999999999989,6139.426027351317,58627.2,6264.599999999999,0,1,0,0
297.1,308.2,1399,42.6,194,11.099999999999966,6241.025133768412,59597.4,8264.4,0,1,0,0
301.7,311.0,1503,44.8,134,9.300000000000011,7051.241879129218,67334.4,6003.2,0,1,0,0
302.7,312.1,1603,32.5,148,9.400000000000034,5455.637442346475,52097.5,4810.0,1,0,0,0
303.6,312.9,1381,57.8,27,9.299999999999955,8358.919349210457,79821.8,1560.6,0,1,0,0
300.7,311.1,1440,43.0,148,10.400000000000034,6484.247237009333,61920.0,6364.0,0,1,0,0
301.8,310.7,1420,52.0,88,8.899999999999977,7732.506718035676,73840.0,4576.0,0,0,1,0
299.4,309.1,1670,35.9,68,9.700000000000045,6278.263478688962,59953.0,2441.2,0,1,0,0
300.0,311.4,1864,23.3,2,11.399999999999977,4548.104628552967,43431.200000000004,46.6,0,0,1,0
303.8,312.8,1416,58.7,156,9.0,8704.222269742026,83119.2,9157.2,0,1,0,0
298.6,309.8,1279,55.9,152,11.199999999999989,7487.054084010707,71496.09999999999,8496.8,1,0,0,0
299.3,308.7,1484,40.5,213,9.399999999999977,6293.866722201791,60102.0,8626.5,0,1,0,0
297.8,307.5,1388,40.0,159,9.699999999999989,5814.04080424351,55520.0,6360.0,0,1,0,0
299.7,311.2,1560,43.9,126,11.5,7171.627709614779,68484.0,5531.4,0,0,1,0
299.7,309.3,1546,37.2,4,9.600000000000023,6022.558780637776,57511.200000000004,148.8,0,1,0,0
297.9,307.7,1567,34.7,74,9.800000000000011,5694.126212655989,54374.9,2567.8,0,1,0,0
297.2,308.3,1794,27.5,38,11.100000000000023,5166.349118828414,49335.0,1045.0,0,0,1,0
297.0,307.9,1479,39.2,151,10.899999999999977,6071.316298621491,57976.8,5919.200000000001,0,1,0,0
301.6,310.1,1326,48.2,77,8.5,6692.974652913838,63913.200000000004,3711.4,0,1,0,1
301.1,311.1,1384,42.5,185,10.0,6159.615996138387,58820.0,7862.5,0,0,1,0
300.0,311.4,1487,41.2,22,11.399999999999977,6415.592965552885,61264.4,906.4000000000001,0,1,0,0
301.6,310.9,1623,34.1,56,9.299999999999955,5795.6415432689855,55344.3,1909.6000000000001,0,1,0,0
296.8,307.8,1627,30.5,117,11.0,5196.560768180437,49623.5,3568.5,1,0,0,0
300.1,309.0,1404,54.8,29,8.899999999999977,8057.054183102527,76939.2,1589.1999999999998,0,1,0,0
302.3,310.1,1653,29.7,34,7.800000000000011,5141.122129820089,49094.1,1009.8,0,1,0,0
297.4,308.3,1431,43.0,113,10.900000000000034,6443.720691778025,61533.0,4859.0,0,1,0,0
301.3,310.6,1529,41.8,176,9.300000000000011,6692.8699331587195,63912.2,7356.799999999999,0,1,0,0
299.2,308.5,1490,43.2,158,9.300000000000011,6740.601197542261,64368.00000000001,6825.6,0,1,0,0
300.4,309.7,1488,42.2,133,9.300000000000011,6575.730415081868,62793.600000000006,5612.6,0,0,1,0
297.9,308.8,1602,32.1,59,10.900000000000034,5385.1296312244085,51424.200000000004,1893.9,0,0,1,0
300.1,311.4,1390,52.1,94,11.299999999999955,7583.699946010641,72419.0,4897.400000000001,0,0,1,0
297.6,309.0,1885,25.2,24,11.399999999999977,4974.397807694078,47502.0,604.8,1,0,0,0
297.7,308.9,1742,26.3,24,11.199999999999989,4797.693692905164,45814.6,631.2,0,1,0,0
297.8,307.3,1859,24.0,178,9.5,4672.176594418741,44616.0,4272.0,0,1,0,0
300.0,311.5,1812,28.3,94,11.5,5369.9871546341055,51279.6,2660.2000000000003,0,1,0,0
298.4,308.2,1584,41.0,191,9.800000000000011,6800.919776491184,64944.0,7831.0,0,0,1,0
303.8,312.8,1646,35.8,143,9.0,6170.800065985167,58926.799999999996,5119.4,0,1,0,0
300.7,311.0,1496,38.3,99,10.300000000000011,6000.106865140122,57296.799999999996,3791.7,0,1,0,0
295.6,306.2,1424,42.5,58,10.599999999999966,6337.63957984181,60520.0,2465.0,0,1,0,0
298.8,308.7,1635,35.2,47,9.899999999999977,6026.831346646659,57552.00000000001,1654.4,0,1,0,0
301.6,309.9,1397,43.7,102,8.299999999999955,6393.025858324598,61048.9,4457.400000000001,0,1,0,0
298.8,308.5,1711,28.5,140,9.699999999999989,5106.501778777529,48763.5,3990.0,0,0,1,0
300.4,310.4,1486,46.3,48,10.0,7204.907647791807,68801.8,2222.3999999999996,0,1,0,0
303.2,311.5,1513,37.9,0,8.300000000000011,6004.913501900114,57342.7,0.0,0,1,0,0
301.4,310.4,1553,44.7,173,9.0,7269.551152627174,69419.1,7733.1,0,0,1,0
301.0,310.9,1822,21.6,168,9.899999999999977,4121.266906685234,39355.200000000004,3628.8,0,1,0,0
297.3,308.5,1524,49.3,176,11.199999999999989,7867.930305356421,75133.2,8676.8,0,0,1,0
297.4,308.5,1462,42.8,68,11.100000000000023,6552.692068955543,62573.6,2910.3999999999996,0,1,0,0
302.3,311.8,1804,25.0,43,9.5,4722.860955896656,45100.0,1075.0,1,0,0,0
299.4,309.0,1613,32.2,178,9.600000000000023,5438.997473257961,51938.600000000006,5731.6,0,1,0,0
303.4,312.8,1360,50.8,94,9.400000000000034,7234.878441707055,69088.0,4775.2,0,1,0,0
297.2,308.5,1574,35.8,95,11.300000000000011,5900.874425188732,56349.2,3400.9999999999995,0,1,0,0
298.3,309.5,1560,36.9,131,11.199999999999989,6028.087983708095,57564.0,4833.9,0,0,1,0
302.4,311.8,1453,42.1,105,9.400000000000034,6405.843556351244,61171.3,4420.5,0,0,1,0
300.5,310.8,1728,26.3,125,10.300000000000011,4759.135879070106,45446.4,3287.5,0,1,0,0
303.3,311.3,1393,47.4,18,8.0,6914.45693499192,66028.2,853.1999999999999,0,1,0,0
303.5,313.0,1465,41.0,56,9.5,6289.992091262364,60065.0,2296.0,0,1,0,0
300.6,310.2,1622,34.1,3,9.599999999999966,5792.070599619406,55310.200000000004,102.30000000000001,0,1,0,0
298.3,307.9,1435,39.9,143,9.599999999999966,5995.8866590088,57256.5,5705.7,0,1,0,0
301.9,310.5,1892,21.8,177,8.600000000000023,4319.229131763439,41245.6,3858.6,0,1,0,0
304.3,313.3,1775,24.9,39,9.0,4628.351376901162,44197.5,971.0999999999999,0,1,0,0
301.1,310.5,1646,30.7,76,9.399999999999977,5291.719609657672,50532.2,2333.2,0,0,1,0
296.7,308.1,1528,46.3,203,11.400000000000034,7408.545683597497,70746.4,9398.9,1,0,0,0
302.3,311.7,1453,42.5,56,9.399999999999977,6466.70667802679,61752.5,2380.0,0,0,1,0
298.7,308.5,1375,46.4,48,9.800000000000011,6681.120376634292,63800.0,2227.2,0,1,0,0
302.1,311.2,1417,48.0,13,9.099999999999966,7122.618864218779,68016.0,624.0,0,1,0,0
297.4,308.4,1487,46.2,150,11.0,7194.184344867555,68699.40000000001,6930.0,1,0,0,0
303.6,311.9,1473,50.1,84,8.299999999999955,7728.035184492069,73797.3,4208.400000000001,0,1,0,0
299.4,310.6,1418,53.1,10,11.200000000000045,7884.957737538879,75295.8,531.0,0,1,0,0
303.6,312.0,1827,23.3,103,8.399999999999977,4457.825727664309,42569.1,2399.9,0,1,0,0
298.3,309.0,1823,25.9,181,10.699999999999989,4944.41654180332,47215.7,4687.9,1,0,0,0
298.1,307.8,1606,33.0,130,9.699999999999989,5549.937581831729,52998.0,4290.0,0,1,0,0
302.3,311.2,1386,53.5,59,8.899999999999977,7765.074561877891,74151.0,3156.5,0,1,0,0
302.4,310.1,1418,52.3,141,7.7000000000000455,7766.163647331136,74161.4,7374.299999999999,0,1,0,0
302.0,309.9,1308,57.6,197,7.899999999999977,7889.670126519263,75340.8,11347.2,0,1,0,1
302.2,310.8,1350,56.6,76,8.600000000000023,8001.636488693203,76410.0,4301.6,0,1,0,0
297.4,308.6,1643,31.0,89,11.200000000000045,5333.6912875096305,50933.0,2759.0,0,0,1,0
298.9,310.1,1458,44.3,156,11.200000000000045,6763.786151325751,64589.399999999994,6910.799999999999,1,0,0,0
301.8,310.8,1576,38.6,38,9.0,6370.479695047335,60833.600000000006,1466.8,0,1,0,0
298.8,308.6,1593,35.5,175,9.800000000000011,5922.059231649439,56551.5,6212.5,0,1,0,0
300.6,311.9,1463,38.2,41,11.299999999999955,5852.431066470379,55886.600000000006,1566.2,0,1,0,0
299.0,310.3,1929,24.4,180,11.300000000000011,4928.907546070098,47067.6,4392.0,0,1,0,0
300.6,310.7,1339,52.9,0,10.099999999999966,7417.624886366373,70833.09999999999,0.0,0,0,1,0
302.2,311.0,1832,23.2,70,8.800000000000011,4450.840919997827,42502.4,1624.0,0,1,0,0
303.4,312.8,1376,53.4,98,9.400000000000034,7694.640054584408,73478.4,5233.2,0,1,0,0
300.4,311.5,1704,29.7,103,11.100000000000023,5299.7411428998375,50608.799999999996,3059.1,0,1,0,0
302.6,311.6,1518,39.0,184,9.0,6199.618942594098,59202.0,7176.0,0,0,1,0
303.4,312.7,1357,55.3,31,9.300000000000011,7858.39033566502,75042.09999999999,1714.3,0,0,1,0
300.6,310.1,1297,50.0,130,9.5,6791.076119509937,64850.0,6500.0,0,1,0,0
297.2,308.3,1578,37.8,3,11.100000000000023,6246.365841279513,59648.399999999994,113.39999999999999,0,0,1,0
300.8,310.7,1371,44.7,205,9.899999999999977,6417.614056826694,61283.700000000004,9163.5,0,0,1,0
302.2,311.1,1434,58.6,102,8.900000000000034,8799.852350117299,84032.40000000001,5977.2,0,0,1,0
301.9,311.0,1289,54.9,128,9.100000000000023,7410.608662773354,70766.09999999999,7027.2,0,1,0,0
301.1,310.9,1552,37.9,126,9.799999999999955,6159.699771942483,58820.799999999996,4775.4,0,0,1,0
303.7,312.4,1316,59.3,137,8.699999999999989,8172.204025832105,78038.8,8124.099999999999,0,1,0,0
303.5,312.7,1420,49.1,42,9.199999999999989,7301.270766452918,69722.0,2062.2000000000003,0,0,1,0
300.6,310.2,1233,52.3,23,9.599999999999966,6752.947656670868,64485.899999999994,1202.8999999999999,0,0,1,0
300.2,310.3,1202,59.5,40,10.100000000000023,7489.452166402947,71519.0,2380.0,0,1,0,0
296.9,308.0,1521,34.5,84,11.100000000000023,5495.1167900265855,52474.5,2898.0,0,1,0,0
298.0,308.0,1524,37.0,49,10.0,5904.937551687375,56388.0,1813.0,0,1,0,0
297.4,308.3,1723,28.8,33,10.900000000000034,5196.445576449805,49622.4,950.4,0,1,0,0
302.4,311.8,1539,39.9,101,9.400000000000034,6430.43175485334,61406.1,4029.8999999999996,0,0,1,0
303.5,312.9,1883,23.3,100,9.399999999999977,4594.464064144441,43873.9,2330.0,0,0,1,0
298.9,308.9,1450,47.5,9,10.0,7212.573133866567,68875.0,427.5,0,1,0,0
300.2,309.5,1434,51.5,189,9.300000000000011,7733.658635341993,73851.0,9733.5,0,0,1,0
299.2,308.8,1605,31.1,181,9.600000000000023,5227.138936675377,49915.5,5629.1,0,1,0,0
302.5,310.8,1577,36.9,158,8.300000000000011,6093.778686094658,58191.299999999996,5830.2,0,1,0,0
301.9,310.4,1518,34.1,155,8.5,5420.6924600630455,51763.8,5285.5,0,1,0,0
300.4,311.5,1662,29.0,137,11.100000000000023,5047.2827572573615,48198.0,3973.0,1,0,0,0
304.1,313.1,1556,36.3,86,9.0,5914.864984472719,56482.799999999996,3121.7999999999997,0,1,0,0
300.3,311.8,2004,19.6,12,11.5,4113.224429492045,39278.4,235.20000000000002,0,1,0,0
303.7,312.4,1535,38.6,107,8.699999999999989,6204.750210594961,59251.0,4130.2,0,1,0,0
298.1,309.2,1460,45.8,80,11.099999999999966,7002.40058534141,66868.0,3664.0,0,0,1,0
301.9,311.2,1657,29.1,23,9.300000000000011,5049.450456188339,48218.700000000004,669.3000000000001,0,1,0,0
302.2,311.4,1625,35.4,70,9.199999999999989,6024.003913258429,57525.0,2478.0,1,0,0,0
303.9,313.2,1499,37.4,7,9.300000000000011,5870.861743371437,56062.6,261.8,0,1,0,0
297.8,307.3,1438,44.5,3,9.5,6701.121849862148,63991.0,133.5,0,1,0,0
301.1,312.2,1491,42.6,52,11.099999999999966,6651.442798033381,63516.6,2215.2000000000003,1,0,0,0
298.9,308.9,1422,47.6,15,10.0,7088.187008735435,67687.2,714.0,0,1,0,0
298.8,308.7,1490,33.6,71,9.899999999999977,5242.689820310647,50064.0,2385.6,0,1,0,0
299.2,310.3,1463,38.9,160,11.100000000000023,5959.674567688422,56910.7,6224.0,0,1,0,0
298.1,307.8,1316,57.2,191,9.699999999999989,7882.8005105834145,75275.2,10925.2,0,0,1,0
299.2,310.6,1434,48.4,153,11.400000000000034,7268.1374359330575,69405.59999999999,7405.2,1,0,0,0
301.6,310.7,2012,20.7,178,9.099999999999966,4361.410249125638,41648.4,3684.6,0,0,1,0
297.5,308.6,1260,53.6,137,11.100000000000023,7072.3533817613425,67536.0,7343.2,0,1,0,0
299.9,309.2,1658,34.8,16,9.300000000000011,6042.162318796178,57698.399999999994,556.8,0,1,0,0
298.5,308.3,1811,24.7,27,9.800000000000011,4684.292670086085,44731.7,666.9,0,1,0,0
297.5,308.1,1469,44.8,5,10.600000000000023,6891.732748130953,65811.2,224.0,0,0,1,0
300.4,309.6,1523,38.5,124,9.200000000000045,6140.2952013188105,58635.5,4774.0,0,1,0,0
301.0,311.0,1508,46.9,113,10.0,7406.32562478896,70725.2,5299.7,0,0,1,0
302.2,311.1,1640,32.8,77,8.900000000000034,5633.085067396738,53791.99999999999,2525.6,0,0,1,0
298.4,309.3,1390,53.6,5,10.900000000000034,7802.040635435132,74504.0,268.0,0,0,1,0
301.4,310.6,1464,37.4,74,9.200000000000045,5733.783583919802,54753.6,2767.6,0,0,1,0
303.5,312.0,1397,52.9,80,8.5,7738.926039024512,73901.3,4232.0,1,0,0,0
300.2,310.1,1440,51.1,41,9.900000000000034,7705.698460725045,73584.0,2095.1,0,1,0,0
298.1,307.7,1664,27.6,145,9.599999999999966,4809.4013615275435,45926.4,4002.0,0,1,0,0
299.0,310.1,2033,19.3,15,11.100000000000023,4108.878559654579,39236.9,289.5,0,1,0,0
302.3,311.0,1657,31.1,3,8.699999999999989,5396.491724654891,51532.700000000004,93.30000000000001,0,1,0,0
303.5,312.6,1496,39.0,21,9.100000000000023,6109.76939270143,58344.0,819.0,0,1,0,0
299.7,309.2,1346,57.4,138,9.5,8090.690168446961,77260.4,7921.2,0,1,0,0
298.3,308.3,1452,45.5,63,10.0,6918.415341735443,66066.0,2866.5,0,1,0,0
298.2,308.4,1510,39.9,134,10.199999999999989,6309.260526204381,60249.0,5346.599999999999,0,0,1,0
298.8,309.9,1466,44.6,66,11.099999999999966,6846.954580841786,65383.6,2943.6,1,0,0,0
300.6,310.6,1427,52.8,75,10.0,7890.172781343837,75345.59999999999,3960.0,0,0,1,0
299.1,308.9,1680,27.2,110,9.799999999999955,4785.273929947973,45696.0,2992.0,0,1,0,0
301.3,310.3,1419,55.7,125,9.0,8276.871421074206,79038.3,6962.5,0,1,0,0
297.5,309.4,1809,24.3,110,11.899999999999977,4603.344299378588,43958.700000000004,2673.0,0,1,0,0
301.7,310.5,1625,35.9,121,8.800000000000011,6109.088714293152,58337.5,4343.9,0,0,1,0
298.7,309.7,1362,50.5,34,11.0,7202.729476885318,68781.0,1717.0,0,0,1,0
303.5,311.6,1466,47.0,80,8.100000000000023,7215.400567254797,68902.0,3760.0,1,0,0,0
300.8,310.8,1549,35.5,79,10.0,5758.486974152531,54989.5,2804.5,0,0,1,0
297.8,308.8,1421,49.6,101,11.0,7380.815892441812,70481.6,5009.6,0,1,0,0
298.5,309.0,1458,44.8,217,10.5,6840.126852807984,65318.399999999994,9721.599999999999,0,1,0,0
299.1,310.2,1456,48.4,101,11.099999999999966,7379.643031184472,70470.4,4888.4,0,0,1,0
300.4,311.8,1689,30.8,196,11.400000000000034,5447.6473250308445,52021.200000000004,6036.8,0,1,0,0
302.1,311.3,1758,24.4,200,9.199999999999989,4491.9748398088295,42895.2,4880.0,0,1,0,0
304.0,313.0,1701,30.4,171,9.0,5415.100425139654,51710.399999999994,5198.4,1,0,0,0
300.8,310.9,1678,28.1,63,10.099999999999966,4937.724949451173,47151.8,1770.3000000000002,0,0,1,0
301.0,310.6,1366,50.6,106,9.600000000000023,7238.187585968836,69119.6,5363.6,1,0,0,0
299.4,309.3,1596,31.8,40,9.900000000000034,5314.820787637069,50752.8,1272.0,0,1,0,0
300.7,312.1,1498,44.0,155,11.400000000000034,6902.288499447015,65912.0,6820.0,0,1,0,0
300.8,312.0,1450,45.0,183,11.199999999999989,6832.9640215578,65250.0,8235.0,0,0,1,0
296.7,307.8,1646,34.6,238,11.100000000000023,5963.957605672816,56951.600000000006,8234.800000000001,0,1,0,0
299.6,310.9,1229,65.2,209,11.299999999999955,8391.277753542434,80130.8,13626.800000000001,0,1,0,1
298.9,310.6,1615,33.0,221,11.700000000000045,5581.039349102268,53295.0,7293.0,1,0,0,0
302.0,310.4,1611,35.6,117,8.399999999999977,6005.84550772068,57351.600000000006,4165.2,0,1,0,0
300.9,310.8,1482,37.0,5,9.900000000000034,5742.203052231424,54834.0,185.0,0,1,0,0
300.5,309.8,1473,42.3,121,9.300000000000011,6524.868030020249,62307.899999999994,5118.299999999999,0,0,1,0
298.0,308.7,1503,36.3,5,10.699999999999989,5713.394647598005,54558.899999999994,181.5,1,0,0,0
298.0,308.7,1443,49.3,52,10.699999999999989,7449.752907237084,71139.9,2563.6,0,1,0,0
300.2,309.8,1650,29.6,13,9.600000000000023,5114.512840044184,48840.0,384.8,0,1,0,0
302.6,311.7,1773,27.1,30,9.099999999999966,5031.606209915949,48048.3,813.0,0,1,0,0
297.6,307.1,1526,39.1,39,9.5,6248.271740822693,59666.6,1524.9,0,0,1,0
300.3,310.6,1806,24.4,88,10.300000000000011,4614.622617004975,44066.399999999994,2147.2,0,1,0,0
301.9,311.5,1492,40.8,150,9.600000000000023,6374.66848525212,60873.6,6120.0,0,0,1,0
300.6,310.4,1401,42.6,114,9.799999999999955,6249.947256904606,59682.6,4856.400000000001,0,1,0,0
299.1,310.6,1791,28.0,168,11.5,5251.486279740698,50148.0,4704.0,1,0,0,0
300.8,311.2,1634,31.9,178,10.399999999999977,5458.475347710218,52124.6,5678.2,0,0,1,0
299.2,308.8,1314,52.5,193,9.600000000000023,7224.09230692973,68985.0,10132.5,0,0,1,0
298.7,309.8,1530,35.5,0,11.100000000000023,5687.85349932432,54315.0,0.0,0,1,0,0
297.5,308.8,1417,49.8,177,11.300000000000011,7389.717071626983,70566.59999999999,8814.6,0,1,0,0
299.2,308.5,1445,45.2,222,9.300000000000011,6839.666085885458,65314.00000000001,10034.400000000001,0,1,0,0
300.4,311.1,1405,54.1,193,10.700000000000045,7959.800946522901,76010.5,10441.300000000001,0,1,0,0
297.5,308.3,1521,38.2,74,10.800000000000011,6084.448155913496,58102.200000000004,2826.8,0,0,1,0
302.2,311.5,1489,38.3,35,9.300000000000011,5972.03149879254,57028.7,1340.5,0,1,0,0
300.3,310.3,1483,51.6,50,10.0,8013.4488770707,76522.8,2580.0,0,1,0,0
300.2,309.4,1752,27.8,208,9.199999999999989,5100.4385049561015,48705.6,5782.400000000001,0,0,1,0
303.4,312.7,1576,49.9,28,9.300000000000011,8235.412870022332,78642.4,1397.2,0,0,1,0
300.3,311.7,1365,53.3,113,11.399999999999977,7618.833423853286,72754.5,6022.9,0,1,0,0
304.2,313.4,1490,44.0,41,9.199999999999989,6865.427145644895,65560.0,1804.0,0,1,0,0
298.9,310.3,1364,54.0,95,11.400000000000034,7713.238283093659,73656.0,5130.0,0,1,0,0
300.9,310.6,1598,35.4,186,9.700000000000045,5923.9127713150565,56569.2,6584.4,0,1,0,0
298.8,308.4,1401,47.3,10,9.599999999999966,6939.495428441029,66267.3,473.0,0,1,0,0
300.1,309.7,1601,35.8,160,9.599999999999966,6002.096540487395,57315.799999999996,5728.0,0,1,0,0
299.3,308.4,1438,42.3,0,9.099999999999966,6369.830432565593,60827.399999999994,0.0,0,0,1,0
298.8,309.9,1486,40.3,126,11.099999999999966,6271.22631114492,59885.799999999996,5077.799999999999,0,1,0,0
301.5,310.7,1466,47.3,77,9.199999999999989,7261.456315556423,69341.8,3642.1,0,1,0,0
302.5,311.9,1265,59.8,119,9.399999999999977,7921.735315536902,75647.0,7116.2,0,1,0,0
301.8,310.7,1465,35.8,82,8.899999999999977,5492.236996760796,52446.99999999999,2935.6,0,0,1,0
300.9,310.7,1412,57.5,16,9.800000000000011,8502.196918165177,81190.0,920.0,0,1,0,0
300.3,310.4,1493,37.5,219,10.099999999999966,5862.997289761952,55987.5,8212.5,0,1,0,0
300.7,311.1,2478,13.4,170,10.400000000000034,3477.240412699327,33205.200000000004,2278.0,0,1,0,1
297.0,308.2,1702,30.7,124,11.199999999999989,5471.753812659391,52251.4,3806.7999999999997,0,0,1,0
301.8,311.5,1416,49.0,136,9.699999999999989,7265.875489222474,69384.0,6664.0,0,0,1,0
303.0,311.1,1525,40.7,179,8.100000000000023,6499.693400889483,62067.50000000001,7285.3,0,1,0,0
303.1,311.3,1336,52.6,172,8.199999999999989,7359.034183376924,70273.6,9047.2,0,1,0,1
297.9,307.6,1504,42.4,180,9.700000000000045,6677.936896078656,63769.6,7632.0,0,1,0,0
303.0,312.7,1426,46.8,99,9.699999999999989,6988.661353469709,66736.8,4633.2,0,0,1,0
297.1,308.0,1467,42.8,169,10.899999999999977,6575.10209655115,62787.6,7233.2,0,1,0,0
302.1,311.2,1447,50.3,11,9.099999999999966,7621.933128604828,72784.09999999999,553.3,0,1,0,0
300.8,311.7,1397,43.5,227,10.899999999999977,6363.767158744164,60769.5,9874.5,0,1,0,0
300.6,309.6,1365,50.0,70,9.0,7147.123286916779,68250.0,3500.0,0,0,1,0
298.1,307.7,1376,56.2,113,9.599999999999966,8098.104327109433,77331.2,6350.6,1,0,0,0
298.2,309.1,1411,45.8,157,10.900000000000034,6767.388510901868,64623.799999999996,7190.599999999999,0,0,1,0
301.1,311.2,1591,35.0,208,10.099999999999966,5831.319563838254,55685.0,7280.0,0,0,1,0
301.4,310.7,1470,46.5,101,9.300000000000011,7158.118861204343,68355.0,4696.5,0,0,1,0
299.5,310.8,1356,54.9,72,11.300000000000011,7795.799338029999,74444.4,3952.7999999999997,0,1,0,0
302.6,310.2,1923,21.5,18,7.599999999999966,4329.585915544773,41344.5,387.0,0,1,0,0
300.1,309.7,1348,57.3,48,9.599999999999966,8088.595773344568,77240.4,2750.3999999999996,0,0,1,0
298.6,310.0,1517,39.0,4,11.399999999999977,6195.534872144432,59163.0,156.0,0,1,0,0
299.8,309.4,1480,40.9,2,9.599999999999966,6338.896216903245,60532.0,81.8,0,1,0,0
301.0,310.6,1641,33.4,12,9.600000000000023,5739.62694625548,54809.399999999994,400.79999999999995,0,1,0,0
299.1,308.5,1587,35.6,2,9.399999999999977,5916.372948946442,56497.200000000004,71.2,0,0,1,0
303.3,311.5,1569,36.6,47,8.199999999999989,6013.573825648511,57425.4,1720.2,0,0,1,0
302.2,310.6,1386,50.0,132,8.400000000000034,7257.079029792422,69300.0,6600.0,0,1,0,0
300.3,309.9,1611,29.0,177,9.599999999999966,4892.402239435385,46719.0,5133.0,0,0,1,0
302.6,311.0,1589,39.0,122,8.399999999999977,6489.587944520436,61971.0,4758.0,0,0,1,0
298.7,309.6,1455,46.8,162,10.900000000000034,7130.787005118112,68094.0,7581.599999999999,0,0,1,0
300.7,310.3,1592,36.0,14,9.600000000000023,6001.698605417941,57312.0,504.0,0,1,0,0
300.6,309.8,1913,22.5,157,9.199999999999989,4507.400059737956,43042.5,3532.5,1,0,0,0
298.5,307.9,1640,33.1,146,9.399999999999977,5684.607186915611,54284.0,4832.6,0,0,1,0
297.5,308.4,1369,54.8,145,10.899999999999977,7856.201692783019,75021.2,7946.0,0,0,1,0
300.5,309.7,1841,24.6,143,9.199999999999989,4742.611101712224,45288.600000000006,3517.8,0,1,0,0
299.8,311.1,1603,35.1,179,11.300000000000011,5892.088437734193,56265.3,6282.900000000001,0,1,0,0
299.7,309.3,1420,44.1,60,9.600000000000023,6557.760505103334,62622.0,2646.0,0,1,0,0
299.2,308.4,1381,42.5,54,9.199999999999989,6146.26422736063,58692.5,2295.0,0,0,1,0
301.7,310.1,2695,12.6,10,8.400000000000034,3555.968724598287,33957.0,126.0,0,1,0,0
301.6,310.1,1694,26.3,14,8.5,4665.495474042106,44552.200000000004,368.2,0,1,0,0
297.0,308.3,1399,59.0,135,11.300000000000011,8643.673307331837,82541.0,7965.0,0,1,0,0
297.1,308.2,1529,37.9,183,11.099999999999966,6068.415561404676,57949.1,6935.7,0,0,1,0
298.2,309.0,1491,38.3,121,10.800000000000011,5980.053032034706,57105.299999999996,4634.299999999999,0,1,0,0
297.6,309.0,1735,26.4,41,11.399999999999977,4796.583663500896,45804.0,1082.3999999999999,1,0,0,0
301.7,310.6,1492,42.2,85,8.900000000000034,6593.407109746066,62962.4,3587.0000000000005,0,0,1,0
302.3,311.8,1574,42.8,215,9.5,7054.676687097143,67367.2,9202.0,0,1,0,0
301.0,310.8,1549,41.4,121,9.800000000000011,6715.531288166613,64128.6,5009.4,0,1,0,0
302.0,310.5,1459,43.2,148,8.5,6600.360501486012,63028.8,6393.6,1,0,0,0
300.6,309.4,1463,49.2,235,8.799999999999955,7537.686085611064,71979.6,11562.0,1,0,0,0
299.0,310.1,1362,59.5,46,11.100000000000023,8486.384235142106,81039.0,2737.0,0,1,0,0
297.8,309.2,1683,30.9,163,11.399999999999977,5445.919449071371,52004.7,5036.7,0,1,0,0
300.6,310.0,1419,42.4,90,9.399999999999977,6300.526898627401,60165.6,3816.0,1,0,0,0
297.4,309.0,1568,33.7,175,11.600000000000023,5533.559412131014,52841.600000000006,5897.500000000001,0,1,0,0
298.4,308.5,1636,35.7,107,10.100000000000023,6116.178241714753,58405.200000000004,3819.9,0,0,1,0
300.7,311.8,1336,58.4,189,11.100000000000023,8170.486621848144,78022.4,11037.6,0,1,0,1
300.3,310.2,1471,45.2,48,9.899999999999977,6962.732742102083,66489.2,2169.6000000000004,0,1,0,0
296.1,306.9,1541,32.6,33,10.799999999999955,5260.7644500443,50236.600000000006,1075.8,1,0,0,0
300.5,311.4,1312,51.4,60,10.899999999999977,7061.965182053471,67436.8,3084.0,0,0,1,0
303.4,311.7,1793,25.8,161,8.300000000000011,4844.27303998239,46259.4,4153.8,0,1,0,0
298.3,309.9,1507,41.6,112,11.599999999999966,6565.007112157616,62691.200000000004,4659.2,0,1,0,0
301.5,310.5,1636,28.7,106,9.0,4916.9276060844095,46953.2,3042.2,0,1,0,0
301.1,311.2,1407,53.0,165,10.099999999999966,7809.056859028148,74571.0,8745.0,0,0,1,0
298.3,307.8,1485,42.0,13,9.5,6531.37112681318,62370.0,546.0,0,0,1,0
300.3,309.5,1448,42.4,145,9.199999999999989,6429.290309522536,61395.2,6148.0,0,0,1,0
298.8,308.8,1441,40.5,63,10.0,6111.497268660904,58360.5,2551.5,0,0,1,0
299.3,309.0,1496,43.4,67,9.699999999999989,6799.076708801078,64926.4,2907.7999999999997,0,0,1,0
298.1,307.7,1414,48.7,159,9.599999999999966,7211.190833098987,68861.8,7743.3,0,1,0,0
297.7,307.7,1581,34.9,31,10.0,5778.111456261955,55176.899999999994,1081.8999999999999,0,1,0,0
297.3,308.5,1456,54.2,179,11.199999999999989,8263.980419218975,78915.2,9701.800000000001,0,1,0,0
297.3,308.6,1385,55.2,156,11.300000000000011,8006.034718408229,76452.0,8611.2,0,1,0,0
302.5,310.2,1547,36.9,103,7.699999999999989,5977.853917177194,57084.299999999996,3800.7,0,1,0,0
297.3,308.1,1762,26.1,154,10.800000000000011,4815.873042393938,45988.200000000004,4019.4,0,1,0,0
299.6,309.1,1574,39.2,83,9.5,6461.2926666871035,61700.8,3253.6000000000004,0,1,0,0
301.1,312.4,1430,37.9,124,11.299999999999955,5675.496568220201,54197.0,4699.599999999999,0,1,0,0
299.7,311.1,1353,47.1,143,11.400000000000034,6673.402530681974,63726.3,6735.3,1,0,0,0
299.1,308.4,1426,47.9,67,9.299999999999955,7152.924761350408,68305.4,3209.2999999999997,0,1,0,0
300.1,311.6,1589,37.9,37,11.5,6306.548284546783,60223.1,1402.3,1,0,0,0
302.7,310.7,1369,47.5,11,8.0,6809.663876043675,65027.5,522.5,0,1,0,1
300.6,309.7,1593,32.4,76,9.099999999999966,5404.921664942023,51613.2,2462.4,0,1,0,0
297.4,308.5,1495,37.8,211,11.100000000000023,5917.818081567092,56510.99999999999,7975.799999999999,0,1,0,0
296.4,307.5,1556,38.0,62,11.100000000000023,6191.869680715244,59128.0,2356.0,1,0,0,0
298.8,309.7,1450,43.1,63,10.899999999999977,6544.4610962031375,62495.0,2715.3,0,1,0,0
303.7,312.9,1502,40.5,0,9.199999999999989,6370.207423684023,60831.0,0.0,0,1,0,0
299.9,309.0,1553,40.0,88,9.100000000000023,6505.191188033265,62120.0,3520.0,0,1,0,0
302.6,312.1,1445,42.0,181,9.5,6355.441938212151,60690.0,7602.0,0,0,1,0
302.3,311.8,1463,35.7,197,9.5,5469.418562120223,52229.100000000006,7032.900000000001,0,0,1,0
302.3,311.0,1446,37.6,75,8.699999999999989,5693.571197953855,54369.6,2820.0,0,1,0,0
299.3,309.0,1734,30.6,154,9.699999999999989,5556.472094551195,53060.4,4712.400000000001,0,1,0,0
303.7,313.0,1457,44.1,40,9.300000000000011,6728.631729532083,64253.700000000004,1764.0,0,1,0,0
300.4,311.4,1445,52.4,105,11.0,7929.170418150397,75718.0,5502.0,1,0,0,0
297.4,307.9,1606,33.4,176,10.5,5617.209552520598,53640.399999999994,5878.4,0,1,0,0
298.1,308.7,1642,30.3,3,10.599999999999966,5210.080088566384,49752.6,90.9,0,1,0,0
297.8,307.9,1802,25.8,43,10.099999999999966,4868.588967121174,46491.6,1109.4,0,0,1,0
301.0,309.9,1507,41.8,19,8.899999999999977,6596.569646350681,62992.6,794.1999999999999,0,1,0,0
299.0,310.4,1452,46.2,168,11.399999999999977,7024.852500839065,67082.40000000001,7761.6,0,1,0,0
301.2,311.2,1635,29.6,211,10.0,5068.017268771054,48396.0,6245.6,0,1,0,0
299.5,309.2,1495,41.6,17,9.699999999999989,6512.731010401881,62192.0,707.2,0,0,1,0
298.3,308.5,1538,32.2,173,10.199999999999989,5186.099264643983,49523.600000000006,5570.6,0,1,0,0
297.9,309.0,1528,37.5,54,11.100000000000023,6000.441968356505,57300.0,2025.0,0,1,0,0
298.7,309.6,1738,27.3,79,10.900000000000034,4968.680109064545,47447.4,2156.7000000000003,0,0,1,0
299.0,308.4,1535,47.5,163,9.399999999999977,7635.379145162192,72912.5,7742.5,0,0,1,0
300.7,310.2,1373,44.1,28,9.5,6340.707868666816,60549.3,1234.8,0,0,1,0
298.7,310.2,1525,43.7,34,11.5,6978.786280561927,66642.5,1485.8000000000002,0,1,0,0
297.9,308.5,1472,45.1,70,10.600000000000023,6952.0513270798765,66387.2,3157.0,0,1,0,0
303.0,311.2,1387,41.4,100,8.199999999999989,6013.196834530078,57421.799999999996,4140.0,0,0,1,0
297.4,308.5,2100,16.9,176,11.100000000000023,3716.504109196725,35490.0,2974.3999999999996,0,1,0,0
300.9,312.1,1462,46.0,166,11.200000000000045,7042.61297130736,67252.0,7636.0,0,1,0,0
301.9,310.4,1370,51.7,153,8.5,7417.195535370382,70829.0,7910.1,0,1,0,1
300.0,309.1,1463,45.7,11,9.100000000000023,7001.468579520846,66859.1,502.70000000000005,0,0,1,0
299.9,310.1,1362,56.3,179,10.200000000000045,8029.9736544285815,76680.59999999999,10077.699999999999,0,0,1,0
300.5,309.8,1507,42.5,117,9.300000000000011,6707.03851602641,64047.5,4972.5,0,1,0,0
299.6,310.2,1512,44.0,79,10.599999999999966,6966.795868600726,66528.0,3476.0,0,1,0,0
302.3,310.1,1487,46.0,184,7.800000000000011,7163.040689694968,68402.0,8464.0,0,1,0,0
300.3,309.6,1568,39.6,85,9.300000000000011,6502.34281069401,62092.8,3366.0,0,1,0,0
299.0,310.2,1744,31.5,0,11.199999999999989,5752.884467253629,54936.0,0.0,1,0,0,0
300.8,310.6,1384,52.9,165,9.800000000000011,7666.910263428722,73213.59999999999,8728.5,0,1,0,0
299.3,310.9,1669,32.4,5,11.599999999999966,5662.783589948674,54075.6,162.0,0,1,0,0
299.2,310.3,1352,48.9,238,11.100000000000023,6923.316226275043,66112.8,11638.199999999999,0,1,0,1
302.9,312.4,1698,33.8,202,9.5,6010.11807372956,57392.399999999994,6827.599999999999,0,1,0,0
301.7,310.5,2465,13.7,149,8.800000000000011,3536.43849026847,33770.5,2041.3,0,1,0,0
299.0,308.7,1892,22.8,96,9.699999999999989,4517.358908449835,43137.6,2188.8,0,1,0,0
297.2,308.6,1437,52.4,37,11.400000000000034,7885.271896804237,75298.8,1938.8,0,1,0,0
298.1,307.9,1578,35.6,55,9.799999999999955,5882.820739406103,56176.8,1958.0,0,1,0,0
297.2,308.6,1864,23.6,103,11.400000000000034,4606.663915615882,43990.4,2430.8,0,1,0,0
299.0,310.1,1463,37.4,56,11.100000000000023,5729.867065078329,54716.2,2094.4,0,1,0,0
300.9,310.9,1749,26.4,40,10.0,4835.288084993122,46173.6,1056.0,0,1,0,0
299.7,311.1,1603,31.4,141,11.400000000000034,5270.985098143979,50334.2,4427.4,0,1,0,0
299.2,308.5,1378,53.4,100,9.300000000000011,7705.824124431188,73585.2,5340.0,0,1,0,0
302.6,311.0,1438,51.0,106,8.399999999999977,7679.9374009656085,73338.0,5406.0,1,0,0,0
300.5,309.8,1370,55.9,143,9.300000000000011,8019.753006328903,76583.0,7993.7,0,0,1,0
301.5,310.5,1308,60.5,139,9.0,8286.893101639156,79134.0,8409.5,0,0,1,0
300.8,309.7,1997,20.7,5,8.899999999999977,4328.894765160983,41337.9,103.5,0,1,0,0
295.7,306.2,1397,52.0,101,10.5,7607.261890912564,72644.0,5252.0,0,1,0,0
298.0,307.5,1427,43.6,101,9.5,6515.369948230897,62217.200000000004,4403.6,0,0,1,0
299.0,308.4,1356,52.6,188,9.399999999999977,7469.199365762804,71325.6,9888.800000000001,0,1,0,0
301.2,311.1,1550,39.7,20,9.900000000000034,6443.930131288264,61535.00000000001,794.0,0,1,0,0
299.3,308.8,1397,45.4,191,9.5,6641.724804758277,63423.799999999996,8671.4,1,0,0,0
299.5,310.9,1496,38.5,162,11.399999999999977,6031.439015871924,57596.0,6237.0,0,1,0,0
297.1,308.4,1880,23.5,155,11.299999999999955,4626.518781186569,44180.0,3642.5,0,0,1,0
300.1,309.3,1448,45.8,163,9.199999999999989,6944.846607927644,66318.4,7465.4,1,0,0,0
302.2,311.0,1555,34.2,185,8.800000000000011,5569.101297018627,53181.00000000001,6327.000000000001,0,1,0,0
301.9,311.0,1336,63.6,111,9.100000000000023,8897.995704615445,84969.6,7059.6,1,0,0,0
296.8,307.6,1588,37.6,126,10.800000000000011,6252.690914488741,59708.8,4737.6,0,1,0,0
299.0,310.0,1458,44.9,221,11.0,6855.39499310443,65464.2,9922.9,1,0,0,0
301.3,310.0,1344,54.8,186,8.699999999999989,7712.735628269085,73651.2,10192.8,0,1,0,0
303.6,312.5,1710,31.4,180,8.899999999999977,5622.822531395012,53694.0,5652.0,0,1,0,0
298.5,309.7,1354,60.8,96,11.199999999999989,8620.865344666776,82323.2,5836.799999999999,0,0,1,0
299.9,311.0,1747,27.6,177,11.100000000000023,5049.293376555659,48217.200000000004,4885.2,0,1,0,0
300.8,311.9,1414,41.1,171,11.099999999999966,6085.830456681075,58115.4,7028.1,0,1,0,0
299.2,310.7,1636,29.4,23,11.5,5036.852669647444,48098.399999999994,676.1999999999999,1,0,0,0
298.7,309.7,1293,59.1,125,11.0,8002.296223150458,76416.3,7387.5,0,1,0,0
297.4,308.2,1401,51.9,117,10.800000000000011,7614.3723622851885,72711.9,6072.3,0,0,1,0
297.8,309.2,1295,61.2,12,11.399999999999977,8299.459472253515,79254.0,734.4000000000001,0,0,1,0
299.8,309.4,1439,47.4,57,9.599999999999966,7142.7878890548245,68208.59999999999,2701.7999999999997,0,0,1,0
300.2,311.6,1827,27.0,22,11.400000000000034,5165.720800297697,49329.0,594.0,0,1,0,0
297.8,307.8,1563,34.3,53,10.0,5614.1203197445675,53610.899999999994,1817.8999999999999,0,1,0,0
300.7,311.0,1334,53.9,150,10.300000000000011,7529.622664466848,71902.59999999999,8085.0,0,0,1,0
298.2,308.4,1398,51.8,76,10.199999999999989,7583.42767464733,72416.4,3936.7999999999997,1,0,0,0
299.7,310.4,1410,44.5,105,10.699999999999989,6570.641034983053,62745.0,4672.5,0,0,1,0
298.3,308.1,2636,12.8,84,9.800000000000011,3533.3283135414163,33740.8,1075.2,1,0,0,0
297.8,309.0,1403,64.2,0,11.199999999999989,9432.380614991067,90072.6,0.0,0,1,0,1
299.6,310.9,1853,26.3,166,11.299999999999955,5103.4020740259875,48733.9,4365.8,0,1,0,0
302.2,311.1,1426,50.6,101,8.900000000000034,7556.1167625121225,72155.6,5110.6,1,0,0,0
301.7,311.3,1421,45.9,85,9.600000000000023,6830.230835949177,65223.9,3901.5,0,1,0,0
301.5,310.9,1580,32.3,11,9.399999999999977,5344.267982776716,51033.99999999999,355.29999999999995,0,1,0,0
299.3,308.8,1636,35.5,180,9.5,6081.9139378396,58078.0,6390.0,1,0,0,0
300.7,310.5,1476,43.1,134,9.800000000000011,6661.810053790228,63615.6,5775.400000000001,1,0,0,0
300.6,309.6,1290,57.4,119,9.0,7754.078987590327,74046.0,6830.599999999999,0,1,0,0
303.1,312.8,1435,41.9,115,9.699999999999989,6296.432356202224,60126.5,4818.5,1,0,0,0
298.7,309.8,1539,33.4,2,11.100000000000023,5382.867684513823,51402.6,66.8,0,1,0,0
302.2,311.2,1627,33.2,74,9.0,5656.584180445591,54016.4,2456.8,0,0,1,0
297.1,308.4,1583,31.9,2,11.299999999999955,5288.106778106044,50497.7,63.8,0,1,0,0
299.8,311.2,1369,46.2,146,11.399999999999977,6623.294127857218,63247.8,6745.200000000001,0,1,0,0
301.4,310.8,1490,38.0,168,9.400000000000034,5929.2325348751365,56620.0,6384.0,0,1,0,0
300.0,311.0,1637,33.6,181,11.0,5759.92163479767,55003.200000000004,6081.6,0,1,0,0
298.9,309.9,1365,46.5,75,11.0,6646.824656832605,63472.5,3487.5,0,1,0,0
300.6,310.0,1397,55.2,90,9.399999999999977,8075.401084199491,77114.40000000001,4968.0,0,0,1,0
301.6,310.7,1638,33.8,196,9.099999999999966,5797.746410346891,55364.399999999994,6624.799999999999,0,1,0,0
300.6,310.2,1532,38.7,16,9.599999999999966,6208.666729436437,59288.4,619.2,0,0,1,0
302.7,311.0,1694,29.8,150,8.300000000000011,5286.378902146569,50481.200000000004,4470.0,0,1,0,0
303.6,312.6,1436,42.0,110,9.0,6315.85787077692,60312.0,4620.0,1,0,0,0
300.5,311.8,1524,38.9,214,11.300000000000011,6208.164074611862,59283.6,8324.6,0,1,0,1
297.1,308.4,1432,53.4,199,11.299999999999955,8007.794010294238,76468.8,10626.6,0,0,1,0
299.9,309.5,1547,38.5,148,9.600000000000023,6237.056255049376,59559.5,5698.0,1,0,0,0
300.7,312.3,1670,27.3,81,11.600000000000023,4774.278355660408,45591.0,2211.3,1,0,0,0
300.7,309.7,1435,44.7,76,9.0,6717.196332273017,64144.50000000001,3397.2000000000003,0,0,1,0
301.4,310.7,1616,36.5,121,9.300000000000011,6176.7900359780115,58984.0,4416.5,0,1,0,0
301.9,310.3,1398,44.0,65,8.400000000000034,6441.5215769205115,61512.0,2860.0,0,1,0,0
299.2,308.4,1538,38.0,98,9.199999999999989,6120.241368213396,58444.0,3724.0,0,0,1,0
303.6,312.8,1400,43.2,23,9.199999999999989,6333.450789637022,60480.00000000001,993.6,0,0,1,0
300.3,309.9,1601,31.7,180,9.599999999999966,5314.705595906436,50751.7,5706.0,0,1,0,0
299.8,310.8,1409,51.9,154,11.0,7657.8520046108715,73127.09999999999,7992.599999999999,0,1,0,0
302.7,312.1,1597,39.8,153,9.400000000000034,6656.050467258646,63560.6,6089.4,0,1,0,0
301.4,311.1,1952,22.7,131,9.700000000000045,4640.174237254172,44310.4,2973.7,0,1,0,0
296.7,307.6,1547,34.7,150,10.900000000000034,5621.450702602944,53680.9,5205.0,0,0,1,0
302.6,310.2,1631,31.0,100,7.599999999999966,5294.735538605117,50561.0,3100.0,0,0,1,0
302.4,311.1,1480,45.7,200,8.700000000000045,7082.825357273308,67636.0,9140.0,0,0,1,0
299.5,310.0,1481,43.1,90,10.5,6684.377161018516,63831.1,3879.0,0,1,0,0
301.3,311.1,1413,42.0,221,9.800000000000011,6214.698587331329,59346.0,9282.0,0,1,0,0
298.8,308.7,1445,48.5,70,9.899999999999977,7339.022238173556,70082.5,3395.0,0,1,0,0
297.4,308.5,1643,33.8,132,11.100000000000023,5815.444048962113,55533.399999999994,4461.599999999999,0,1,0,0
297.8,308.5,1466,44.7,88,10.699999999999989,6862.3064969423285,65530.200000000004,3933.6000000000004,0,0,1,0
304.3,313.5,1525,42.0,2,9.199999999999989,6707.300315414209,64050.0,84.0,0,0,1,0
299.9,309.3,1389,52.8,0,9.400000000000034,7680.063064671751,73339.2,0.0,0,0,1,0
302.4,311.0,1610,33.1,161,8.600000000000023,5580.620470081789,53291.0,5329.1,0,1,0,0
296.6,307.7,1556,37.7,110,11.099999999999966,6142.986499025386,58661.200000000004,4147.0,0,1,0,0
300.4,309.3,1467,40.3,166,8.900000000000034,6191.042394649798,59120.1,6689.799999999999,0,0,1,0
300.3,311.4,1471,37.0,114,11.099999999999966,5699.582111897723,54427.0,4218.0,0,1,0,0
297.9,308.8,1681,31.7,94,10.900000000000034,5580.274894889893,53287.7,2979.7999999999997,0,1,0,0
302.6,312.4,1628,33.0,15,9.799999999999955,5625.964124048603,53724.0,495.0,0,1,0,0
301.2,310.5,1546,40.0,55,9.300000000000011,6475.86965659976,61840.0,2200.0,0,1,0,0
298.7,310.1,1693,31.9,51,11.400000000000034,5655.568398820928,54006.7,1626.8999999999999,0,0,1,0
299.3,309.1,1496,37.2,149,9.800000000000011,5827.78003611521,55651.200000000004,5542.8,0,1,0,0
301.3,310.6,1387,53.6,94,9.300000000000011,7785.201698811889,74343.2,5038.400000000001,0,1,0,0
301.7,310.9,1300,62.7,36,9.199999999999989,8535.707239803469,81510.0,2257.2000000000003,0,0,1,0
303.6,312.9,1450,45.3,29,9.299999999999955,6878.5171150348515,65685.0,1313.6999999999998,0,1,0,0
302.8,312.1,1441,52.1,79,9.300000000000011,7861.95080733909,75076.1,4115.900000000001,0,1,0,0
297.5,308.2,2448,13.8,29,10.699999999999989,3537.6846553543946,33782.4,400.20000000000005,0,0,1,0
300.7,310.7,1377,46.7,36,10.0,6734.09810074933,64305.9,1681.2,0,0,1,0
298.4,308.0,1380,47.6,130,9.600000000000023,6878.8312743002125,65688.0,6188.0,0,1,0,0
299.4,308.6,1542,41.8,166,9.200000000000045,6749.774648090742,64455.6,6938.799999999999,1,0,0,0
297.7,309.7,1498,41.0,176,12.0,6431.677919939264,61418.0,7216.0,0,1,0,0
296.9,308.1,1422,48.7,215,11.200000000000045,7251.989649693606,69251.40000000001,10470.5,0,1,0,0
301.2,311.0,1544,39.3,217,9.800000000000011,6354.310964856859,60679.2,8528.099999999999,0,1,0,0
303.6,312.0,1435,37.9,98,8.399999999999977,5695.340961815376,54386.5,3714.2,0,0,1,0
300.4,311.8,2496,13.5,5,11.400000000000034,3528.6368685120556,33696.0,67.5,1,0,0,0
297.4,309.3,1759,24.8,81,11.900000000000034,4568.210821535942,43623.200000000004,2008.8,0,1,0,0
298.3,310.1,1389,49.6,75,11.800000000000011,7214.604697115888,68894.40000000001,3720.0,0,0,1,0
301.3,310.6,1458,48.0,104,9.300000000000011,7328.7073422942685,69984.0,4992.0,0,1,0,0
302.4,311.9,1541,37.9,192,9.5,6116.042106033096,58403.899999999994,7276.799999999999,0,1,0,0
300.0,311.4,1476,39.0,92,11.399999999999977,6028.087983708095,57564.0,3588.0,0,1,0,0
301.7,311.0,2016,19.3,180,9.300000000000011,4074.520007999818,38908.8,3474.0,1,0,0,0
299.1,310.4,1505,46.1,176,11.299999999999955,7265.508970079555,69380.5,8113.6,0,1,0,0
296.8,307.5,1443,39.2,13,10.699999999999989,5923.5357801966275,56565.600000000006,509.6,0,0,1,0
300.4,310.8,1520,37.6,151,10.400000000000034,5984.943444598796,57152.0,5677.6,0,1,0,0
300.5,309.3,1578,30.5,34,8.800000000000011,5040.057094154105,48129.0,1037.0,0,0,1,0
303.5,312.3,1543,33.3,71,8.800000000000011,5380.699985582845,51381.899999999994,2364.2999999999997,0,0,1,0
299.3,310.4,1393,44.9,162,11.099999999999966,6549.770387787705,62545.7,7273.8,1,0,0,0
302.3,311.5,1526,38.2,47,9.199999999999989,6104.4496291413525,58293.200000000004,1795.4,1,0,0,0
299.7,309.2,1631,35.1,177,9.5,5995.007013065794,57248.100000000006,6212.7,0,1,0,0
298.5,309.5,1579,38.6,126,11.0,6382.606242690191,60949.4,4863.6,0,1,0,0
301.4,310.0,1776,25.6,30,8.600000000000023,4761.146498368404,45465.600000000006,768.0,0,1,0,0
300.7,309.7,1507,52.4,163,9.0,8269.38395858315,78966.8,8541.199999999999,0,1,0,0
301.9,310.9,1567,39.0,214,9.0,6399.738394627768,61113.0,8346.0,0,1,0,1
301.0,310.4,1517,46.1,145,9.399999999999977,7323.439938611751,69933.7,6684.5,0,0,1,0
297.2,308.5,1653,33.3,207,11.300000000000011,5764.28844858616,55044.899999999994,6893.099999999999,1,0,0,0
303.4,312.0,1748,28.4,200,8.600000000000023,5198.623747356294,49643.2,5680.0,0,0,1,0
301.1,310.1,1457,39.6,215,9.0,6042.0366550900335,57697.200000000004,8514.0,0,1,0,0
303.3,312.7,1262,63.8,100,9.399999999999977,8431.573915312478,80515.59999999999,6380.0,0,1,0,0
300.0,309.4,1395,44.5,181,9.399999999999977,6500.740598440679,62077.5,8054.5,0,1,0,0
299.5,309.2,1590,35.9,22,9.699999999999989,5977.508341985298,57081.0,789.8,0,0,1,0
300.5,311.8,1591,42.0,182,11.300000000000011,6997.583476605905,66822.0,7644.0,0,0,1,0
297.2,308.3,1796,23.8,61,11.100000000000023,4476.224988638834,42744.8,1451.8,0,1,0,0
301.1,311.3,1654,30.7,28,10.199999999999989,5317.438781515059,50777.799999999996,859.6,0,0,1,0
302.4,312.0,1621,32.5,169,9.600000000000023,5516.898499091476,52682.5,5492.5,0,1,0,0
300.4,311.6,1815,23.5,49,11.200000000000045,4466.559355241288,42652.5,1151.5,0,1,0,0
297.1,307.8,1454,50.6,94,10.699999999999989,7704.483711565657,73572.40000000001,4756.400000000001,0,1,0,0
300.5,309.9,1735,27.0,107,9.399999999999977,4905.596928580462,46845.0,2889.0,0,0,1,0
298.8,308.5,1577,33.2,0,9.699999999999989,5482.749386946955,52356.4,0.0,0,0,1,0
300.0,309.6,1514,44.6,98,9.600000000000023,7071.138632601954,67524.40000000001,4370.8,0,1,0,0
298.0,309.2,1458,39.8,87,11.199999999999989,6076.719837985664,58028.399999999994,3462.6,0,1,0,0
298.0,309.1,1557,36.4,65,11.100000000000023,5934.971177455694,56674.799999999996,2366.0,1,0,0,0
299.0,310.0,1569,34.3,132,11.0,5635.671645348194,53816.7,4527.599999999999,1,0,0,0
298.2,308.1,1379,62.3,149,9.900000000000034,8996.652185913674,85911.7,9282.699999999999,0,1,0,0
299.9,309.2,1353,49.8,182,9.300000000000011,7055.954268109603,67379.4,9063.6,0,0,1,0
303.3,311.5,1601,35.2,10,8.199999999999989,5901.50274371945,56355.200000000004,352.0,0,1,0,0
300.8,310.5,1511,35.8,54,9.699999999999989,5664.689489491851,54093.799999999996,1933.1999999999998,0,0,1,0
300.9,311.1,1471,39.3,91,10.200000000000045,6053.880459394067,57810.299999999996,3576.2999999999997,0,1,0,0
302.7,310.7,1433,43.7,13,8.0,6557.770977078846,62622.100000000006,568.1,0,1,0,0
302.5,312.0,1642,29.1,46,9.5,5003.740283078607,47782.200000000004,1338.6000000000001,0,0,1,0
302.8,312.1,1418,51.4,54,9.300000000000011,7632.5202958474265,72885.2,2775.6,0,1,0,0
300.1,309.3,1520,38.2,158,9.199999999999989,6080.447861267926,58064.00000000001,6035.6,1,0,0,0
298.2,307.9,1313,67.3,67,9.699999999999989,9253.550689173224,88364.9,4509.099999999999,0,1,0,1
300.6,310.6,1830,26.2,78,10.0,5020.893378967207,47946.0,2043.6,1,0,0,0
297.4,308.4,1340,52.6,15,11.0,7381.0672198541,70484.0,789.0,0,0,1,0
302.5,311.5,1700,29.5,133,9.0,5251.695719250937,50150.0,3923.5,0,1,0,0
301.2,312.4,1378,59.0,95,11.199999999999989,8513.925530738577,81302.0,5605.0,0,1,0,0
303.7,313.1,2130,18.1,185,9.400000000000034,4037.260719128243,38553.0,3348.5000000000005,0,0,1,0
297.0,308.1,1573,34.9,93,11.100000000000023,5748.873700632546,54897.7,3245.7,0,0,1,0
298.3,307.9,1420,39.2,176,9.599999999999966,5829.1204489807415,55664.00000000001,6899.200000000001,1,0,0,0
300.3,311.5,1667,28.8,56,11.199999999999989,5027.5535553928175,48009.6,1612.8,0,1,0,0
303.0,311.1,1980,20.2,137,8.100000000000023,4188.371325765912,39996.0,2767.4,0,1,0,0
298.4,308.3,1318,59.1,22,9.900000000000034,8157.019661339754,77893.8,1300.2,0,1,0,0
303.4,311.7,1673,32.2,166,8.300000000000011,5641.316040149143,53870.600000000006,5345.200000000001,0,1,0,0
298.6,308.4,1778,28.2,161,9.799999999999955,5250.606633797693,50139.6,4540.2,0,0,1,0
298.4,308.1,1395,44.0,92,9.700000000000045,6427.698569244716,61380.0,4048.0,0,1,0,0
298.6,309.4,1525,37.8,54,10.799999999999955,6036.5702838727875,57644.99999999999,2041.1999999999998,0,1,0,0
297.0,307.9,1882,24.2,97,10.899999999999977,4769.398415071832,45544.4,2347.4,0,0,1,0
300.0,309.1,1791,28.2,108,9.100000000000023,5288.99689602456,50506.2,3045.6,0,1,0,0
302.2,311.2,1377,43.0,91,9.0,6200.561420390175,59211.0,3913.0,0,0,1,0
297.4,308.9,1708,28.8,174,11.5,5151.206642238112,49190.4,5011.2,0,1,0,0
302.6,311.0,1506,37.2,95,8.399999999999977,5866.735785019724,56023.200000000004,3534.0000000000005,0,1,0,0
300.7,311.6,1348,62.5,36,10.900000000000034,8822.639368831336,84250.0,2250.0,0,0,1,0
298.9,308.9,1830,24.9,35,10.0,4771.765081537536,45567.0,871.5,0,1,0,0
298.8,308.9,1379,46.7,204,10.099999999999966,6743.878925877506,64399.3,9526.800000000001,0,1,0,0
300.5,310.0,1521,45.1,86,9.5,7183.471513918812,68597.1,3878.6,0,1,0,0
296.7,308.0,1580,32.2,39,11.300000000000011,5327.722261467811,50876.00000000001,1255.8000000000002,0,1,0,0
298.0,308.8,1581,36.1,73,10.800000000000011,5976.7857756749745,57074.100000000006,2635.3,0,1,0,0
296.1,307.1,1350,53.3,22,11.0,7535.109979635118,71955.0,1172.6,0,0,1,0
299.6,309.1,1588,41.3,0,9.5,6867.982307669814,65584.4,0.0,1,0,0,0
297.3,308.8,1419,42.4,139,11.5,6300.526898627401,60165.6,5893.599999999999,1,0,0,0
298.9,309.8,1390,49.9,21,10.900000000000034,7263.466934854721,69361.0,1047.8999999999999,0,1,0,0
300.6,310.6,1419,39.6,3,10.0,5884.4543675859695,56192.4,118.80000000000001,1,0,0,0
301.8,310.5,1548,34.1,93,8.699999999999989,5527.820769550457,52786.8,3171.3,0,1,0,0
298.5,308.9,1781,27.8,113,10.399999999999977,5184.86357153357,49511.8,3141.4,0,1,0,0
300.7,310.8,1518,40.1,142,10.100000000000023,6374.479989692906,60871.8,5694.2,1,0,0,0
301.3,311.1,1438,43.0,137,9.800000000000011,6475.241338069042,61834.0,5891.0,0,0,1,0
300.8,311.1,1480,41.1,176,10.300000000000011,6369.893264418664,60828.0,7233.6,0,1,0,0
303.8,313.0,1365,59.9,205,9.199999999999989,8562.2536977263,81763.5,12279.5,0,1,0,1
298.6,309.8,1561,32.6,201,11.199999999999989,5329.041730382319,50888.600000000006,6552.6,0,1,0,0
298.0,308.0,1401,54.7,65,10.0,8025.16701766859,76634.7,3555.5,0,1,0,0
300.4,309.6,1319,48.1,26,9.200000000000045,6643.829671836183,63443.9,1250.6000000000001,0,1,0,0
302.3,310.8,1721,28.4,215,8.5,5118.324639130539,48876.399999999994,6106.0,0,0,1,0
301.1,310.7,2636,12.2,100,9.599999999999966,3367.703548844162,32159.199999999997,1220.0,0,0,1,1
300.3,309.5,1665,31.4,32,9.199999999999989,5474.853517410932,52281.0,1004.8,0,0,1,0
301.6,311.1,1325,49.2,104,9.5,6826.680836250621,65190.00000000001,5116.8,0,1,0,0
298.5,308.7,1615,33.3,41,10.199999999999989,5631.776070457742,53779.49999999999,1365.3,0,0,1,0
303.4,311.8,1306,61.0,215,8.400000000000034,8342.604011362815,79666.0,13115.0,0,1,0,1
297.2,307.9,1825,24.6,142,10.699999999999989,4701.393406097125,44895.0,3493.2000000000003,0,1,0,0
297.0,308.1,1363,45.3,196,11.100000000000023,6465.80608813276,61743.899999999994,8878.8,0,0,1,0
301.1,310.4,1312,73.6,49,9.299999999999955,10112.074657570729,96563.2,3606.3999999999996,0,1,0,1
298.5,309.6,1861,26.9,130,11.100000000000023,5242.365189069776,50060.899999999994,3497.0,0,1,0,0
301.4,310.8,1477,50.4,90,9.400000000000034,7795.422346911568,74440.8,4536.0,0,1,0,0
297.6,308.4,1507,46.0,51,10.799999999999955,7259.382864405055,69322.0,2346.0,0,0,1,0
302.9,312.4,1421,46.0,206,9.5,6845.111513151681,65366.0,9476.0,0,0,1,0
297.9,307.6,1493,36.0,161,9.700000000000045,5628.477398171474,53748.0,5796.0,1,0,0,0
301.4,310.9,1440,45.4,177,9.5,6846.158710702877,65376.0,8035.8,0,1,0,0
301.0,310.9,1515,37.3,6,9.899999999999977,5917.661001934413,56509.49999999999,223.79999999999998,0,1,0,0
301.0,310.9,2047,17.9,178,9.899999999999977,3837.067963265989,36641.299999999996,3186.2,0,0,1,0
300.4,311.7,1444,51.2,174,11.300000000000011,7742.224711310781,73932.8,8908.800000000001,0,1,0,0
297.7,309.6,1697,32.2,210,11.900000000000034,5722.243466905618,54643.4,6762.000000000001,1,0,0,0
300.7,310.9,1723,31.0,73,10.199999999999989,5593.396280206388,53413.0,2263.0,0,1,0,0
297.6,309.3,1415,41.3,17,11.699999999999989,6119.770129315357,58439.49999999999,702.0999999999999,0,0,1,0
300.6,310.1,1337,45.8,62,9.5,6412.472316850317,61234.6,2839.6,0,1,0,0
298.8,308.6,1535,41.2,40,9.800000000000011,6622.686753277523,63242.00000000001,1648.0,0,1,0,0
304.2,313.4,1434,42.5,175,9.199999999999989,6382.145475767665,60945.0,7437.5,0,1,0,0
298.9,310.2,1304,57.2,183,11.300000000000011,7810.92087066928,74588.8,10467.6,0,1,0,0
301.2,311.7,1463,48.3,204,10.5,7399.801584045007,70662.9,9853.199999999999,0,1,0,0
297.9,307.6,1515,40.5,118,9.700000000000045,6425.342374754525,61357.5,4779.0,0,1,0,0
300.8,310.8,1634,29.2,149,10.0,4996.472732073303,47712.799999999996,4350.8,0,1,0,0
301.4,310.7,1459,37.7,40,9.300000000000011,5760.036826528302,55004.3,1508.0,0,0,1,0
298.5,309.2,1504,33.7,182,10.699999999999989,5307.699844288933,50684.8,6133.400000000001,0,1,0,0
301.0,309.6,1588,32.7,138,8.600000000000023,5437.845555951645,51927.600000000006,4512.6,0,0,1,0
301.6,310.8,1535,35.4,148,9.199999999999989,5690.366773447192,54339.0,5239.2,0,1,0,0
303.0,311.3,2194,16.5,148,8.300000000000011,3790.959855086803,36201.0,2442.0,0,1,0,0
300.9,310.5,2288,16.1,85,9.600000000000023,3857.5406753918837,36836.8,1368.5000000000002,0,1,0,0
297.0,307.6,1575,37.4,98,10.600000000000023,6168.517175323559,58905.0,3665.2,0,1,0,0
300.7,311.9,1485,38.8,9,11.199999999999989,6033.742850484557,57617.99999999999,349.2,0,1,0,0
302.7,312.0,1652,31.0,81,9.300000000000011,5362.908099188016,51212.0,2511.0,0,0,1,0
300.0,309.6,1496,38.8,27,9.600000000000023,6078.437241969627,58044.799999999996,1047.6,0,1,0,0
298.0,307.6,1509,41.6,33,9.600000000000023,6573.719795783571,62774.4,1372.8,0,1,0,0
298.6,308.4,1391,42.4,169,9.799999999999955,6176.203605349342,58978.4,7165.599999999999,0,0,1,0
301.2,309.9,1515,40.9,21,8.699999999999989,6488.802546357038,61963.5,858.9,0,1,0,0
297.3,308.6,1499,37.6,147,11.300000000000011,5902.256725956312,56362.4,5527.2,1,0,0,0
300.3,311.7,1723,28.3,193,11.399999999999977,5106.2295074142185,48760.9,5461.900000000001,0,0,1,0
301.7,310.6,1417,45.2,185,8.900000000000034,6707.1327638060175,64048.4,8362.0,0,0,1,0
301.7,310.7,1605,33.3,220,9.0,5596.904392002895,53446.49999999999,7325.999999999999,0,1,0,0
298.9,310.2,1533,42.8,138,11.300000000000011,6870.914460813164,65612.4,5906.4,0,1,0,0
298.5,309.4,1364,44.5,162,10.899999999999977,6356.279696253108,60698.0,7209.0,0,1,0,0
300.4,311.6,1200,76.6,3,11.200000000000045,9625.839890599125,91920.0,229.79999999999998,0,1,0,1
297.0,307.9,1493,34.7,57,10.899999999999977,5425.226825459727,51807.100000000006,1977.9,0,0,1,0
300.4,311.4,1728,31.7,133,11.0,5736.296858042675,54777.6,4216.099999999999,0,1,0,0
301.5,310.6,1405,42.3,83,9.100000000000023,6223.65212639406,59431.49999999999,3510.8999999999996,0,1,0,0
300.9,310.8,1790,26.2,191,9.900000000000034,4911.147075601804,46898.0,5004.2,0,0,1,0
302.3,311.0,1609,31.0,190,8.699999999999989,5223.316665613509,49879.0,5890.0,0,1,0,0
299.5,309.2,1499,41.5,175,9.699999999999989,6514.458886361354,62208.5,7262.5,0,1,0,0
300.8,310.7,1586,33.4,142,9.899999999999977,5547.256756100665,52972.399999999994,4742.8,0,1,0,0
297.6,308.7,1552,42.3,27,11.099999999999966,6874.810035703615,65649.59999999999,1142.1,0,1,0,0
298.6,310.1,1533,33.9,24,11.5,5442.149537887062,51968.7,813.5999999999999,0,1,0,0
300.6,309.4,1312,45.2,73,8.799999999999955,6210.132806008111,59302.4,3299.6000000000004,0,0,1,0
302.5,310.3,1488,41.8,160,7.800000000000011,6513.401216834646,62198.399999999994,6688.0,0,0,1,0
300.2,309.8,1526,45.6,175,9.600000000000023,7286.986991854598,69585.6,7980.0,0,1,0,0
300.7,309.5,1692,30.3,64,8.800000000000011,5368.730517572669,51267.6,1939.2,0,1,0,0
301.1,310.1,1540,36.6,28,9.0,5902.424277564503,56364.0,1024.8,0,1,0,0
302.2,311.1,1418,47.0,61,8.900000000000034,6979.152799704846,66646.0,2867.0,0,1,0,0
302.0,311.1,1373,55.7,157,9.100000000000023,8008.558464506613,76476.1,8744.9,0,1,0,0
303.7,312.9,1532,41.3,32,9.199999999999989,6625.786458029064,63271.6,1321.6,0,0,1,0
303.4,311.8,1401,53.0,208,8.400000000000034,7775.755976900096,74253.0,11024.0,0,1,0,1
299.0,308.7,1620,35.4,199,9.699999999999989,6005.468516602248,57348.0,7044.599999999999,0,0,1,0
300.3,309.2,1364,47.6,45,8.899999999999977,6799.076708801078,64926.4,2142.0,0,0,1,0
298.3,307.7,1439,43.8,111,9.399999999999977,6600.297669632939,63028.2,4861.799999999999,0,0,1,0
302.0,310.6,1346,54.7,196,8.600000000000023,7710.117634391095,73626.2,10721.2,1,0,0,0
301.8,310.9,1899,24.7,31,9.099999999999966,4911.911529814177,46905.299999999996,765.6999999999999,0,1,0,0
299.3,309.0,1422,47.3,25,9.699999999999989,7043.513561201387,67260.59999999999,1182.5,0,1,0,0
300.8,310.6,1551,34.5,153,9.800000000000011,5603.501736575436,53509.5,5278.5,0,1,0,0
299.7,311.1,1690,30.6,148,11.400000000000034,5415.477416258086,51714.0,4528.8,0,1,0,0
301.0,312.2,1776,28.8,138,11.199999999999989,5356.289810664453,51148.8,3974.4,0,1,0,0
301.3,310.8,1372,54.2,49,9.5,7787.212318110189,74362.40000000001,2655.8,0,0,1,0
298.6,309.4,1447,40.2,173,10.799999999999955,6091.485323457537,58169.4,6954.6,0,1,0,0
300.7,309.5,1467,44.3,55,8.800000000000011,6805.5379176919605,64988.1,2436.5,0,1,0,0
301.6,310.6,1391,49.4,164,9.0,7195.859860949469,68715.4,8101.599999999999,0,1,0,0
303.9,313.4,1464,49.1,171,9.5,7527.507325413431,71882.40000000001,8396.1,0,0,1,0
298.7,310.1,1506,50.7,53,11.400000000000034,7995.793126357527,76354.2,2687.1000000000004,0,0,1,0
295.9,306.5,1594,33.2,55,10.600000000000023,5541.853216736491,52920.8,1826.0000000000002,1,0,0,0
297.4,308.7,1429,37.6,118,11.300000000000011,5626.634330481368,53730.4,4436.8,1,0,0,0
299.0,310.3,1582,33.3,177,11.300000000000011,5516.699531556748,52680.6,5894.099999999999,0,0,1,0
301.6,310.9,1643,34.1,44,9.299999999999955,5867.060416260594,56026.3,1500.4,0,1,0,0
298.7,309.9,2083,18.2,205,11.199999999999989,3969.9887484393735,37910.6,3731.0,0,0,1,0
301.4,310.6,1381,46.1,70,9.200000000000045,6666.888961913531,63664.1,3227.0,0,1,0,0
300.0,309.0,1622,31.8,103,9.0,5401.403081170003,51579.6,3275.4,1,0,0,0
297.5,308.7,1416,39.2,74,11.199999999999989,5812.70039137798,55507.200000000004,2900.8,1,0,0,0
299.1,308.5,1539,46.8,190,9.399999999999977,7542.461306444519,72025.2,8892.0,0,1,0,0
302.3,311.2,1903,22.9,55,8.899999999999977,4563.550792433117,43578.7,1259.5,0,1,0,0
297.6,308.7,1622,37.9,79,11.099999999999966,6437.52128227494,61473.799999999996,2994.1,0,1,0,0
298.8,309.7,1529,44.0,136,10.899999999999977,7045.126245430231,67276.0,5984.0,0,1,0,0
298.0,308.4,1472,42.0,15,10.399999999999977,6474.194140517845,61824.0,630.0,0,1,0,0
300.3,311.6,1304,62.8,118,11.300000000000011,8575.626410455083,81891.2,7410.4,0,0,1,0
303.4,311.6,1446,50.0,163,8.200000000000045,7571.238295151402,72300.0,8150.0,0,0,1,0
302.4,311.2,1450,47.9,154,8.800000000000011,7273.31059183597,69455.0,7376.599999999999,0,1,0,0
297.5,308.4,1511,42.8,209,10.899999999999977,6772.310339392493,64670.799999999996,8945.199999999999,0,1,0,0
297.4,308.5,1399,61.5,61,11.100000000000023,9009.930650862849,86038.5,3751.5,0,1,0,1
301.0,310.8,1558,34.9,196,9.800000000000011,5694.052908827404,54374.2,6840.4,0,1,0,0
298.6,309.6,1353,62.5,9,11.0,8855.364292306229,84562.5,562.5,0,1,0,0
303.5,312.8,1375,45.7,89,9.300000000000011,6580.32761233162,62837.50000000001,4067.3,0,0,1,0
297.5,308.7,1429,44.3,201,11.199999999999989,6629.252681923525,63304.7,8904.3,0,1,0,0
298.3,308.5,1575,41.2,105,10.199999999999989,6795.264909714723,64890.00000000001,4326.0,0,1,0,0
296.1,307.1,1485,36.0,169,11.0,5598.318108697012,53460.0,6084.0,0,0,1,0
298.1,308.8,1434,41.8,93,10.699999999999989,6277.02778557855,59941.2,3887.3999999999996,0,0,1,0
298.0,308.2,1442,44.1,204,10.199999999999989,6659.359611520428,63592.200000000004,8996.4,0,1,0,0
300.5,311.0,2074,18.9,9,10.5,4104.867793033495,39198.6,170.1,0,1,0,0
298.9,309.6,1583,39.8,202,10.700000000000045,6597.700619705973,63003.399999999994,8039.599999999999,0,1,0,0
298.8,309.5,1645,32.8,157,10.699999999999989,5650.259107236362,53955.99999999999,5149.599999999999,0,1,0,0
301.2,310.5,1505,43.6,78,9.300000000000011,6871.500891441835,65618.0,3400.8,1,0,0,0
299.8,309.7,1368,47.4,148,9.899999999999977,6790.364025175121,64843.2,7015.2,1,0,0,0
299.1,310.2,1711,28.1,17,11.099999999999966,5034.831578373633,48079.100000000006,477.70000000000005,0,0,1,0
298.9,309.9,1501,37.1,70,11.0,5831.539475324007,55687.1,2597.0,0,0,1,0
297.8,308.4,1685,28.4,179,10.599999999999966,5011.259161496199,47854.0,5083.599999999999,0,1,0,0
298.4,308.1,1367,57.8,92,9.700000000000045,8274.180123367629,79012.59999999999,5317.599999999999,0,1,0,0
299.8,311.1,1452,44.3,167,11.300000000000011,6735.951640414947,64323.6,7398.099999999999,0,0,1,0
304.0,313.3,1294,54.6,102,9.300000000000011,7398.70202661625,70652.40000000001,5569.2,0,1,0,0
298.3,309.1,1472,40.1,31,10.800000000000011,6181.313929399181,59027.200000000004,1243.1000000000001,0,1,0,0
297.5,308.4,1489,39.5,96,10.899999999999977,6159.144757240349,58815.5,3792.0,0,1,0,0
301.1,310.6,1310,48.8,103,9.5,6694.52450528961,63927.99999999999,5026.4,0,0,1,0
301.0,312.1,1377,49.9,48,11.100000000000023,7195.535229708598,68712.3,2395.2,0,1,0,0
299.5,310.0,1412,48.9,56,10.5,7230.563987796125,69046.8,2738.4,0,1,0,0
297.1,308.4,1583,38.2,150,11.299999999999955,6332.466423938899,60470.600000000006,5730.0,0,0,1,0
301.0,312.0,1447,36.8,31,11.0,5576.285072219835,53249.6,1140.8,0,1,0,0
301.9,310.8,1540,37.6,83,8.900000000000034,6063.69270044878,57904.0,3120.8,0,1,0,0
298.0,308.2,1365,52.9,218,10.199999999999989,7561.656437557952,72208.5,11532.199999999999,0,1,0,1
298.2,308.1,1532,42.5,154,9.900000000000034,6818.303255841048,65110.0,6545.0,0,1,0,0
300.1,309.6,1376,52.1,147,9.5,7507.31735662636,71689.6,7658.7,0,0,1,0
299.1,308.8,1329,53.6,207,9.699999999999989,7459.648924095893,71234.40000000001,11095.2,0,1,0,1
299.0,309.0,1575,35.3,47,10.0,5822.156585265284,55597.49999999999,1659.1,0,0,1,0
301.5,310.6,1579,28.0,220,9.100000000000023,4629.869813350398,44212.0,6160.0,0,1,0,0
300.7,310.8,1534,41.3,69,10.100000000000023,6634.4363098019485,63354.2,2849.7,0,1,0,0
296.3,307.2,1646,35.0,192,10.899999999999977,6032.9050924436,57610.0,6720.0,0,1,0,0
301.5,310.9,1451,40.6,0,9.399999999999977,6169.1036059522285,58910.6,0.0,0,1,0,0
299.0,310.3,1584,34.4,83,11.300000000000011,5706.137568568212,54489.6,2855.2,0,1,0,0
298.3,307.9,1507,41.2,149,9.599999999999966,6501.882043771485,62088.4,6138.8,0,1,0,0
303.3,311.3,1502,39.5,38,8.0,6212.918351494293,59329.0,1501.0,1,0,0,0
299.6,311.0,1708,31.0,122,11.399999999999977,5544.7015940757465,52948.0,3782.0,0,1,0,0
299.5,309.3,1477,40.4,138,9.800000000000011,6248.711563794193,59670.799999999996,5575.2,0,1,0,0
300.2,310.3,1445,50.9,34,10.100000000000023,7702.190348928535,73550.5,1730.6,0,1,0,0
301.9,310.9,1616,34.5,46,9.0,5838.3357874312715,55752.0,1587.0,0,1,0,0
297.4,308.1,1749,25.9,8,10.700000000000045,4743.710659140979,45299.1,207.2,0,1,0,0
297.7,308.4,1510,38.6,72,10.699999999999989,6103.695646904489,58286.0,2779.2000000000003,0,1,0,0
300.7,309.6,1421,49.8,165,8.900000000000034,7410.577246846819,70765.8,8217.0,0,0,1,0
297.7,309.7,1591,37.7,196,12.0,6281.1642159057765,59980.700000000004,7389.200000000001,0,1,0,0
297.5,308.6,1621,28.9,0,11.100000000000023,4905.795896115189,46846.899999999994,0.0,0,1,0,0
297.4,308.7,1425,50.3,152,11.300000000000011,7506.050247589412,71677.5,7645.599999999999,0,0,1,0
298.9,310.1,1473,42.6,164,11.200000000000045,6571.143689807627,62749.8,6986.400000000001,0,1,0,0
301.4,310.7,1675,30.7,92,9.300000000000011,5384.951607640704,51422.5,2824.4,0,1,0,0
302.5,311.9,1520,44.9,94,9.399999999999977,7146.91384740654,68248.0,4220.599999999999,0,1,0,0
300.8,310.6,1666,36.2,144,9.800000000000011,6315.564655462586,60309.200000000004,5212.8,0,1,0,0
299.5,310.8,1507,40.2,156,11.300000000000011,6344.069372806158,60581.4,6271.200000000001,0,0,1,0
300.7,311.8,1478,41.9,207,11.100000000000023,6485.105939001313,61928.2,8673.3,0,1,0,0
299.0,308.7,1500,40.2,30,9.699999999999989,6314.601233715485,60300.00000000001,1206.0,0,0,1,0
297.6,308.2,2071,18.5,144,10.599999999999966,4012.180337777085,38313.5,2664.0,1,0,0,0
301.7,311.0,1700,28.7,19,9.300000000000011,5109.2768522882,48790.0,545.3,0,1,0,0
298.2,307.9,1551,34.1,190,9.699999999999989,5538.533600499199,52889.100000000006,6479.0,0,1,0,0
303.3,311.8,1315,62.0,42,8.5,8537.801634905862,81530.0,2604.0,0,1,0,1
301.1,311.0,1413,46.6,30,9.899999999999977,6895.356051658094,65845.8,1398.0,0,0,1,0
301.2,310.9,1597,37.9,164,9.699999999999989,6338.299314299063,60526.299999999996,6215.599999999999,0,1,0,0
300.9,310.7,1656,30.7,200,9.800000000000011,5323.868574479407,50839.2,6140.0,1,0,0,0
297.4,309.4,1620,35.4,51,12.0,6005.468516602248,57348.0,1805.3999999999999,0,1,0,0
300.0,310.0,1486,41.8,69,10.0,6504.646645306642,62114.799999999996,2884.2,0,1,0,0
298.9,310.0,1487,36.6,129,11.100000000000023,5699.288896583388,54424.200000000004,4721.400000000001,0,0,1,0
303.7,312.4,1642,32.3,206,8.699999999999989,5553.979764379346,53036.6,6653.799999999999,0,0,1,0
298.8,309.8,1437,48.2,164,11.0,7253.246286755044,69263.40000000001,7904.8,1,0,0,0
300.5,311.0,1759,28.3,13,10.5,5212.9179939301275,49779.700000000004,367.90000000000003,0,1,0,0
301.2,310.9,1416,53.3,66,9.699999999999989,7903.493134195059,75472.8,3517.7999999999997,0,1,0,0
300.3,309.2,1462,51.4,48,8.899999999999977,7869.354494026049,75146.8,2467.2,0,1,0,0
297.3,308.6,1586,37.7,155,11.300000000000011,6261.424542065722,59792.200000000004,5843.5,0,1,0,0
298.5,310.0,1492,41.2,19,11.5,6437.1652351075345,61470.4,782.8000000000001,0,1,0,0
299.1,309.0,1450,43.0,40,9.899999999999977,6529.276731710787,62350.0,1720.0,0,1,0,0
302.2,311.2,1471,41.9,166,9.0,6454.391634824718,61634.9,6955.4,0,0,1,0
301.4,310.7,1375,42.0,168,9.300000000000011,6047.565858160351,57750.0,7056.0,0,0,1,0
298.3,308.9,1363,46.1,5,10.599999999999966,6579.992509115238,62834.3,230.5,0,0,1,0
298.6,309.2,2035,19.6,40,10.599999999999966,4176.85215270275,39886.0,784.0,0,1,0,0
302.6,311.9,1397,46.9,82,9.299999999999955,6861.165051611523,65519.299999999996,3845.7999999999997,0,1,0,0
297.7,309.7,1440,51.1,191,12.0,7705.698460725045,73584.0,9760.1,1,0,0,0
298.0,308.3,1544,34.7,213,10.300000000000011,5610.5493760949885,53576.8,7391.1,0,1,0,0
298.2,307.9,1529,36.6,105,9.699999999999989,5860.264104153329,55961.4,3843.0,0,0,1,0
302.7,312.2,1369,51.8,174,9.5,7426.117658506577,70914.2,9013.199999999999,0,1,0,0
301.1,311.0,1339,52.8,194,9.899999999999977,7403.60291115585,70699.2,10243.199999999999,1,0,0,0
301.9,309.7,1533,35.9,204,7.800000000000011,5763.220307083939,55034.7,7323.599999999999,0,0,1,0
303.6,312.4,1418,46.0,128,8.799999999999955,6830.660186945168,65228.0,5888.0,0,1,0,0
302.8,312.5,1462,43.4,68,9.699999999999989,6644.552238146509,63450.799999999996,2951.2,0,1,0,0
303.8,312.9,1819,23.7,16,9.099999999999966,4514.500059135068,43110.299999999996,379.2,0,1,0,0
302.0,310.8,1902,23.4,188,8.800000000000011,4660.741197159673,44506.799999999996,4399.2,0,1,0,0
298.8,309.6,1693,33.3,170,10.800000000000011,5903.775162405546,56376.899999999994,5660.999999999999,0,0,1,0
300.8,312.6,1588,35.6,114,11.800000000000011,5920.100972228703,56532.8,4058.4,0,0,1,0
298.4,308.7,1588,35.0,99,10.300000000000011,5820.32398955069,55580.0,3465.0,0,1,0,0
299.3,309.1,1493,38.0,151,9.800000000000011,5941.170586958778,56734.0,5738.0,0,1,0,0
300.7,311.2,1457,51.4,61,10.5,7842.441516960296,74889.8,3135.4,0,1,0,0
298.4,309.2,1414,46.4,128,10.800000000000011,6870.621245498829,65609.59999999999,5939.2,0,0,1,0
299.4,308.7,1289,60.5,104,9.300000000000011,8166.517743129106,77984.5,6292.0,0,0,1,0
298.6,309.5,1568,36.7,182,10.899999999999977,6026.161140213893,57545.600000000006,6679.400000000001,0,0,1,0
302.1,310.6,1459,47.6,93,8.5,7272.61944145218,69448.40000000001,4426.8,0,1,0,0
299.9,309.2,1761,25.6,115,9.300000000000011,4720.934112402454,45081.600000000006,2944.0,0,1,0,0
299.3,310.4,1629,32.6,177,11.099999999999966,5561.18448353158,53105.4,5770.2,0,1,0,0
298.6,309.6,1611,35.7,23,11.0,6022.715860270457,57512.700000000004,821.1,0,1,0,0
297.5,308.7,1546,38.0,123,11.199999999999989,6152.076173769771,58748.0,4674.0,0,0,1,0
301.7,309.9,1533,40.9,106,8.199999999999989,6565.897230076131,62699.7,4335.4,0,0,1,0
300.8,311.9,1761,29.0,113,11.099999999999966,5347.933174205905,51069.0,3277.0,0,0,1,0
299.0,310.2,1637,38.0,68,11.199999999999989,6514.197086973555,62206.0,2584.0,1,0,0,0
301.5,310.1,1541,42.2,52,8.600000000000023,6809.946619382499,65030.200000000004,2194.4,0,1,0,0
300.4,309.9,1567,36.5,72,9.5,5989.498753946501,57195.5,2628.0,0,1,0,0
297.2,308.7,1398,38.1,88,11.5,5577.772092742534,53263.8,3352.8,0,0,1,0
301.6,310.8,1343,49.5,140,9.199999999999989,6961.612240722301,66478.5,6930.0,0,0,1,0
302.7,311.5,1556,35.0,164,8.800000000000011,5703.037863816671,54460.0,5740.0,1,0,0,0
303.5,312.1,1326,55.7,114,8.600000000000023,7734.412617578855,73858.2,6349.8,0,1,0,0
300.6,309.7,1428,42.6,23,9.099999999999966,6370.3959192432385,60832.8,979.8000000000001,0,0,1,0
300.4,309.6,1379,54.5,122,9.200000000000045,7870.26555589559,75155.5,6649.0,0,1,0,0
298.0,308.8,1610,33.7,212,10.800000000000011,5681.77975352738,54257.00000000001,7144.400000000001,0,1,0,0
300.3,311.7,1682,27.8,178,11.399999999999977,4896.653861493243,46759.6,4948.400000000001,0,1,0,0
301.6,310.7,1494,39.5,24,9.099999999999966,6179.826908876482,59013.0,948.0,0,1,0,0
299.5,310.0,1349,52.7,92,10.5,7444.768246893388,71092.3,4848.400000000001,0,1,0,0
300.3,309.6,1509,46.6,95,9.300000000000011,7363.830348161403,70319.40000000001,4427.0,0,0,1,0
299.6,309.4,1283,62.1,83,9.799999999999955,8343.47318533031,79674.3,5154.3,0,0,1,0
298.9,310.2,1705,32.5,63,11.300000000000011,5802.783430568147,55412.5,2047.5,0,1,0,0
301.4,310.4,1639,28.9,94,9.0,4960.2711127284365,47367.1,2716.6,0,1,0,0
302.6,312.0,1674,32.2,70,9.399999999999977,5644.688016263997,53902.8,2254.0,0,1,0,0
300.5,312.0,1382,54.1,27,11.5,7829.498155227506,74766.2,1460.7,0,0,1,0
300.8,311.0,1580,36.6,109,10.199999999999989,6055.733999059686,57828.0,3989.4,0,0,1,0
296.8,307.8,1573,36.4,126,11.0,5995.9599628373835,57257.2,4586.4,0,1,0,0
298.2,308.3,2216,16.8,139,10.100000000000023,3898.59081939879,37228.8,2335.2000000000003,0,1,0,0
297.0,307.6,1513,42.4,124,10.600000000000023,6717.897954632318,64151.2,5257.599999999999,0,1,0,0
302.3,311.7,1544,43.2,128,9.399999999999977,6984.891442285403,66700.8,5529.6,0,1,0,0
298.3,310.0,1507,44.7,73,11.699999999999989,7054.226392150131,67362.90000000001,3263.1000000000004,0,1,0,0
302.5,310.4,1967,20.3,50,7.899999999999977,4181.470293903526,39930.1,1015.0,0,1,0,0
300.9,310.5,1444,43.2,27,9.600000000000023,6532.502100168472,62380.8,1166.4,0,0,1,0
297.3,308.1,1642,36.9,206,10.800000000000011,6344.94901874916,60589.799999999996,7601.4,0,1,0,0
301.4,310.9,1557,39.3,174,9.5,6407.8122877474925,61190.1,6838.2,0,0,1,0
302.5,310.2,1563,34.8,150,7.699999999999989,5695.958808370582,54392.399999999994,5220.0,0,1,0,0
303.4,311.9,1434,44.6,78,8.5,6697.4985463350085,63956.4,3478.8,0,1,0,0
299.3,308.5,1305,60.6,44,9.199999999999989,8281.552394128053,79083.0,2666.4,0,0,1,0
301.0,310.9,1916,22.0,42,9.899999999999977,4414.147117803898,42152.0,924.0,1,0,0,0
300.0,309.6,1526,46.4,150,9.600000000000023,7414.8288689046785,70806.4,6960.0,0,1,0,0
296.8,307.9,1448,48.8,31,11.099999999999966,7399.749224167446,70662.4,1512.8,0,1,0,0
298.3,308.5,1416,52.7,151,10.199999999999989,7814.523230245396,74623.2,7957.700000000001,0,1,0,0
298.5,308.7,1347,48.5,33,10.199999999999989,6841.289242089813,65329.5,1600.5,0,0,1,0
301.0,309.7,1288,58.4,162,8.699999999999989,7876.936204296711,75219.2,9460.8,0,0,1,0
299.9,309.2,1624,34.6,105,9.300000000000011,5884.24492807573,56190.4,3633.0,0,1,0,0
301.8,310.8,1546,43.4,29,9.0,7026.318577410739,67096.4,1258.6,0,1,0,0
301.5,310.9,2760,8.0,15,9.399999999999977,2312.212193042088,22080.0,120.0,0,1,0,1
298.5,309.3,1465,42.4,173,10.800000000000011,6504.7723090127865,62116.0,7335.2,0,0,1,0
298.6,309.6,1715,28.4,90,11.0,5100.480392858149,48706.0,2556.0,0,1,0,0
300.4,311.4,1936,23.9,131,11.0,4845.424957288706,46270.399999999994,3130.8999999999996,0,1,0,0
300.5,310.0,1580,37.0,181,9.5,6121.91688429531,58460.0,6697.0,0,0,1,0
302.6,312.2,1520,43.0,208,9.599999999999966,6844.483194620963,65360.0,8944.0,0,1,0,0
296.5,307.3,1566,37.2,164,10.800000000000011,6100.470278446804,58255.200000000004,6100.8,0,1,0,0
302.6,311.0,1520,42.8,148,8.399999999999977,6812.648389064587,65055.99999999999,6334.4,0,1,0,0
302.2,311.5,1744,31.2,172,9.300000000000011,5698.095091375022,54412.799999999996,5366.4,0,1,0,0
298.4,307.9,1446,45.3,23,9.5,6859.541895407169,65503.799999999996,1041.8999999999999,0,1,0,0
297.5,308.0,1429,45.8,148,10.5,6853.719477022517,65448.2,6778.4,0,0,1,0
300.6,310.1,1485,49.9,19,9.5,7759.890933999469,74101.5,948.1,0,1,0,0
302.0,310.1,1409,50.4,172,8.100000000000023,7436.526802165471,71013.59999999999,8668.8,0,1,0,0
300.2,309.9,1569,31.2,176,9.699999999999989,5126.325228421681,48952.799999999996,5491.2,0,0,1,0
300.5,312.0,1263,60.8,146,11.5,8041.471883540721,76790.4,8876.8,0,0,1,0
300.5,309.8,1367,54.0,129,9.300000000000011,7730.202883423045,73818.0,6966.0,0,1,0,0
299.8,309.1,1668,30.3,200,9.300000000000011,5292.578311649652,50540.4,6060.0,0,1,0,0
297.6,308.4,1391,51.9,218,10.799999999999955,7560.022809378086,72192.9,11314.199999999999,0,0,1,0
297.4,308.4,1426,50.4,70,11.0,7526.2506883519945,71870.4,3528.0,0,1,0,0
298.0,308.0,1520,39.6,51,10.0,6303.2915001625615,60192.0,2019.6000000000001,1,0,0,0
297.1,308.2,1527,42.2,199,11.099999999999966,6748.078188057803,64439.4,8397.800000000001,1,0,0,0
299.9,311.3,1522,45.7,153,11.400000000000034,7283.824455249984,69555.40000000001,6992.1,0,1,0,0
301.8,311.0,1651,32.5,195,9.199999999999989,5619.000260333144,53657.5,6337.5,0,1,0,0
300.7,309.8,1406,48.4,151,9.100000000000023,7126.221223794894,68050.4,7308.4,0,1,0,0
297.7,307.2,1392,43.0,197,9.5,6268.105662442355,59856.0,8471.0,0,1,0,0
300.5,310.4,1702,33.1,71,9.899999999999977,5899.513068372177,56336.200000000004,2350.1,0,1,0,0
303.4,312.3,1522,42.1,62,8.900000000000034,6710.043972998344,64076.200000000004,2610.2000000000003,1,0,0,0
299.8,309.2,1760,25.9,63,9.399999999999977,4773.545317374571,45584.0,1631.6999999999998,0,1,0,0
300.7,310.3,1659,29.8,6,9.600000000000023,5177.156197556764,49438.200000000004,178.8,0,0,1,0
300.7,311.8,1420,47.0,119,11.100000000000023,6988.996456686093,66740.0,5593.0,0,1,0,0
302.4,311.3,1503,38.2,120,8.900000000000034,6012.4428522932185,57414.600000000006,4584.0,0,1,0,0
298.1,308.0,2129,18.4,45,9.899999999999977,4102.249799155504,39173.6,827.9999999999999,0,0,1,0
300.2,311.6,1322,50.9,215,11.400000000000034,7046.571378050882,67289.8,10943.5,0,1,0,0
299.4,309.1,1440,50.0,134,9.700000000000045,7539.822368615503,72000.0,6700.0,0,0,1,0
297.9,309.1,1488,37.3,30,11.200000000000045,5812.197736553404,55502.399999999994,1119.0,0,0,1,0
300.8,310.5,1559,40.1,220,9.699999999999989,6546.649739085138,62515.9,8822.0,1,0,0,0
298.3,308.8,1391,50.4,13,10.5,7341.525040320917,70106.4,655.1999999999999,0,0,1,0
298.2,308.0,1538,38.2,59,9.800000000000011,6152.453164888204,58751.600000000006,2253.8,0,1,0,0
297.2,307.9,1326,75.4,172,10.699999999999989,10469.923004765631,99980.40000000001,12968.800000000001,0,1,0,1
301.2,310.7,1951,21.3,44,9.5,4351.765559679117,41556.3,937.2,0,1,0,0
303.3,311.8,1536,40.6,205,8.5,6530.491480870175,62361.600000000006,8323.0,0,0,1,0
303.6,312.7,1403,46.2,57,9.099999999999966,6787.787919199179,64818.600000000006,2633.4,1,0,0,0
297.1,308.1,1506,37.7,210,11.0,5945.589760624828,56776.200000000004,7917.000000000001,0,0,1,0
297.6,309.3,1543,34.3,8,11.699999999999989,5542.282567732481,52924.899999999994,274.4,0,1,0,0
303.7,312.4,1348,51.0,152,8.699999999999989,7199.27372496637,68748.0,7752.0,0,1,0,0
298.7,309.0,1565,35.1,152,10.300000000000011,5752.41322835559,54931.5,5335.2,0,1,0,0
297.9,308.4,1637,34.5,191,10.5,5914.205250015465,56476.5,6589.5,1,0,0,0
298.2,307.7,1459,44.5,89,9.5,6798.98246102147,64925.5,3960.5,0,1,0,0
299.7,309.2,1411,46.1,173,9.5,6811.716383244021,65047.1,7975.3,0,1,0,0
299.1,310.6,1796,26.0,90,11.5,4889.993685067633,46696.0,2340.0,0,1,0,0
302.2,311.8,1330,62.4,31,9.600000000000023,8690.901916890803,82992.0,1934.3999999999999,1,0,0,0
298.2,308.8,1626,40.4,20,10.600000000000023,6879.082601712498,65690.4,808.0,0,0,1,0
300.5,310.5,1409,60.9,73,10.0,8985.803219283278,85808.09999999999,4445.7,0,1,0,0
300.0,309.2,1610,32.1,150,9.199999999999989,5412.021664339137,51681.0,4815.0,0,1,0,0
299.2,310.1,1542,36.1,5,10.900000000000034,5829.350832442005,55666.200000000004,180.5,1,0,0,0
301.8,310.6,1522,43.8,70,8.800000000000011,6980.99586739495,66663.59999999999,3066.0,0,1,0,0
299.6,310.1,1487,42.9,42,10.5,6680.314034519873,63792.299999999996,1801.8,0,1,0,0
301.4,310.7,1536,44.4,96,9.300000000000011,7141.7197475526045,68198.4,4262.4,1,0,0,0
301.5,310.7,1686,27.9,135,9.199999999999989,4925.954448975724,47039.399999999994,3766.5,0,1,0,0
303.1,311.2,1628,35.2,23,8.099999999999966,6001.028398985176,57305.600000000006,809.6,0,1,0,0
300.0,311.5,1455,41.7,130,11.5,6353.714062252678,60673.50000000001,5421.0,0,1,0,0
297.9,307.7,1527,42.8,125,9.800000000000011,6844.0224276984345,65355.6,5350.0,0,0,1,0
302.2,311.1,1628,30.6,105,8.900000000000034,5216.803096845068,49816.8,3213.0,1,0,0,0
299.4,309.0,1660,28.4,139,9.600000000000023,4936.90813536124,47144.0,3947.6,0,1,0,0
302.8,312.4,1392,46.2,70,9.599999999999966,6734.569339647368,64310.4,3234.0,0,1,0,0
298.2,307.8,1521,42.9,60,9.600000000000023,6833.058269337406,65250.9,2574.0,0,1,0,0
297.7,308.7,1694,29.1,102,11.0,5162.202216525677,49295.4,2968.2000000000003,0,1,0,0
302.9,312.3,1809,25.0,180,9.400000000000034,4735.950925286614,45225.0,4500.0,0,0,1,0
300.6,310.7,1388,42.9,190,10.099999999999966,6235.558762551164,59545.2,8151.0,0,0,1,0
300.8,309.6,1498,45.8,47,8.800000000000011,7184.654847151665,68608.4,2152.6,0,1,0,0
297.3,308.6,1376,53.5,112,11.300000000000011,7709.049492888873,73616.0,5992.0,1,0,0,0
304.0,313.2,1615,37.8,127,9.199999999999989,6392.82689078987,61046.99999999999,4800.599999999999,0,1,0,0
301.9,310.8,1525,43.2,62,8.900000000000034,6898.937467283186,65880.0,2678.4,0,1,0,0
298.1,309.0,1592,33.9,85,10.899999999999977,5651.599520101894,53968.799999999996,2881.5,0,1,0,0
299.9,311.4,1596,28.9,160,11.5,4830.135873041235,46124.399999999994,4624.0,0,1,0,0
295.6,306.3,1426,45.5,53,10.699999999999989,6794.531871428884,64883.0,2411.5,0,0,1,0
298.8,310.6,1602,39.1,211,11.800000000000011,6559.4569651362735,62638.200000000004,8250.1,0,1,0,0
298.5,308.8,1553,34.9,18,10.300000000000011,5675.779311559023,54199.7,628.1999999999999,0,0,1,0
298.5,308.2,1451,47.5,18,9.699999999999989,7217.54732223475,68922.5,855.0,0,1,0,0
302.8,312.3,1473,42.6,232,9.5,6571.143689807627,62749.8,9883.2,0,1,0,0
300.4,311.4,1427,50.7,122,11.0,7576.359091176753,72348.90000000001,6185.400000000001,1,0,0,0
302.2,311.6,1416,54.1,48,9.400000000000034,8022.11967279461,76605.6,2596.8,0,1,0,0
298.2,308.8,1666,31.5,30,10.600000000000023,5495.588028924626,52479.0,945.0,0,1,0,0
301.1,310.5,1309,60.7,100,9.399999999999977,8320.644278714222,79456.3,6070.0,0,0,1,0
300.5,311.6,1444,49.3,92,11.100000000000023,7454.915591164482,71189.2,4535.599999999999,0,1,0,0
298.8,310.0,2098,19.6,148,11.199999999999989,4306.160106324505,41120.8,2900.8,0,1,0,0
300.4,311.6,1715,30.8,203,11.200000000000045,5531.5069049306685,52822.0,6252.400000000001,1,0,0,0
299.1,310.2,1425,52.7,154,11.099999999999966,7864.191810098649,75097.5,8115.8,0,1,0,0
303.7,313.1,1355,49.1,188,9.400000000000034,6967.057667988525,66530.5,9230.800000000001,0,1,0,0
300.8,311.2,1488,40.1,87,10.399999999999977,6248.502124283955,59668.8,3488.7000000000003,0,0,1,0
299.9,311.4,1627,36.7,118,11.5,6252.9108259744935,59710.9,4330.6,0,1,0,0
301.0,311.0,1402,55.3,98,10.0,8118.985446280294,77530.59999999999,5419.4,0,1,0,0
301.3,311.4,1838,23.2,215,10.099999999999966,4465.417909910483,42641.6,4988.0,0,0,1,0
297.5,308.9,1280,48.5,19,11.399999999999977,6501.002397828478,62080.0,921.5,0,0,1,0
298.8,308.8,1497,46.8,72,10.0,7336.624155781315,70059.59999999999,3369.6,0,0,1,0
299.4,309.3,1525,41.5,30,9.900000000000034,6627.451502135468,63287.5,1245.0,0,1,0,0
300.9,310.4,1788,27.8,90,9.5,5205.242035879856,49706.4,2502.0,0,1,0,0
299.6,309.0,1736,26.1,146,9.399999999999977,4744.8102165697355,45309.600000000006,3810.6000000000004,0,0,1,0
300.0,309.4,1498,38.5,37,9.399999999999977,6039.502437016138,57673.0,1424.5,1,0,0,0
298.8,310.2,1814,26.8,204,11.399999999999977,5090.971839093284,48615.200000000004,5467.2,0,1,0,0
298.6,309.4,1440,48.2,136,10.799999999999955,7268.388763345346,69408.0,6555.200000000001,0,1,0,0
299.8,309.5,1590,28.5,23,9.699999999999989,4745.375703247381,45315.0,655.5,0,1,0,0
300.4,309.5,1547,50.7,131,9.100000000000023,8213.474081324763,78432.90000000001,6641.700000000001,1,0,0,0
298.5,309.4,1521,37.5,94,10.899999999999977,5972.953032637593,57037.5,3525.0,0,0,1,0
298.4,309.5,2153,15.3,98,11.100000000000023,3449.5629814212007,32940.9,1499.4,0,1,0,1
303.7,312.7,1989,22.4,166,9.0,4665.642081699273,44553.6,3718.3999999999996,0,1,0,0
302.3,311.4,1443,44.1,51,9.099999999999966,6663.977752721206,63636.3,2249.1,1,0,0,0
304.2,313.4,1411,54.8,44,9.199999999999989,8097.224681166428,77322.8,2411.2,0,0,1,0
302.3,311.9,1434,51.9,173,9.599999999999966,7793.72588687863,74424.59999999999,8978.699999999999,0,1,0,0
300.4,311.4,1424,44.6,127,11.0,6650.793535551641,63510.4,5664.2,0,1,0,0
298.2,307.8,1429,46.9,117,9.600000000000023,7018.32846009511,67020.09999999999,5487.3,0,1,0,0
297.3,308.4,1665,28.9,17,11.099999999999966,5038.957536725348,48118.5,491.29999999999995,0,0,1,0
303.4,312.3,1680,30.6,67,8.900000000000034,5383.43317119147,51408.0,2050.2000000000003,0,1,0,0
298.5,309.8,1468,40.9,157,11.300000000000011,6287.499761090517,60041.2,6421.3,0,1,0,0
300.9,310.2,1533,38.1,137,9.300000000000011,6116.398153200504,58407.3,5219.7,0,0,1,0
298.7,309.1,1423,49.5,200,10.400000000000034,7376.302470996155,70438.5,9900.0,0,0,1,0
300.9,311.3,1295,58.9,77,10.400000000000034,7987.551681629608,76275.5,4535.3,1,0,0,0
297.5,308.6,1472,44.9,198,11.100000000000023,6921.221831172648,66092.8,8890.199999999999,0,0,1,0
299.4,310.5,1372,46.3,173,11.100000000000023,6652.175836319219,63523.6,8009.9,0,1,0,0
298.8,309.9,1741,27.7,50,11.099999999999966,5050.183494474177,48225.7,1385.0,0,0,1,0
303.8,312.9,1573,34.6,14,9.099999999999966,5699.4564481915795,54425.8,484.40000000000003,0,1,0,0
300.9,312.0,1447,41.4,193,11.100000000000023,6273.320706247314,59905.799999999996,7990.2,0,0,1,0
302.3,311.0,1561,37.2,180,8.699999999999989,6080.992403994547,58069.200000000004,6696.000000000001,0,1,0,0
301.0,310.6,1698,27.3,14,9.600000000000023,4854.326136473876,46355.4,382.2,0,0,1,0
298.9,310.3,1436,39.0,32,11.400000000000034,5864.725165721426,56004.0,1248.0,0,1,0,0
300.1,310.5,1532,36.0,109,10.399999999999977,5775.503934359475,55152.0,3924.0,0,1,0,0
299.6,310.2,1627,36.6,17,10.599999999999966,6235.8729218165245,59548.200000000004,622.2,0,1,0,0
302.5,310.2,1329,50.6,148,7.699999999999989,7042.131260433809,67247.40000000001,7488.8,0,1,0,1
300.5,311.3,1475,46.3,49,10.800000000000011,7151.573876509365,68292.5,2268.7,0,1,0,0
300.5,310.5,1646,34.5,63,10.0,5946.72073398012,56787.0,2173.5,0,1,0,0
299.0,310.0,1509,38.0,168,11.0,6004.840198071531,57342.0,6384.0,0,1,0,0
301.8,311.2,1334,52.3,68,9.399999999999977,7306.1088191394465,69768.2,3556.3999999999996,0,1,0,0
297.4,308.6,1678,32.3,180,11.200000000000045,5675.747895632488,54199.399999999994,5813.999999999999,0,1,0,0
297.6,308.5,1466,39.7,34,10.899999999999977,6094.710691915223,58200.200000000004,1349.8000000000002,0,0,1,0
299.6,309.0,1413,48.5,153,9.399999999999977,7176.4971782278435,68530.5,7420.5,0,1,0,0
297.9,308.6,2262,15.7,125,10.700000000000045,3718.954551466525,35513.4,1962.5,0,1,0,0
303.1,312.8,1465,44.1,109,9.699999999999989,6765.576859138299,64606.5,4806.900000000001,0,1,0,0
303.4,312.2,1656,32.7,195,8.800000000000011,5670.700403435721,54151.200000000004,6376.500000000001,0,1,0,0
303.4,311.5,1817,24.7,125,8.100000000000023,4699.812137794818,44879.9,3087.5,0,0,1,0
301.0,311.7,1670,31.3,150,10.699999999999989,5473.806319859736,52271.0,4695.0,0,1,0,0
298.9,309.8,1616,36.5,110,10.900000000000034,6176.7900359780115,58984.0,4015.0,0,1,0,0
298.1,308.8,2206,16.3,195,10.699999999999989,3765.492010641702,35957.8,3178.5,0,0,1,0
302.2,311.5,1346,52.4,157,9.300000000000011,7385.926216491652,70530.4,8226.8,0,1,0,0
298.2,308.4,1355,49.4,209,10.199999999999989,7009.626248444667,66937.0,10324.6,0,1,0,0
300.9,309.5,1469,43.4,126,8.600000000000023,6676.366099751861,63754.6,5468.4,1,0,0,0
298.8,308.1,1472,53.5,28,9.300000000000011,8246.890155183446,78752.0,1498.0,0,1,0,0
304.1,313.2,2028,18.9,45,9.099999999999966,4013.8244379324624,38329.2,850.4999999999999,0,0,1,0
301.0,310.5,1408,47.0,202,9.5,6929.934514798604,66176.0,9494.0,0,1,0,0
295.6,306.3,1636,32.7,56,10.699999999999989,5602.2136835874635,53497.200000000004,1831.2000000000003,0,1,0,0
297.2,307.9,1580,35.8,140,10.699999999999989,5923.368228588435,56563.99999999999,5012.0,0,1,0,0
302.4,310.1,1556,32.9,132,7.7000000000000455,5360.855591987671,51192.399999999994,4342.8,0,1,0,0
298.7,309.8,1422,40.7,85,11.100000000000023,6060.697715452357,57875.4,3459.5000000000005,1,0,0,0
301.0,311.0,1804,25.8,174,10.0,4873.99250648535,46543.200000000004,4489.2,0,1,0,0
302.7,310.7,1977,20.0,21,8.0,4140.619117431348,39540.0,420.0,0,1,0,0
300.0,309.5,1925,21.9,9,9.5,4414.723076457057,42157.5,197.1,0,1,0,0
298.8,309.2,1425,53.9,135,10.399999999999977,8043.2625913532665,76807.5,7276.5,1,0,0,0
298.1,308.2,1736,26.8,27,10.099999999999966,4872.065662991146,46524.8,723.6,0,0,1,0
299.2,309.0,1515,48.9,228,9.800000000000011,7758.005978407315,74083.5,11149.199999999999,0,1,0,1
301.2,311.0,1596,37.2,219,9.800000000000011,6217.337525160345,59371.200000000004,8146.8,0,1,0,0
302.4,311.7,1495,36.8,215,9.300000000000011,5761.262047663201,55015.99999999999,7911.999999999999,0,1,0,0
301.0,310.0,1212,67.9,30,9.0,8617.891303621378,82294.8,2037.0000000000002,1,0,0,0
300.0,310.2,1675,29.7,64,10.199999999999989,5209.546017815274,49747.5,1900.8,0,1,0,0
300.2,310.3,1478,38.1,45,10.100000000000023,5896.957906347257,56311.8,1714.5,0,0,1,0
298.2,308.2,1436,50.2,43,10.0,7548.953931261938,72087.2,2158.6,0,1,0,0
300.3,309.5,1474,38.7,35,9.199999999999989,5973.612767094849,57043.8,1354.5,0,1,0,0
300.2,310.1,1649,30.5,43,9.900000000000034,5266.827723865728,50294.5,1311.5,0,1,0,0
299.3,308.9,1767,24.8,196,9.599999999999966,4588.9872209516825,43821.6,4860.8,0,0,1,0
300.3,311.5,1548,32.2,25,11.199999999999989,5219.8190257925135,49845.600000000006,805.0000000000001,0,1,0,0
300.6,310.4,2007,19.8,116,9.799999999999955,4161.416460798112,39738.6,2296.8,0,1,0,0
302.4,311.7,1721,26.9,112,9.300000000000011,4847.990591289137,46294.899999999994,3012.7999999999997,0,1,0,0
300.7,310.0,1641,34.6,178,9.300000000000011,5945.841088037114,56778.600000000006,6158.8,0,0,1,0
301.6,311.1,1680,29.2,111,9.5,5137.132307150029,49056.0,3241.2,0,1,0,0
300.3,310.0,1409,43.2,9,9.699999999999989,6374.165830427547,60868.8,388.8,0,0,1,0
301.5,310.8,1593,34.5,162,9.300000000000011,5755.240661743821,54958.5,5589.0,0,1,0,0
297.9,308.5,1519,34.3,61,10.600000000000023,5456.077265317977,52101.7,2092.2999999999997,0,1,0,0
300.7,310.7,1343,51.6,211,10.0,7256.953366086278,69298.8,10887.6,0,0,1,0
303.4,311.9,1771,31.6,202,8.5,5860.494487614592,55963.600000000006,6383.200000000001,0,1,0,0
298.3,308.0,2886,3.8,57,9.699999999999989,1148.4406104462848,10966.8,216.6,0,1,0,1
299.5,310.0,1379,50.4,85,10.5,7278.190532424545,69501.59999999999,4284.0,0,1,0,0
303.8,312.9,1594,35.2,69,9.099999999999966,5875.6997960579665,56108.8,2428.8,0,0,1,0
296.8,307.5,1474,42.4,107,10.699999999999989,6544.7333675664495,62497.6,4536.8,0,1,0,0
298.4,309.5,1357,50.1,125,11.100000000000023,7119.4458556386535,67985.7,6262.5,0,1,0,0
300.9,310.6,1538,36.7,3,9.700000000000045,5910.864689827148,56444.600000000006,110.10000000000001,0,1,0,0
303.3,312.7,1642,33.6,104,9.399999999999977,5777.514553657773,55171.200000000004,3494.4,0,0,1,0
296.9,307.8,1425,49.1,163,10.900000000000034,7326.979466334794,69967.5,8003.3,0,1,0,0
298.8,309.9,1439,45.2,40,11.099999999999966,6811.266088297007,65042.8,1808.0,1,0,0,1
299.7,310.5,1492,39.3,131,10.800000000000011,6140.305673294322,58635.6,5148.299999999999,0,0,1,0
301.0,311.4,1478,39.5,75,10.399999999999977,6113.644023640857,58381.0,2962.5,0,1,0,0
302.9,312.2,1571,40.6,139,9.300000000000011,6679.298252895211,63782.600000000006,5643.400000000001,0,1,0,0
300.7,311.0,1378,41.2,93,10.300000000000011,5945.317489261516,56773.600000000006,3831.6000000000004,0,0,1,0
299.1,308.8,1491,41.0,209,9.699999999999989,6401.623350219921,61131.0,8569.0,0,0,1,0
303.6,311.7,1476,40.1,85,8.099999999999966,6198.110978120375,59187.6,3408.5,1,0,0,0
298.6,310.0,1334,48.0,42,11.399999999999977,6705.415359822055,64032.0,2016.0,0,1,0,0
301.9,311.0,1432,41.5,51,9.100000000000023,6223.28560725114,59428.0,2116.5,0,0,1,0
297.7,308.8,1388,45.6,190,11.100000000000023,6628.006516837602,63292.8,8664.0,0,0,1,0
303.5,313.0,1606,34.0,126,9.5,5718.117508553903,54604.0,4284.0,0,1,0,0
297.0,307.7,1731,28.5,186,10.699999999999989,5166.192039195735,49333.5,5301.0,0,1,0,0
301.1,310.7,1376,49.1,0,9.599999999999966,7075.034207492406,67561.6,0.0,0,1,0,0
300.9,312.4,1364,52.5,125,11.5,7498.981664118835,71610.0,6562.5,0,1,0,0
297.4,309.3,1365,52.4,76,11.900000000000034,7490.185204688784,71526.0,3982.4,1,0,0,0
298.8,310.1,1704,30.7,150,11.300000000000011,5478.183605623738,52312.799999999996,4605.0,1,0,0,0
299.2,308.9,1573,37.4,212,9.699999999999989,6160.684137640608,58830.2,7928.799999999999,0,0,1,0
299.1,310.6,1332,48.0,148,11.5,6695.362263330567,63936.0,7104.0,1,0,0,0
300.5,311.6,1506,36.2,10,11.100000000000023,5709.027833809517,54517.200000000004,362.0,1,0,0,0
297.4,308.4,1525,38.7,62,11.0,6180.298147774522,59017.50000000001,2399.4,0,1,0,0
301.1,311.3,1622,35.6,34,10.199999999999989,6046.853763825538,57743.200000000004,1210.4,0,1,0,0
301.4,310.6,1481,37.6,77,9.200000000000045,5831.382395691327,55685.6,2895.2000000000003,0,1,0,0
297.2,308.5,1611,31.6,197,11.300000000000011,5331.031405729592,50907.600000000006,6225.200000000001,0,0,1,0
299.5,309.2,1497,40.9,169,9.699999999999989,6411.707862637944,61227.299999999996,6912.099999999999,0,0,1,0
301.7,310.7,1318,55.0,194,9.0,7591.135048624136,72490.0,10670.0,0,1,0,0
298.2,307.9,1491,39.7,181,9.699999999999989,6198.6450488714845,59192.700000000004,7185.700000000001,1,0,0,0
298.1,308.7,1547,38.9,0,10.599999999999966,6301.856839517421,60178.299999999996,0.0,0,0,1,0
299.1,310.5,1471,38.4,146,11.399999999999977,5915.24197559115,56486.4,5606.4,0,1,0,0
299.7,309.2,1326,64.8,71,9.5,8998.024014705741,85924.8,4600.8,0,1,0,0
300.3,311.8,1548,33.0,16,11.5,5349.5039705327,51084.0,528.0,0,1,0,0
301.5,310.6,1962,20.2,124,9.100000000000023,4150.295222804403,39632.4,2504.7999999999997,0,1,0,0
302.2,311.3,1375,47.0,98,9.100000000000023,6767.514174608012,64625.0,4606.0,0,0,1,0
302.0,310.0,1832,22.9,178,8.0,4393.286942584062,41952.799999999996,4076.2,0,1,0,0
298.7,310.2,1598,33.3,36,11.5,5572.494217084502,53213.399999999994,1198.8,0,0,1,0
298.4,308.6,1569,34.4,160,10.200000000000045,5652.102174926468,53973.6,5504.0,0,1,0,0
301.4,310.7,1692,32.3,5,9.300000000000011,5723.102168897597,54651.6,161.5,0,0,1,0
301.4,310.4,1301,51.2,112,9.0,6975.508552226682,66611.2,5734.400000000001,0,1,0,0
297.7,308.8,1515,40.1,82,11.100000000000023,6361.882203152011,60751.5,3288.2000000000003,0,1,0,0
297.8,307.5,1391,48.6,109,9.699999999999989,7079.327717452313,67602.6,5297.400000000001,0,1,0,0
302.6,310.8,1486,36.4,160,8.199999999999989,5664.333442324444,54090.4,5824.0,0,1,0,0
300.2,311.6,1608,35.0,212,11.400000000000034,5893.627818134452,56280.0,7420.0,0,0,1,0
300.4,309.6,1553,43.9,75,9.200000000000045,7139.447328866508,68176.7,3292.5,0,1,0,0
299.4,309.2,1569,40.8,73,9.800000000000011,6703.656067936044,64015.2,2978.3999999999996,0,1,0,0
302.4,311.2,1404,52.0,57,8.800000000000011,7645.379881776121,73008.0,2964.0,0,1,0,0
297.9,307.7,1537,37.7,15,9.800000000000011,6067.975738433174,57944.9,565.5,0,1,0,0
301.4,310.3,1610,29.1,166,8.900000000000034,4906.22524711118,46851.0,4830.6,0,0,1,0
301.0,310.8,1533,39.3,194,9.800000000000011,6309.0406147186295,60246.899999999994,7624.2,0,0,1,0
298.6,309.6,1344,59.4,200,11.0,8360.15504232087,79833.59999999999,11880.0,0,0,1,0
301.3,311.0,1341,59.3,134,9.699999999999989,8327.451062797001,79521.3,7946.2,1,0,0,0
300.5,311.6,1730,30.2,106,11.100000000000023,5471.188325981744,52246.0,3201.2,0,1,0,0
298.6,309.9,1556,38.6,36,11.299999999999955,6289.636044094958,60061.600000000006,1389.6000000000001,0,1,0,0
301.7,310.2,1686,28.9,59,8.5,5102.51195610747,48725.399999999994,1705.1,0,1,0,0
301.9,310.8,1455,42.7,85,8.900000000000034,6506.081305951782,62128.50000000001,3629.5000000000005,1,0,0,0
300.9,310.9,1727,30.1,102,10.0,5443.6156144587385,51982.700000000004,3070.2000000000003,0,0,1,0
299.6,310.8,1393,49.9,78,11.199999999999989,7279.143482196135,69510.7,3892.2,0,1,0,0
298.8,310.0,1529,38.5,77,11.199999999999989,6164.485464751452,58866.5,2964.5,0,0,1,0
302.7,311.8,1728,30.0,12,9.100000000000023,5428.672105403162,51840.0,360.0,0,0,1,0
302.3,311.2,1549,40.6,66,8.899999999999977,6585.7625676223315,62889.4,2679.6,0,1,0,0
298.8,309.1,1489,49.1,128,10.300000000000011,7656.050824822813,73109.90000000001,6284.8,0,1,0,0
297.9,307.7,1492,43.7,59,9.800000000000011,6827.769921703865,65200.4,2578.3,0,1,0,0
301.2,310.0,1618,37.6,32,8.800000000000011,6370.814798263717,60836.8,1203.2,0,1,0,0
298.2,309.4,1693,34.4,73,11.199999999999989,6098.794762364889,58239.2,2511.2,0,0,1,0
299.7,309.2,1468,49.6,132,9.5,7624.938585576764,72812.8,6547.2,1,0,0,0
297.5,308.4,1587,36.1,98,10.899999999999977,5999.468074633892,57290.700000000004,3537.8,1,0,0,0
298.3,308.8,1645,30.4,33,10.5,5236.825514023945,50008.0,1003.1999999999999,0,1,0,0
297.4,308.6,1604,32.8,85,11.200000000000045,5509.431980551443,52611.2,2787.9999999999995,0,0,1,0
300.3,311.7,1447,36.8,0,11.399999999999977,5576.285072219835,53249.6,0.0,0,0,1,0
297.6,309.0,1487,45.4,64,11.399999999999977,7069.609724177208,67509.8,2905.6,0,1,0,0
302.8,310.6,1671,30.5,201,7.800000000000011,5337.09467955102,50965.5,6130.5,0,1,0,0
299.2,308.5,1387,51.1,98,9.300000000000011,7422.085947934469,70875.7,5007.8,0,1,0,0
297.7,307.6,1844,21.9,61,9.900000000000034,4228.960702850291,40383.6,1335.8999999999999,0,1,0,0
300.3,309.2,1807,26.4,169,8.899999999999977,4995.634974032345,47704.799999999996,4461.599999999999,0,1,0,0
300.6,310.9,1344,46.7,133,10.299999999999955,6572.714486134422,62764.8,6211.1,0,1,0,0
301.7,309.8,1491,39.3,114,8.100000000000023,6136.190186918119,58596.299999999996,4480.2,0,1,0,0
296.6,307.4,1333,50.2,177,10.799999999999955,7007.489965440226,66916.6,8885.4,1,0,0,0
297.6,308.3,1742,27.7,13,10.699999999999989,5053.084231690991,48253.4,360.09999999999997,0,1,0,0
302.4,310.1,1520,36.6,97,7.7000000000000455,5825.769416816914,55632.0,3550.2000000000003,0,0,1,0
302.2,310.0,1468,43.6,38,7.800000000000011,6702.566982482801,64004.8,1656.8,1,0,0,0
296.3,307.4,1335,50.5,48,11.099999999999966,7059.944090779663,67417.5,2424.0,0,0,1,0
300.4,309.6,1614,30.3,161,9.200000000000045,5121.235848322866,48904.200000000004,4878.3,0,0,1,0
297.7,307.2,1405,43.7,2,9.5,6429.635884714432,61398.50000000001,87.4,0,0,1,0
300.8,311.4,1316,57.6,43,10.599999999999966,7937.924989678403,75801.6,2476.8,0,1,0,0
302.7,310.4,1542,35.7,38,7.699999999999989,5764.759687484199,55049.4,1356.6000000000001,0,1,0,0
298.1,307.6,1498,42.9,171,9.5,6729.7312869608395,64264.2,7335.9,0,1,0,0
300.8,311.7,1578,31.4,219,10.899999999999977,5188.780090375046,49549.2,6876.599999999999,0,1,0,0
300.5,309.7,1389,43.3,9,9.199999999999989,6298.23353599028,60143.7,389.7,0,0,1,0
297.5,308.7,1761,26.2,164,11.199999999999989,4831.581005661887,46138.2,4296.8,0,1,0,0
297.0,307.9,1296,69.1,153,10.899999999999977,9378.031062083963,89553.59999999999,10572.3,0,1,0,1
300.1,311.4,1418,47.7,73,11.299999999999955,7083.09762863662,67638.6,3482.1000000000004,0,1,0,0
301.3,310.1,1355,53.6,193,8.800000000000011,7605.586374830651,72628.0,10344.800000000001,0,1,0,0
299.6,310.1,1357,48.7,96,10.5,6920.499264862324,66085.90000000001,4675.200000000001,0,0,1,0
303.0,311.1,1526,37.3,176,8.100000000000023,5960.6275174600105,56919.799999999996,6564.799999999999,0,0,1,0
299.0,308.7,1396,48.6,0,9.699999999999989,7104.774617946389,67845.6,0.0,0,1,0,0
302.7,312.1,1728,24.4,146,9.400000000000034,4415.319979061239,42163.2,3562.3999999999996,0,1,0,0
301.4,311.3,1397,42.3,48,9.900000000000034,6188.214961261566,59093.1,2030.3999999999999,0,1,0,0
299.3,308.7,1420,50.3,208,9.399999999999977,7479.713229176818,71426.0,10462.4,0,0,1,0
301.2,310.9,1359,50.8,118,9.699999999999989,7229.558678146975,69037.2,5994.4,0,0,1,0
298.9,310.0,1561,45.3,58,11.100000000000023,7405.079459703037,70713.29999999999,2627.3999999999996,0,0,1,0
298.5,308.0,1519,37.3,29,9.5,5933.285189398267,56658.7,1081.6999999999998,0,0,1,0
300.7,310.5,1536,47.4,192,9.800000000000011,7624.268379143997,72806.4,9100.8,0,1,0,0
301.4,310.8,1740,29.2,110,9.400000000000034,5320.601318119674,50808.0,3212.0,0,1,0,0
298.4,309.4,1461,46.3,121,11.0,7083.694531240801,67644.3,5602.299999999999,0,1,0,0
303.5,312.9,1530,34.5,110,9.399999999999977,5527.632273991241,52785.0,3795.0,0,0,1,0
300.9,310.5,1599,40.5,57,9.600000000000023,6781.598981671606,64759.5,2308.5,0,1,0,0
298.2,308.0,1499,44.1,166,9.800000000000011,6922.593659964717,66105.90000000001,7320.6,0,1,0,0
300.6,311.6,1455,48.0,203,11.0,7313.627697557038,69840.0,9744.0,0,1,0,0
300.5,311.5,1708,31.2,57,11.0,5580.473862424622,53289.6,1778.3999999999999,0,1,0,0
303.2,312.6,1601,35.3,148,9.400000000000034,5918.268376514107,56515.299999999996,5224.4,0,1,0,0
300.3,310.4,1672,29.2,39,10.099999999999966,5112.669772354077,48822.4,1138.8,0,1,0,0
299.7,309.2,1412,45.3,205,9.5,6698.25252857187,63963.6,9286.5,0,0,1,0
300.5,311.9,1730,27.5,209,11.399999999999977,4982.042349817813,47575.0,5747.5,0,0,1,0
298.6,308.2,1705,26.3,177,9.599999999999966,4695.790899198224,44841.5,4655.1,0,1,0,0
297.5,309.4,1482,39.3,112,11.899999999999977,6099.150809532297,58242.6,4401.599999999999,0,0,1,0
301.2,310.7,1747,27.3,35,9.5,4994.409752897445,47693.1,955.5,1,0,0,0
301.6,310.5,1786,27.1,35,8.899999999999977,5068.498979644605,48400.600000000006,948.5,1,0,0,0
299.7,311.2,1835,23.7,183,11.5,4554.2097902764435,43489.5,4337.099999999999,0,1,0,0
297.0,307.8,1396,50.0,96,10.800000000000011,7309.4389073522525,69800.0,4800.0,0,1,0,0
300.0,310.2,1760,26.9,193,10.199999999999989,4957.852086385173,47344.0,5191.7,0,1,0,0
300.8,311.7,1655,32.2,12,10.899999999999977,5580.620470081789,53291.00000000001,386.40000000000003,0,1,0,0
302.0,310.5,1263,60.6,90,8.5,8015.019673397495,76537.8,5454.0,0,1,0,1
297.0,308.1,1517,41.4,222,11.100000000000023,6576.798556584088,62803.799999999996,9190.8,1,0,0,0
299.2,308.6,1631,35.4,64,9.400000000000034,6046.246389245844,57737.399999999994,2265.6,0,0,1,0
301.7,310.2,1311,57.4,40,8.5,7880.3081804115645,75251.4,2296.0,0,1,0,1
299.0,308.8,1405,55.2,103,9.800000000000011,8121.645328060335,77556.0,5685.6,0,1,0,0
301.1,311.2,1555,35.3,172,10.099999999999966,5748.2244381508035,54891.49999999999,6071.599999999999,0,1,0,0
301.5,310.7,1454,39.4,17,9.199999999999989,5999.143443393021,57287.6,669.8,0,0,1,0
301.8,310.3,1765,27.3,29,8.5,5045.869040563247,48184.5,791.7,0,1,0,0
297.7,308.9,1715,27.2,193,11.199999999999989,4884.967136821889,46648.0,5249.599999999999,0,1,0,0
298.1,307.7,1705,29.1,109,9.599999999999966,5195.72301013948,49615.5,3171.9,0,1,0,0
300.9,310.4,2021,18.8,30,9.5,3978.8061518204495,37994.8,564.0,0,1,0,0
302.8,311.0,1436,43.5,47,8.199999999999989,6541.424223304667,62466.0,2044.5,1,0,0,0
297.8,308.3,1435,50.1,189,10.5,7528.66971469526,71893.5,9468.9,0,1,0,0
301.0,310.4,1665,30.9,177,9.399999999999977,5387.674321273816,51448.5,5469.3,0,0,1,0
299.0,310.3,1689,29.7,101,11.300000000000011,5253.088491994029,50163.299999999996,2999.7,0,0,1,0
301.0,310.9,1813,28.5,197,9.899999999999977,5410.92210691038,51670.5,5614.5,0,1,0,0
300.9,309.4,1724,25.6,119,8.5,4621.743560353112,44134.4,3046.4,0,0,1,0
302.9,311.0,1402,40.7,52,8.100000000000023,5975.455834784954,57061.4,2116.4,0,0,1,0
299.9,311.3,1429,58.2,103,11.400000000000034,8709.31164984084,83167.8,5994.6,0,1,0,0
297.9,307.9,1426,43.6,89,10.0,6510.804166907678,62173.6,3880.4,0,1,0,0
299.7,309.6,1477,42.7,163,9.900000000000034,6604.45504391119,63067.9,6960.1,0,0,1,0
297.4,308.1,1474,39.4,20,10.700000000000045,6081.662610427314,58075.6,788.0,0,1,0,0
301.6,311.0,1431,42.6,158,9.399999999999977,6383.779103947532,60960.6,6730.8,0,1,0,0
299.8,310.6,1423,44.6,116,10.800000000000011,6646.123034473303,63465.8,5173.6,1,0,0,0
303.5,312.4,1606,30.1,98,8.899999999999977,5062.215794337426,48340.600000000006,2949.8,0,0,1,0
297.8,309.4,1226,58.7,129,11.599999999999966,7536.282840892459,71966.2,7572.3,0,0,1,0
302.6,310.5,1450,43.2,68,7.899999999999977,6559.6454606954885,62640.00000000001,2937.6000000000004,0,1,0,0
302.6,310.2,2676,10.8,84,7.599999999999966,3026.484698762263,28900.800000000003,907.2,0,0,1,1
301.3,310.9,1566,33.1,82,9.599999999999966,5428.1066187255165,51834.600000000006,2714.2000000000003,0,1,0,0
302.3,311.5,1674,30.0,12,9.199999999999989,5259.026102109314,50220.0,360.0,0,0,1,0
303.4,312.6,1462,37.5,118,9.200000000000045,5741.260574435348,54825.0,4425.0,0,1,0,0
298.9,310.5,1525,38.5,27,11.600000000000023,6148.358622463024,58712.5,1039.5,0,0,1,0
300.3,310.2,1442,39.5,4,9.899999999999977,5964.732531860701,56959.0,158.0,0,0,1,0
298.5,310.0,1435,42.5,25,11.5,6386.596065360251,60987.5,1062.5,0,1,0,0
303.7,313.0,1303,54.4,2,9.300000000000011,7422.871346097867,70883.2,108.8,0,0,1,0
302.0,310.5,1635,39.8,99,8.5,6814.4286249016195,65072.99999999999,3940.2,0,1,0,0
300.9,312.0,1493,38.7,217,11.100000000000023,6050.613203034335,57779.100000000006,8397.900000000001,0,1,0,0
300.8,312.1,1505,41.3,173,11.300000000000011,6509.013459095132,62156.49999999999,7144.9,0,1,0,0
298.7,309.5,1500,38.8,116,10.800000000000011,6094.689747964198,58199.99999999999,4500.799999999999,0,0,1,0
304.0,313.1,1450,42.8,101,9.100000000000023,6498.908002726085,62059.99999999999,4322.799999999999,0,0,1,0
297.6,309.0,1427,45.6,179,11.399999999999977,6814.240129342405,65071.200000000004,8162.400000000001,0,0,1,0
301.5,310.8,1512,38.9,9,9.300000000000011,6159.2808929220055,58816.799999999996,350.09999999999997,0,1,0,0
301.2,310.9,1424,45.2,68,9.699999999999989,6740.266094325879,64364.8,3073.6000000000004,0,0,1,0
298.8,310.5,1464,46.4,207,11.699999999999989,7113.5710773764395,67929.59999999999,9604.8,0,1,0,0
297.2,308.0,1705,26.0,200,10.800000000000011,4642.226744454518,44330.0,5200.0,0,1,0,0
299.2,308.9,1342,50.8,195,9.699999999999989,7139.122697625637,68173.59999999999,9906.0,0,1,0,0
300.4,309.3,1525,39.6,202,8.900000000000034,6324.026011676254,60390.0,7999.200000000001,0,1,0,0
300.8,310.3,1270,61.0,54,9.5,8112.639429120041,77470.0,3294.0,0,0,1,0
300.7,309.6,1810,26.0,195,8.900000000000034,4928.111675931189,47060.0,5070.0,0,1,0,0
299.6,310.7,1922,23.3,205,11.099999999999966,4689.622905621676,44782.6,4776.5,0,1,0,1
300.4,309.6,1386,56.9,170,9.200000000000045,8258.555935903776,78863.4,9673.0,0,1,0,0
299.5,309.4,1387,56.2,32,9.899999999999977,8162.842079724407,77949.40000000001,1798.4,0,0,1,0
297.5,308.4,1604,38.1,106,10.899999999999977,6399.675562774695,61112.4,4038.6000000000004,0,1,0,0
298.6,309.9,1517,34.0,215,11.299999999999955,5401.235529561812,51578.0,7310.0,0,0,1,0
301.8,311.0,1393,49.5,168,9.199999999999989,7220.793634643461,68953.5,8316.0,0,0,1,0
298.9,308.2,1328,49.2,11,9.300000000000011,6842.137472106284,65337.600000000006,541.2,0,0,1,0
303.7,312.8,1543,38.3,61,9.100000000000023,6188.61289633102,59096.899999999994,2336.2999999999997,0,1,0,0
303.9,313.0,1408,47.5,76,9.100000000000023,7003.657222402844,66880.0,3610.0,0,1,0,0
302.5,310.4,1580,35.6,176,7.899999999999977,5890.276785970623,56248.0,6265.6,0,0,1,0
299.8,309.3,1386,49.4,116,9.5,7169.994081434913,68468.4,5730.4,0,1,0,0
303.3,311.8,1583,33.3,72,8.5,5520.186699402233,52713.899999999994,2397.6,0,0,1,0
302.3,311.2,1297,62.5,109,8.899999999999977,8488.845149387422,81062.5,6812.5,0,1,0,0
300.1,309.4,1858,23.6,26,9.299999999999955,4591.835598290937,43848.8,613.6,0,1,0,0
302.3,311.6,1665,34.3,139,9.300000000000011,5980.4928550062095,57109.49999999999,4767.7,0,1,0,0
298.0,307.8,1453,37.7,119,9.800000000000011,5736.349217920235,54778.100000000006,4486.3,0,1,0,0
298.0,308.9,1508,37.1,92,10.899999999999977,5858.735195728581,55946.8,3413.2000000000003,0,1,0,0
297.1,308.5,1323,44.4,207,11.399999999999977,6151.3640794349585,58741.2,9190.8,0,1,0,1
301.5,310.9,1600,39.0,160,9.399999999999977,6534.51271946677,62400.0,6240.0,0,1,0,0
299.8,310.0,1361,53.8,167,10.199999999999989,7667.768965420704,73221.8,8984.6,0,1,0,0
303.3,312.5,1674,32.7,76,9.199999999999989,5732.338451299152,54739.8,2485.2000000000003,0,0,1,0
298.5,308.0,1404,48.1,32,9.5,7071.976390642912,67532.40000000001,1539.2,0,1,0,0
298.1,308.9,2136,15.9,78,10.799999999999955,3556.5342112759326,33962.4,1240.2,0,1,0,0
300.3,310.3,1362,60.3,206,10.0,8600.486880320488,82128.59999999999,12421.8,0,1,0,1
301.0,310.4,1476,43.6,173,9.399999999999977,6739.093233068537,64353.6,7542.8,0,1,0,0
302.8,312.3,1366,49.1,221,9.5,7023.616807728654,67070.6,10851.1,0,1,0,0
298.6,309.1,1487,43.2,206,10.5,6727.029517278753,64238.4,8899.2,0,0,1,0
297.1,308.4,1304,53.5,153,11.299999999999955,7305.668996167945,69764.0,8185.5,0,1,0,0
300.5,310.5,1515,36.6,54,10.0,5806.605701630015,55449.0,1976.4,0,1,0,0
298.5,309.2,1449,46.4,83,10.699999999999989,7040.686127813158,67233.59999999999,3851.2,0,0,1,0
302.9,311.2,1634,36.9,71,8.300000000000011,6314.035747037838,60294.6,2619.9,0,1,0,0
303.1,312.4,1407,41.2,107,9.299999999999955,6070.436652678485,57968.4,4408.400000000001,0,1,0,0
303.4,312.7,1589,34.0,116,9.300000000000011,5657.58949009474,54026.0,3944.0,0,1,0,0
297.8,307.8,1573,37.9,33,10.0,6243.046225042221,59616.7,1250.7,0,1,0,0
297.5,308.7,1454,45.0,19,11.199999999999989,6851.813577479339,65430.0,855.0,0,1,0,0
300.8,310.2,1514,40.0,155,9.399999999999977,6341.828370046595,60560.0,6200.0,0,1,0,0
297.7,309.0,1874,24.4,28,11.300000000000011,4788.373634699515,45725.6,683.1999999999999,0,1,0,0
303.2,312.4,1663,33.7,71,9.199999999999989,5868.819708146605,56043.100000000006,2392.7000000000003,0,1,0,0
297.7,309.2,1365,58.6,170,11.5,8376.428492266465,79989.0,9962.0,0,1,0,0
297.1,308.1,1754,30.3,206,11.0,5565.457049540462,53146.200000000004,6241.8,0,1,0,0
301.1,311.6,1488,43.4,5,10.5,6762.718009823532,64579.2,217.0,0,1,0,0
298.1,308.3,1331,63.0,13,10.199999999999989,8781.065626048829,83853.0,819.0,0,1,0,0
296.9,307.8,1544,40.3,150,10.900000000000034,6515.998266761613,62223.2,6045.0,0,0,1,0
299.1,310.6,1397,49.5,165,11.5,7241.528146157152,69151.5,8167.5,0,0,1,0
301.0,311.5,1559,31.8,195,10.5,5191.607523763277,49576.200000000004,6201.0,0,1,0,0
297.4,308.6,1439,51.9,188,11.200000000000045,7820.9006633321815,74684.09999999999,9757.199999999999,0,1,0,0
302.1,311.5,1635,31.6,23,9.399999999999977,5410.450868012342,51666.0,726.8000000000001,0,0,1,0
300.0,310.2,1486,36.4,66,10.199999999999989,5664.333442324444,54090.4,2402.4,0,1,0,0
298.0,307.7,1435,45.6,184,9.699999999999989,6852.4418960100575,65436.0,8390.4,0,1,0,0
302.3,310.7,1402,50.9,157,8.399999999999977,7472.990220898137,71361.8,7991.3,0,1,0,0
301.4,311.1,1445,41.4,144,9.700000000000045,6264.649910523406,59823.0,5961.599999999999,1,0,0,0
300.0,311.3,1629,32.1,55,11.300000000000011,5475.890242986617,52290.9,1765.5,0,0,1,0
300.6,310.6,1403,50.4,64,10.0,7404.859548217285,70711.2,3225.6,0,0,1,0
297.6,308.5,1552,40.9,90,10.899999999999977,6647.274951779618,63476.799999999996,3681.0,0,0,1,0
297.4,309.0,1324,56.9,173,11.600000000000023,7889.12558379264,75335.59999999999,9843.699999999999,0,1,0,0
302.5,311.4,1636,35.0,157,8.899999999999977,5996.253178151718,57260.0,5495.0,0,0,1,0
300.0,310.2,1393,51.2,190,10.199999999999989,7468.780486742327,71321.6,9728.0,0,0,1,0
301.7,310.8,1594,32.4,204,9.100000000000023,5408.314585007901,51645.6,6609.599999999999,0,0,1,0
297.1,308.4,1502,37.3,181,11.299999999999955,5866.882392676889,56024.6,6751.299999999999,0,0,1,0
300.5,309.5,1379,55.6,2,9.0,8029.114952436602,76672.40000000001,111.2,0,1,0,0
303.7,313.1,1683,28.4,46,9.400000000000034,5005.311079405402,47797.2,1306.3999999999999,0,1,0,0
299.7,310.5,1490,41.2,126,10.800000000000011,6428.536327285675,61388.00000000001,5191.200000000001,0,0,1,0
298.7,309.9,1651,29.5,42,11.199999999999989,5100.323313225469,48704.5,1239.0,0,1,0,0
302.4,311.0,1580,36.5,64,8.600000000000023,6039.188277750779,57670.0,2336.0,0,0,1,0
297.8,307.3,1555,35.8,190,9.5,5829.644047756339,55668.99999999999,6801.999999999999,1,0,0,0
300.7,311.0,1596,36.9,174,10.300000000000011,6167.1977064090515,58892.399999999994,6420.599999999999,0,1,0,0
298.8,309.8,1510,44.2,35,11.0,6989.205896196332,66742.0,1547.0,1,0,0,0
299.1,310.1,1367,45.6,44,11.0,6527.726879335016,62335.200000000004,2006.4,0,1,0,0
297.5,308.5,1375,55.6,128,11.0,8005.825278897988,76450.0,7116.8,0,1,0,0
302.5,310.5,1918,21.6,131,8.0,4338.413790901361,41428.8,2829.6000000000004,0,0,1,0
297.1,308.4,1693,29.5,100,11.299999999999955,5230.071089818727,49943.5,2950.0,0,1,0,0
301.8,310.9,1358,52.3,56,9.099999999999966,7437.553055765644,71023.4,2928.7999999999997,0,0,1,0
302.4,310.4,1865,23.9,129,8.0,4667.726004826154,44573.5,3083.1,0,1,0,0
304.1,313.2,1590,43.4,52,9.099999999999966,7226.291421787241,69006.0,2256.7999999999997,1,0,0,0
299.9,309.5,1451,39.4,18,9.600000000000023,5986.765568337877,57169.4,709.1999999999999,0,1,0,0
302.5,311.5,1358,52.7,139,9.0,7494.436826746643,71566.6,7325.3,0,0,1,0
298.1,308.9,1335,50.4,110,10.799999999999955,7045.964003471188,67284.0,5544.0,0,0,1,0
298.8,310.5,1294,55.8,202,11.699999999999989,7561.310862366057,72205.2,11271.599999999999,1,0,0,0
300.5,311.1,1296,61.3,202,10.600000000000023,8319.440001530345,79444.8,12382.599999999999,0,0,1,1
302.5,312.0,1436,43.5,184,9.5,6541.424223304667,62466.0,8004.0,0,0,1,0
300.6,310.3,1794,24.4,211,9.699999999999989,4583.960672705938,43773.6,5148.4,0,1,0,0
303.6,311.9,1617,36.0,95,8.299999999999955,6095.946385025634,58212.0,3420.0,0,0,1,0
302.8,311.1,1456,36.1,89,8.300000000000011,5504.237880697509,52561.6,3212.9,0,1,0,0
300.5,309.8,1939,21.4,164,9.300000000000011,4345.304350788235,41494.6,3509.6,0,1,0,0
299.9,311.3,1535,38.1,160,11.400000000000034,6124.377798540622,58483.5,6096.0,0,1,0,0
296.4,307.3,1540,37.4,75,10.900000000000034,6031.439015871924,57596.0,2805.0,1,0,0,0
297.3,308.3,1590,35.5,59,11.0,5910.906577729195,56445.0,2094.5,0,1,0,0
300.6,309.4,1691,28.0,36,8.799999999999955,4958.270965405652,47348.0,1008.0,1,0,0,0
297.6,308.6,1744,28.5,42,11.0,5204.990708467569,49704.0,1197.0,0,1,0,0
299.4,309.3,1743,28.2,0,9.900000000000034,5147.248235494589,49152.6,0.0,1,0,0,0
300.2,311.7,1493,48.3,167,11.5,7551.540509213394,72111.9,8066.099999999999,0,1,0,0
302.6,312.3,1512,34.2,44,9.699999999999989,5415.100425139655,51710.4,1504.8000000000002,0,1,0,0
297.5,308.5,1496,42.2,22,11.0,6611.083804410266,63131.200000000004,928.4000000000001,0,0,1,0
296.9,307.8,1557,38.1,135,10.900000000000034,6212.153897281921,59321.700000000004,5143.5,0,1,0,0
303.2,311.4,1349,51.1,9,8.199999999999989,7218.741127443114,68933.90000000001,459.90000000000003,0,1,0,1
301.2,310.0,1625,31.6,173,8.800000000000011,5377.359425394529,51350.0,5466.8,0,0,1,0
300.2,309.7,1413,43.0,137,9.5,6362.667601315408,60759.0,5891.0,0,0,1,0
300.3,311.6,1339,53.4,123,11.300000000000011,7487.734762418985,71502.59999999999,6568.2,1,0,0,0
301.9,311.0,1672,29.9,13,9.100000000000023,5235.233773746128,49992.799999999996,388.7,1,0,0,0
297.5,308.3,1622,37.2,103,10.800000000000011,6318.6224723120795,60338.4,3831.6000000000004,0,0,1,0
302.3,310.7,1559,33.9,119,8.399999999999977,5534.449530049531,52850.1,4034.1,0,0,1,0
300.5,309.3,1465,46.0,89,8.800000000000011,7057.064297513872,67390.0,4094.0,0,1,0,0
301.8,309.6,1436,49.0,214,7.800000000000011,7368.50084923974,70364.0,10486.0,0,0,1,0
301.7,310.6,1513,41.1,64,8.900000000000034,6511.924668287459,62184.3,2630.4,0,1,0,0
301.2,309.9,1456,50.8,15,8.699999999999989,7745.575743474611,73964.8,762.0,0,0,1,0
298.9,308.7,1438,51.7,64,9.800000000000011,7785.348306469058,74344.6,3308.8,0,1,0,0
301.3,310.0,1593,30.8,210,8.699999999999989,5138.011953093035,49064.4,6468.0,0,0,1,0
300.9,310.8,1571,39.9,51,9.900000000000034,6564.137938190121,62682.899999999994,2034.8999999999999,0,1,0,0
302.2,311.7,1653,31.4,2,9.5,5435.395113681844,51904.2,62.8,0,0,1,0
297.4,308.6,1446,48.1,88,11.200000000000045,7283.531239935649,69552.6,4232.8,0,1,0,0
297.4,308.6,1657,33.1,156,11.200000000000045,5743.532993121444,54846.700000000004,5163.6,0,0,1,0
302.8,310.6,2016,19.9,199,7.800000000000011,4201.189023792558,40118.399999999994,3960.1,0,1,0,0
298.8,310.2,1504,41.0,51,11.399999999999977,6457.438979698701,61664.0,2091.0,0,1,0,0
298.5,309.4,2011,21.0,59,10.899999999999977,4422.419978458352,42231.0,1239.0,1,0,0,0
299.0,308.6,1734,32.4,161,9.600000000000023,5883.323394230677,56181.6,5216.4,0,1,0,0
302.6,310.5,1748,28.2,2,7.899999999999977,5162.013720966461,49293.6,56.4,0,1,0,0
302.9,312.2,1367,55.1,50,9.300000000000011,7887.6699791964775,75321.7,2755.0,0,1,0,0
298.1,307.9,1377,55.1,42,9.799999999999955,7945.37056426741,75872.7,2314.2000000000003,0,0,1,0
298.1,307.9,1303,53.9,52,9.799999999999955,7354.646425637408,70231.7,2802.7999999999997,0,0,1,0
298.4,308.5,1490,37.9,110,10.100000000000023,5913.6292913623065,56471.0,4169.0,0,1,0,0
303.3,311.4,1510,37.3,36,8.099999999999966,5898.130767604596,56322.99999999999,1342.8,0,1,0,0
302.4,311.2,1506,40.8,204,8.800000000000011,6434.4844093764705,61444.799999999996,8323.199999999999,1,0,0,0
299.0,310.2,1432,42.2,87,11.199999999999989,6328.256689783088,60430.4,3671.4,0,1,0,0
295.9,306.7,1547,40.9,107,10.800000000000011,6625.859761857649,63272.299999999996,4376.3,0,1,0,0
297.5,309.3,1459,49.7,201,11.800000000000011,7593.470299163306,72512.3,9989.7,1,0,0,0
297.3,308.3,1519,37.7,45,11.0,5996.912912608973,57266.3,1696.5000000000002,0,1,0,0
301.3,310.4,2093,18.7,190,9.099999999999966,4098.636967603876,39139.1,3553.0,0,0,1,0
297.3,308.1,1763,28.4,54,10.800000000000011,5243.234363037269,50069.2,1533.6,0,1,0,0
299.1,308.8,1502,38.3,88,9.699999999999989,6024.171464866618,57526.6,3370.3999999999996,0,1,0,0
303.3,312.6,1623,34.6,102,9.300000000000011,5880.621624548589,56155.8,3529.2000000000003,0,1,0,0
301.5,310.5,1644,34.9,186,9.0,6008.358781843551,57375.6,6491.4,0,1,0,0
298.1,307.9,1665,32.0,7,9.799999999999955,5579.468552775473,53280.0,224.0,0,1,0,0
298.1,307.8,1761,28.2,76,9.699999999999989,5200.403983193328,49660.2,2143.2,0,1,0,0
303.4,312.3,1769,27.9,40,8.900000000000034,5168.453985906319,49355.1,1116.0,1,0,0,0
300.3,309.6,1468,44.7,179,9.300000000000011,6871.668443050027,65619.6,8001.3,0,1,0,0
297.1,308.4,1488,42.5,146,11.299999999999955,6622.477313767284,63240.0,6205.0,0,1,0,0
299.4,308.9,1583,34.1,176,9.5,5652.803797285771,53980.3,6001.6,0,1,0,0
302.1,310.6,1421,52.0,95,8.5,7737.9521453019,73892.0,4940.0,0,0,1,0
300.6,310.4,1457,47.7,120,9.799999999999955,7277.9077890857225,69498.90000000001,5724.0,0,1,0,0
299.5,310.8,1283,52.4,112,11.300000000000011,7040.225360890631,67229.2,5868.8,0,1,0,0
299.6,310.8,1507,42.4,108,11.199999999999989,6691.257248929877,63896.799999999996,4579.2,0,1,0,0
299.4,309.2,1556,35.7,75,9.800000000000011,5817.098621093005,55549.200000000004,2677.5,0,1,0,0
300.5,309.7,1560,30.2,139,9.199999999999989,4933.5571031974105,47112.0,4197.8,0,1,0,0
300.5,310.0,1495,47.4,184,9.5,7420.75600704445,70863.0,8721.6,1,0,0,0
300.5,311.6,1577,36.5,4,11.100000000000023,6027.721464565177,57560.5,146.0,0,0,1,0
302.5,311.5,1493,35.1,131,9.0,5487.765463217187,52404.3,4598.1,0,1,0,0
299.3,309.2,1586,37.9,129,9.899999999999977,6294.641648389676,60109.399999999994,4889.099999999999,0,0,1,0
304.0,313.1,1472,45.5,166,9.100000000000023,7013.710318894332,66976.0,7553.0,1,0,0,0
303.7,312.2,1619,34.9,92,8.5,5916.990795501648,56503.1,3210.7999999999997,0,1,0,0
302.2,310.8,1408,46.8,49,8.600000000000023,6900.445431756907,65894.4,2293.2,0,0,1,0
302.6,310.5,1596,32.8,193,7.899999999999977,5481.953516808046,52348.799999999996,6330.4,0,1,0,0
304.1,313.3,1480,38.4,72,9.199999999999989,5951.433122960504,56832.0,2764.7999999999997,0,0,1,0
297.4,308.4,1675,29.5,59,11.0,5174.464899850189,49412.5,1740.5,0,0,1,0
297.9,307.7,1517,44.4,67,9.800000000000011,7053.37816213366,67354.8,2974.7999999999997,0,1,0,0
300.3,311.9,1677,30.8,48,11.599999999999966,5408.942903538619,51651.6,1478.4,0,0,1,0
300.7,310.7,1442,43.2,49,10.0,6523.454313326134,62294.4,2116.8,0,1,0,0
298.0,307.6,1450,48.7,138,9.600000000000023,7394.785507774775,70615.0,6720.6,0,1,0,0
296.7,307.9,1690,29.6,119,11.199999999999989,5238.501030105861,50024.0,3522.4,0,1,0,0
299.0,308.9,1622,31.9,42,9.899999999999977,5418.388625450411,51741.799999999996,1339.8,0,1,0,0
300.0,309.0,1709,32.1,79,9.0,5744.810574133904,54858.9,2535.9,0,1,0,0
297.8,308.4,1612,32.1,183,10.599999999999966,5418.744672617819,51745.200000000004,5874.3,0,1,0,0
300.2,310.1,1523,42.3,25,9.900000000000034,6746.35031209833,64422.899999999994,1057.5,0,1,0,0
302.2,311.4,1609,32.1,41,9.199999999999989,5408.6601601997945,51648.9,1316.1000000000001,0,1,0,0
297.3,308.3,1396,45.9,64,11.0,6710.064916949367,64076.4,2937.6,0,1,0,0
297.9,309.0,1450,46.8,118,11.100000000000023,7106.282582420112,67860.0,5522.4,0,1,0,0
301.7,310.7,1627,31.3,78,9.0,5332.864001444186,50925.1,2441.4,0,0,1,0
297.4,309.2,1437,40.4,117,11.800000000000011,6079.484439520825,58054.799999999996,4726.8,0,1,0,0
300.9,310.7,1420,43.0,133,9.800000000000011,6394.188247606425,61060.0,5719.0,0,0,1,0
303.6,311.8,1222,66.8,148,8.199999999999989,8548.231722515779,81629.59999999999,9886.4,0,1,0,1
297.6,309.2,1611,33.1,155,11.599999999999966,5584.08669397625,53324.100000000006,5130.5,0,1,0,0
297.5,308.6,1671,29.4,136,11.100000000000023,5144.609297665574,49127.399999999994,3998.3999999999996,0,1,0,0
301.0,310.4,1512,44.9,86,9.399999999999977,7109.298511367559,67888.8,3861.4,1,0,0,0
302.7,312.1,1378,46.9,176,9.400000000000034,6767.849277824395,64628.2,8254.4,0,0,1,0
303.8,312.8,1503,40.0,154,9.0,6295.751677793945,60120.0,6160.0,0,1,0,0
303.9,313.2,1350,47.2,2,9.300000000000011,6672.742796224721,63720.00000000001,94.4,0,0,1,0
302.5,311.1,1499,38.8,135,8.600000000000023,6090.626621465555,58161.2,5238.0,0,1,0,0
300.6,311.7,1500,36.7,17,11.099999999999966,5764.822519337271,55050.00000000001,623.9000000000001,1,0,0,0
302.0,310.5,1651,30.9,146,8.5,5342.372555209051,51015.899999999994,4511.4,0,1,0,0
298.1,308.2,1485,40.7,57,10.099999999999966,6329.209639554678,60439.50000000001,2319.9,0,1,0,0
303.3,312.1,1693,30.0,80,8.800000000000011,5318.71636252752,50790.0,2400.0,0,0,1,0
302.4,311.1,1366,54.4,0,8.700000000000045,7781.7668908439655,74310.4,0.0,0,0,1,0
302.9,312.2,1513,37.8,92,9.300000000000011,5989.069402950509,57191.399999999994,3477.6,0,1,0,0
300.7,310.4,1234,51.7,160,9.699999999999989,6680.88999317303,63797.8,8272.0,0,1,0,0
298.3,308.0,1637,30.8,2,9.699999999999989,5279.928165231197,50419.6,61.6,1,0,0,0
302.0,310.4,1448,43.4,167,8.399999999999977,6580.924514935803,62843.2,7247.8,0,1,0,0
297.5,308.6,1585,37.6,2,11.100000000000023,6240.878526111243,59596.0,75.2,0,1,0,0
300.8,311.7,1490,46.4,217,10.899999999999977,7239.904989952798,69136.0,10068.8,0,1,0,0
301.9,310.4,1884,23.4,163,8.5,4616.6332363032725,44085.6,3814.2,0,1,0,0
303.5,311.5,1629,33.5,73,8.0,5714.714116512512,54571.5,2445.5,1,0,0,0
297.4,308.6,1532,38.7,136,11.200000000000045,6208.666729436437,59288.4,5263.200000000001,0,1,0,0
298.9,310.1,1587,30.2,162,11.200000000000045,5018.945591521981,47927.4,4892.4,0,1,0,0
298.4,308.7,1584,31.7,117,10.300000000000011,5258.272119872452,50212.799999999996,3708.9,0,0,1,0
300.0,309.2,1444,43.6,123,9.199999999999989,6592.988230725587,62958.4,5362.8,0,1,0,0
297.9,309.2,1577,34.7,5,11.300000000000011,5730.463967682511,54721.9,173.5,1,0,0,0
300.4,310.1,1614,33.5,191,9.700000000000045,5662.092439564884,54069.0,6398.5,0,1,0,0
300.6,309.4,1555,37.9,24,8.799999999999955,6171.606408099588,58934.5,909.5999999999999,1,0,0,0
298.5,309.6,1509,47.3,2,11.100000000000023,7474.445825494299,71375.7,94.6,0,0,1,0
298.9,310.0,1452,48.9,185,11.100000000000023,7435.3958288101785,71002.8,9046.5,0,1,0,0
297.5,308.5,1662,30.3,26,11.0,5273.540260168898,50358.6,787.8000000000001,0,0,1,0
301.7,311.0,1311,55.8,39,9.300000000000011,7660.648022072566,73153.8,2176.2,0,0,1,0
300.8,311.2,1434,39.1,82,10.399999999999977,5871.573837706252,56069.4,3206.2000000000003,0,0,1,0
300.0,309.6,1629,32.3,89,9.600000000000023,5510.007939204601,52616.7,2874.7,1,0,0,0
300.5,311.6,1456,51.1,193,11.100000000000023,7791.317332510879,74401.6,9862.300000000001,0,0,1,0
298.2,307.8,1388,48.6,76,9.600000000000023,7064.059577155866,67456.8,3693.6,0,1,0,0
297.5,308.6,1596,36.0,141,11.100000000000023,6016.778250155172,57456.0,5076.0,0,1,0,0
301.1,310.8,1724,27.5,101,9.699999999999989,4964.7635902230695,47410.0,2777.5,0,1,0,0
300.4,311.8,1553,33.1,209,11.400000000000034,5383.045708097527,51404.3,6917.900000000001,0,0,1,1
300.6,310.5,1454,51.2,58,9.899999999999977,7795.8412259320485,74444.8,2969.6000000000004,1,0,0,0
298.3,309.9,1463,43.9,116,11.599999999999966,6725.6995763887335,64225.7,5092.4,0,1,0,0
298.5,308.0,1363,49.2,149,9.5,7022.464890422337,67059.6,7330.8,0,0,1,0
301.8,311.0,1771,27.2,162,9.199999999999989,5044.476267820155,48171.2,4406.4,0,1,0,0
301.9,311.0,1642,33.1,126,9.100000000000023,5691.539634704532,54350.200000000004,4170.6,0,1,0,0
297.6,308.7,1475,46.6,54,11.099999999999966,7197.912368149815,68735.0,2516.4,0,0,1,0
301.5,310.9,1318,50.6,11,9.399999999999977,6983.844244734205,66690.8,556.6,0,1,0,0
300.4,310.8,1396,49.3,142,10.400000000000034,7207.10676264932,68822.8,7000.599999999999,0,1,0,0
300.4,311.2,1673,28.9,171,10.800000000000011,5063.1687441090135,48349.7,4941.9,0,1,0,0
299.0,310.2,1533,43.5,159,11.199999999999989,6983.289230032071,66685.5,6916.5,0,1,0,0
298.7,309.8,1570,42.1,200,11.100000000000023,6921.661654144153,66097.0,8420.0,0,0,1,0
303.3,311.3,1592,33.7,14,8.0,5618.256750071795,53650.4,471.80000000000007,0,1,0,0
299.7,310.8,1589,36.0,190,11.100000000000023,5990.388871865018,57204.0,6840.0,0,1,0,0
303.8,312.6,1527,41.9,159,8.800000000000011,6700.106068237486,63981.299999999996,6662.099999999999,0,0,1,0
297.9,307.7,1593,34.9,83,9.800000000000011,5821.968089706068,55595.7,2896.7,0,1,0,0
299.2,308.4,1388,53.2,59,9.199999999999989,7732.67426964387,73841.6,3138.8,1,0,0,0
302.6,310.5,1420,56.4,57,7.899999999999977,8386.79574802331,80088.0,3214.7999999999997,0,0,1,0
302.2,311.6,1545,35.9,152,9.400000000000034,5808.333577589489,55465.5,5456.8,0,1,0,0
300.0,309.1,1465,40.6,9,9.100000000000023,6228.626314762244,59479.0,365.40000000000003,0,1,0,0
298.7,309.8,1582,33.4,121,11.100000000000023,5533.2661968166785,52838.799999999996,4041.3999999999996,1,0,0,0
298.8,309.8,1534,37.0,47,11.0,5943.683861081649,56758.0,1739.0,0,0,1,0
302.2,311.0,1476,47.4,161,8.800000000000011,7326.445395583684,69962.4,7631.4,0,0,1,0
299.1,310.3,1619,31.1,242,11.199999999999989,5272.733918054478,50350.9,7526.200000000001,0,1,0,0
298.0,309.0,1393,55.9,79,11.0,8154.3911954862515,77868.7,4416.099999999999,0,0,1,0
300.9,310.9,1601,34.0,181,10.0,5700.31515018356,54434.0,6154.0,0,1,0,0
299.9,309.8,1716,28.2,117,9.900000000000034,5067.5146139464805,48391.2,3299.4,0,1,0,0
303.5,312.6,1602,34.2,108,9.100000000000023,5737.4278313979685,54788.4,3693.6000000000004,0,1,0,0
298.5,308.8,1670,29.6,13,10.300000000000011,5176.506935075022,49432.0,384.8,0,1,0,0
299.6,308.9,1685,27.8,161,9.299999999999955,4905.387489070224,46843.0,4475.8,0,0,1,0
297.9,309.1,1435,44.7,8,11.200000000000045,6717.196332273017,64144.50000000001,357.6,1,0,0,0
302.2,311.2,1928,23.1,2,9.0,4663.882789813264,44536.8,46.2,0,1,0,0
300.4,311.4,1662,29.3,129,11.0,5099.496027160024,48696.6,3779.7000000000003,0,1,0,0
298.9,308.2,1828,23.8,26,9.300000000000011,4555.979554137966,43506.4,618.8000000000001,0,1,0,0
299.1,310.4,1657,31.0,129,11.299999999999955,5379.139661231564,51367.0,3999.0,0,1,0,0
302.5,310.2,1586,32.2,64,7.699999999999989,5347.954118156929,51069.200000000004,2060.8,0,1,0,0
300.0,309.3,2293,16.3,170,9.300000000000011,3913.995095376892,37375.9,2771.0,0,0,1,0
297.2,308.7,1501,38.5,86,11.5,6051.59756873246,57788.5,3311.0,0,1,0,0
302.6,311.6,1638,29.6,160,9.0,5077.316383025681,48484.8,4736.0,0,1,0,0
300.0,311.4,1791,24.1,213,11.399999999999977,4520.029262205387,43163.100000000006,5133.3,0,0,1,0
300.4,310.8,1491,35.9,148,10.400000000000034,5605.3238603145155,53526.9,5313.2,0,0,1,0
298.5,309.6,1585,32.2,89,11.100000000000023,5344.582142042076,51037.00000000001,2865.8,0,1,0,0
298.8,309.8,1477,46.7,59,11.0,7223.13935715814,68975.90000000001,2755.3,0,0,1,0
300.5,309.5,1795,27.7,117,9.0,5206.823304182163,49721.5,3240.9,0,1,0,0
298.0,308.5,1585,33.0,24,10.5,5477.366791533804,52305.0,792.0,0,0,1,0
297.2,308.6,1774,23.0,30,11.400000000000034,4272.775448392358,40802.0,690.0,0,1,0,0
300.2,311.4,1425,44.2,84,11.199999999999989,6595.77377621177,62985.00000000001,3712.8,0,1,0,0
300.8,310.7,1525,39.4,175,9.899999999999977,6292.086486364758,60085.0,6895.0,0,1,0,0
302.6,312.1,1439,52.3,35,9.5,7881.177354379057,75259.7,1830.5,0,1,0,0
301.7,310.6,1876,22.1,99,8.900000000000034,4341.639159359046,41459.600000000006,2187.9,0,0,1,0
300.1,309.6,1463,45.1,113,9.5,6909.545578476808,65981.3,5096.3,1,0,0,0
300.7,309.6,1390,48.5,7,8.900000000000034,7059.682291391863,67415.0,339.5,1,0,0,0
300.7,312.3,1898,24.0,60,11.600000000000023,4770.194285210741,45552.0,1440.0,0,1,0,0
297.8,308.4,1550,38.2,185,10.599999999999966,6200.456700635056,59210.00000000001,7067.000000000001,1,0,0,0
301.8,311.0,1606,33.3,4,9.199999999999989,5600.391559848381,53479.799999999996,133.2,0,1,0,0
300.6,310.8,1389,48.1,88,10.199999999999989,6996.421087324076,66810.90000000001,4232.8,0,0,1,0
297.0,307.9,1414,46.2,165,10.899999999999977,6841.0064987509895,65326.8,7623.000000000001,0,0,1,0
297.5,308.7,1697,28.1,107,11.199999999999989,4993.634826709561,47685.700000000004,3006.7000000000003,0,0,1,0
297.4,308.2,1402,49.7,41,10.800000000000011,7296.809704884822,69679.40000000001,2037.7,0,1,0,0
300.7,310.5,1960,21.0,194,9.800000000000011,4310.265120725196,41160.0,4074.0,0,1,0,0
303.0,311.2,1614,35.7,207,8.199999999999989,6033.931346043773,57619.8,7389.900000000001,0,0,1,0
301.4,310.5,1495,52.5,201,9.100000000000023,8219.191779954295,78487.5,10552.5,0,0,1,0
300.1,311.4,1484,43.1,13,11.299999999999955,6697.917425355487,63960.4,560.3000000000001,0,1,0,0
302.5,310.3,1446,44.0,146,7.800000000000011,6662.689699733233,63624.0,6424.0,0,1,0,0
297.3,309.0,1556,39.5,168,11.699999999999989,6436.2855891645295,61462.0,6636.0,0,0,1,0
299.7,308.9,1551,35.4,82,9.199999999999989,5749.680042746968,54905.399999999994,2902.7999999999997,0,0,1,0
301.3,310.6,1560,36.8,113,9.300000000000011,6011.7517019094275,57407.99999999999,4158.4,0,1,0,0
301.9,309.6,1439,41.7,201,7.7000000000000455,6283.84504163684,60006.3,8381.7,0,0,1,0
302.3,311.3,1625,33.1,137,9.0,5632.6138284987,53787.5,4534.7,0,0,1,0
302.7,310.4,1305,55.2,20,7.699999999999989,7543.592279799811,72036.0,1104.0,1,0,0,1
300.8,312.4,1811,25.1,136,11.599999999999966,4760.151660694767,45456.100000000006,3413.6000000000004,0,0,1,0
298.3,309.1,1404,47.0,15,10.800000000000011,6910.247200836109,65988.0,705.0,0,0,1,0
297.7,308.8,1350,57.0,105,11.100000000000023,8058.185156457819,76950.0,5985.0,0,0,1,0
300.3,311.8,1413,46.0,182,11.5,6806.574643267646,64998.0,8372.0,0,1,0,0
303.3,312.4,1505,38.9,68,9.099999999999966,6130.765703602921,58544.5,2645.2,0,0,1,0
298.1,307.9,1698,33.3,40,9.799999999999955,5921.211001632969,56543.399999999994,1332.0,0,1,0,0
298.0,309.0,1679,32.4,90,11.0,5696.712790607443,54399.6,2916.0,0,1,0,0
300.6,311.7,1427,44.6,87,11.099999999999966,6664.805038786651,63644.200000000004,3880.2000000000003,1,0,0,0
302.4,310.5,1500,36.7,164,8.100000000000023,5764.822519337271,55050.00000000001,6018.8,0,0,1,0
298.2,308.1,1306,58.3,35,9.900000000000034,7973.341210859871,76139.8,2040.5,0,1,0,0
299.6,311.1,1649,33.8,133,11.5,5836.68121530038,55736.2,4495.4,0,0,1,0
297.4,309.2,1428,38.8,26,11.800000000000011,5802.144640061916,55406.399999999994,1008.8,0,1,0,0
302.3,311.1,1338,53.3,63,8.800000000000011,7468.131224260584,71315.4,3357.8999999999996,0,0,1,0
303.8,313.1,1869,25.8,211,9.300000000000011,5049.607535821018,48220.200000000004,5443.8,0,1,0,0
303.9,313.3,1567,35.0,168,9.400000000000034,5743.3549695377405,54845.0,5880.0,0,0,1,0
300.8,310.7,1461,42.8,173,9.899999999999977,6548.210063436421,62530.799999999996,7404.4,0,1,0,0
298.8,309.9,1629,31.9,49,11.099999999999966,5441.772546768631,51965.1,1563.1,0,1,0,0
300.0,309.5,1506,38.8,87,9.5,6119.068506956055,58432.799999999996,3375.6,0,1,0,0
300.1,311.4,1604,35.0,191,11.299999999999955,5878.967052417699,56140.0,6685.0,0,1,0,0
301.3,310.6,1451,47.5,42,9.300000000000011,7217.54732223475,68922.5,1995.0,0,1,0,0
301.8,310.1,2372,13.9,205,8.300000000000011,3452.694102099278,32970.8,2849.5,0,0,1,1
299.0,308.6,1946,22.3,102,9.600000000000023,4544.397549221731,43395.8,2274.6,0,1,0,0
298.9,310.1,1366,62.7,161,11.200000000000045,8969.058530439645,85648.2,10094.7,1,0,0,0
298.0,309.1,1473,44.3,124,11.100000000000023,6833.372428602766,65253.899999999994,5493.2,0,1,0,0
300.4,310.6,1384,48.7,24,10.200000000000045,7058.195270869164,67400.8,1168.8000000000002,0,1,0,0
301.3,311.0,1495,40.8,148,9.699999999999989,6387.4861832787665,60995.99999999999,6038.4,0,0,1,0
297.6,309.3,1464,46.2,218,11.699999999999989,7082.909133077404,67636.8,10071.6,0,0,1,0
303.6,312.4,1436,45.6,9,8.799999999999955,6857.217116843513,65481.6,410.40000000000003,1,0,0,0
301.4,310.8,1543,36.9,97,9.400000000000034,5962.397281321531,56936.7,3579.2999999999997,0,1,0,0
300.1,311.6,1674,29.6,85,11.5,5188.90575408119,49550.4,2516.0,1,0,0,0
302.8,312.4,1523,39.7,239,9.599999999999966,6331.681025775501,60463.100000000006,9488.300000000001,0,1,0,0
301.6,310.8,1664,32.0,58,9.199999999999989,5576.117520611644,53248.0,1856.0,0,0,1,0
298.9,310.1,1510,38.0,52,11.200000000000045,6008.819548766077,57380.0,1976.0,0,1,0,0
298.2,309.0,1341,43.8,171,10.800000000000011,6150.798592757313,58735.799999999996,7489.799999999999,0,1,0,0
297.9,308.9,1393,40.6,45,11.0,5922.509526596455,56555.8,1827.0,0,1,0,0
298.5,309.3,1570,40.1,131,10.800000000000011,6592.8416230684215,62957.0,5253.1,0,1,0,0
301.5,310.5,1412,44.1,184,9.0,6520.815375497119,62269.200000000004,8114.400000000001,0,0,1,0
298.6,309.8,1505,45.7,144,11.199999999999989,7202.46767749752,68778.5,6580.8,0,1,0,0
298.4,309.5,1344,45.3,122,11.100000000000023,6375.6737949012695,60883.2,5526.599999999999,0,0,1,0
297.4,308.1,1348,57.4,66,10.700000000000045,8102.711996334699,77375.2,3788.4,0,1,0,0
298.6,309.8,1430,43.1,80,11.199999999999989,6454.192667289992,61633.0,3448.0,0,0,1,0
302.5,312.1,1454,47.6,37,9.600000000000023,7247.696139733701,69210.40000000001,1761.2,0,0,1,0
300.4,311.3,1639,34.6,24,10.900000000000034,5938.594480982834,56709.4,830.4000000000001,0,1,0,0
298.3,307.9,1502,42.0,103,9.599999999999966,6606.1410319686165,63084.0,4326.0,0,1,0,0
303.3,311.3,1389,53.9,39,8.0,7840.064378519079,74867.09999999999,2102.1,0,1,0,0
299.6,309.2,1713,26.5,167,9.599999999999966,4753.700923779395,45394.5,4425.5,0,1,0,0
299.7,309.4,1445,42.9,55,9.699999999999989,6491.629979745268,61990.5,2359.5,0,1,0,0
297.0,307.7,1502,39.4,126,10.699999999999989,6197.189444275321,59178.799999999996,4964.4,0,1,0,0
298.8,308.5,1490,35.0,29,9.699999999999989,5461.135229490257,52150.0,1015.0,0,1,0,0
302.7,312.1,1564,32.1,188,9.400000000000034,5257.392473929448,50204.4,6034.8,0,0,1,0
299.0,310.0,1486,34.6,91,11.0,5384.229041330379,51415.6,3148.6,0,0,1,0
301.5,310.5,1556,39.1,48,9.0,6371.108013578053,60839.600000000006,1876.8000000000002,0,1,0,0
299.1,308.6,1491,38.5,166,9.5,6011.280463011389,57403.5,6391.0,0,0,1,0
300.7,312.1,1490,43.1,159,11.400000000000034,6724.997954029431,64219.0,6852.900000000001,1,0,0,0
297.0,307.9,1436,47.7,191,10.899999999999977,7173.01001038236,68497.2,9110.7,0,1,0,0
298.8,309.3,1357,47.1,176,10.5,6693.131732546518,63914.700000000004,8289.6,0,1,0,0
297.5,308.2,1327,56.5,189,10.699999999999989,7851.415999974051,74975.5,10678.5,0,1,0,0
298.7,309.0,1843,25.8,130,10.300000000000011,4979.36152408675,47549.4,3354.0,0,0,1,0
302.3,310.9,1710,30.4,218,8.599999999999966,5443.751750140394,51984.0,6627.2,0,0,1,1
302.7,312.4,1433,44.2,17,9.699999999999989,6632.802681622082,63338.600000000006,751.4000000000001,0,1,0,0
300.8,312.4,1825,23.8,127,11.599999999999966,4548.502563622422,43435.0,3022.6,0,1,0,0
301.9,311.1,1380,51.6,184,9.200000000000045,7456.884322560734,71208.0,9494.4,0,0,1,0
300.4,309.7,1740,31.1,113,9.300000000000011,5666.80482854527,54114.0,3514.3,0,1,0,0
298.3,308.0,1361,56.9,81,9.699999999999989,8109.592084246062,77440.9,4608.9,0,1,0,0
300.7,310.6,1654,34.2,89,9.900000000000034,5923.66144390277,56566.8,3043.8,0,1,0,0
299.3,309.0,1425,40.6,123,9.699999999999989,6058.561432447916,57855.0,4993.8,1,0,0,0
303.5,312.3,1593,35.2,29,8.800000000000011,5872.013660677754,56073.600000000006,1020.8000000000001,0,0,1,0
300.5,309.5,1542,38.5,108,9.0,6216.897702188841,59367.0,4158.0,0,1,0,0
297.9,307.7,1364,46.8,89,9.800000000000011,6684.806512014504,63835.2,4165.2,0,0,1,0
296.9,307.8,1828,24.6,91,10.900000000000034,4709.121724024956,44968.8,2238.6,0,0,1,0
299.8,311.2,1706,29.2,148,11.399999999999977,5216.635545236875,49815.2,4321.599999999999,0,0,1,0
297.5,309.2,1426,44.8,24,11.699999999999989,6690.00061186844,63884.799999999996,1075.1999999999998,0,1,0,0
298.3,308.0,1242,62.0,98,9.699999999999989,8063.840023234281,77004.0,6076.0,0,1,0,0
297.8,307.6,1446,51.4,105,9.800000000000011,7783.232967415641,74324.4,5397.0,0,1,0,0
299.6,310.9,1630,29.8,206,11.299999999999955,5086.657385182354,48574.0,6138.8,0,0,1,0
303.7,311.9,1332,52.7,66,8.199999999999989,7350.949818281685,70196.40000000001,3478.2000000000003,1,0,0,1
300.4,309.5,1711,29.2,215,9.100000000000023,5231.924629484345,49961.2,6278.0,0,1,0,0
302.2,310.6,1570,34.6,163,8.400000000000034,5688.586537610159,54322.0,5639.8,0,0,1,0
300.7,311.1,2437,13.8,163,10.400000000000034,3521.78819652723,33630.6,2249.4,0,1,0,0
297.4,308.2,1419,50.0,52,10.800000000000011,7429.866625739861,70950.0,2600.0,0,1,0,0
300.8,311.1,1583,32.1,116,10.300000000000011,5321.261052576928,50814.3,3723.6000000000004,0,0,1,0
300.3,311.8,1607,33.7,199,11.5,5671.192586284783,54155.9,6706.3,0,0,1,0
298.2,308.7,1407,45.1,49,10.5,6645.065364946595,63455.700000000004,2209.9,0,1,0,0
304.0,313.0,1407,42.1,5,9.0,6203.0432785865105,59234.700000000004,210.5,0,1,0,0
299.2,310.5,1329,48.9,30,11.300000000000011,6805.537917691961,64988.1,1467.0,1,0,0,0
301.6,310.7,1429,43.6,176,9.099999999999966,6524.5015108773305,62304.4,7673.6,0,1,0,0
303.8,312.5,1523,47.0,152,8.699999999999989,7495.944791220366,71581.0,7144.0,0,1,0,0
300.8,311.3,1462,41.4,75,10.5,6338.351674176623,60526.799999999996,3105.0,0,1,0,0
303.3,312.2,1457,40.7,48,8.899999999999977,6209.871006620313,59299.9,1953.6000000000001,0,1,0,0
297.6,308.5,1574,37.1,121,10.899999999999977,6115.1519881145805,58395.4,4489.1,0,1,0,0
302.4,311.1,1565,42.8,163,8.700000000000045,7014.3386374250495,66982.0,6976.4,0,1,0,0
298.3,308.5,1539,36.1,168,10.199999999999989,5818.009682962546,55557.9,6064.8,0,1,0,0
297.7,309.1,1563,39.3,56,11.400000000000034,6432.505206004708,61425.899999999994,2200.7999999999997,0,1,0,0
302.0,310.6,1361,46.7,182,8.600000000000023,6655.851499723921,63558.700000000004,8499.4,0,1,0,0
298.5,309.6,1462,45.1,115,11.100000000000023,6904.822717520911,65936.2,5186.5,0,1,0,0
301.0,312.3,1445,36.4,105,11.300000000000011,5508.049679783864,52598.0,3822.0,0,1,0,0
296.9,307.4,1521,37.9,27,10.5,6036.664531652394,57645.9,1023.3,0,0,1,0
297.6,308.8,1683,31.6,79,11.199999999999989,5569.2897925778425,53182.8,2496.4,0,0,1,0
298.9,310.1,1442,48.0,181,11.200000000000045,7248.282570362371,69216.0,8688.0,0,1,0,0
298.6,309.8,1496,37.7,134,11.199999999999989,5906.110412944716,56399.200000000004,5051.8,0,1,0,0
301.4,311.2,1434,47.6,52,9.800000000000011,7148.002932859785,68258.40000000001,2475.2000000000003,0,0,1,0
302.5,311.9,1414,51.6,205,9.399999999999977,7640.604660942663,72962.40000000001,10578.0,0,0,1,0
301.5,310.4,1543,34.0,55,8.899999999999977,5493.807793087591,52462.0,1870.0,0,1,0,0
303.8,312.5,2344,15.2,146,8.699999999999989,3731.0392112073337,35628.799999999996,2219.2,0,0,1,0
300.4,310.1,1484,38.0,198,9.700000000000045,5905.356430707854,56392.0,7524.0,1,0,0,0
302.8,312.5,1694,28.4,66,9.699999999999989,5038.025530904783,48109.6,1874.3999999999999,0,1,0,0
301.9,311.3,1366,55.6,57,9.400000000000034,7953.423513436112,75949.6,3169.2000000000003,0,1,0,0
303.6,311.8,1659,34.7,94,8.199999999999989,6028.43355889999,57567.3,3261.8,0,0,1,0
300.6,309.6,1682,30.7,78,9.0,5407.455883015919,51637.4,2394.6,0,1,0,0
298.9,309.3,1632,32.5,55,10.400000000000034,5554.3358115467545,53040.0,1787.5,0,0,1,0
302.4,312.0,1545,36.4,12,9.600000000000023,5889.229588419426,56238.0,436.79999999999995,0,1,0,0
297.6,308.9,1449,47.7,209,11.299999999999955,7237.946730532061,69117.3,9969.300000000001,0,1,0,0
296.3,307.2,1424,42.0,196,10.899999999999977,6263.079114196612,59808.0,8232.0,1,0,0,0
299.4,309.0,1404,47.3,86,9.600000000000023,6954.35516169251,66409.2,4067.7999999999997,0,1,0,0
302.2,311.5,1616,34.0,19,9.300000000000011,5753.722225294586,54944.0,646.0,0,1,0,0
303.3,311.3,1566,46.1,41,8.0,7559.99139345155,72192.6,1890.1000000000001,0,0,1,0
297.8,309.0,1410,48.8,23,11.199999999999989,7205.55691027355,68808.0,1122.3999999999999,1,0,0,0
300.1,310.5,1394,44.3,121,10.399999999999977,6466.884701610493,61754.2,5360.299999999999,0,1,0,0
296.9,307.8,1571,35.0,102,10.900000000000034,5758.015735254492,54985.0,3570.0,0,1,0,0
299.6,309.1,1366,55.2,95,9.5,7896.204639238731,75403.2,5244.0,0,0,1,0
300.3,311.7,1333,55.2,18,11.399999999999977,7705.4471333127585,73581.6,993.6,0,1,0,0
299.8,309.4,1467,46.2,219,9.599999999999966,7097.423291136989,67775.40000000001,10117.800000000001,0,1,0,0
299.3,308.8,1603,33.9,203,9.5,5690.649516786015,54341.7,6881.7,0,1,0,0
302.4,311.8,1465,40.2,143,9.400000000000034,6167.260538262123,58893.00000000001,5748.6,0,1,0,0
300.3,311.7,1545,43.5,160,11.399999999999977,7037.952942204535,67207.5,6960.0,0,1,0,0
297.1,307.9,1980,20.3,159,10.799999999999955,4209.105837279605,40194.0,3227.7000000000003,0,0,1,0
300.1,310.1,1402,46.6,10,10.0,6841.676705183756,65333.200000000004,466.0,0,0,1,0
296.5,307.4,1523,40.7,85,10.899999999999977,6491.169212822743,61986.100000000006,3459.5000000000005,0,1,0,0
297.7,308.8,1616,34.2,114,11.100000000000023,5787.567650149261,55267.200000000004,3898.8,0,1,0,0
299.6,308.9,1422,53.2,120,9.299999999999955,7922.091362704309,75650.40000000001,6384.0,0,1,0,0
298.4,309.3,1549,40.8,139,10.900000000000034,6618.204747758401,63199.2,5671.2,0,1,0,0
302.2,311.2,1561,34.9,106,9.0,5705.0170671884325,54478.899999999994,3699.3999999999996,0,0,1,0
295.5,306.1,1650,32.8,67,10.600000000000023,5667.433147075986,54119.99999999999,2197.6,0,1,0,0
298.9,309.9,1357,54.5,121,11.0,7744.706569507118,73956.5,6594.5,0,0,1,0
301.2,309.9,1362,50.7,25,8.699999999999989,7231.255138179914,69053.40000000001,1267.5,1,0,0,0
297.5,308.8,1603,36.7,184,11.300000000000011,6160.673665665096,58830.100000000006,6752.8,0,1,0,0
302.7,312.2,1585,35.5,167,9.5,5892.318821195456,56267.5,5928.5,0,0,1,0
299.5,310.8,1374,48.3,154,11.300000000000011,6949.642772712125,66364.2,7438.2,0,1,0,0
298.3,308.4,1329,49.2,166,10.099999999999966,6847.28968405817,65386.8,8167.200000000001,0,1,0,0
298.8,309.9,1550,38.8,53,11.099999999999966,6297.846072896338,60139.99999999999,2056.3999999999996,0,1,0,0
299.6,310.8,1603,35.4,202,11.199999999999989,5942.448167971237,56746.2,7150.799999999999,0,0,1,0
301.6,310.9,1492,45.2,155,9.299999999999955,7062.132733661664,67438.40000000001,7006.0,0,1,0,0
302.6,310.3,1642,33.2,82,7.699999999999989,5708.73461849518,54514.4,2722.4,0,1,0,0
298.5,309.5,1535,39.8,87,11.0,6397.643999525373,61092.99999999999,3462.6,0,0,1,0
300.0,309.9,1608,33.4,76,9.899999999999977,5624.204832162592,53707.2,2538.4,0,1,0,0
303.5,312.4,1574,32.7,175,8.899999999999977,5389.904852057864,51469.8,5722.500000000001,0,1,0,0
301.2,311.4,1757,28.0,6,10.199999999999989,5151.7930728667825,49196.0,168.0,0,1,0,0
302.3,310.8,1377,47.3,22,8.5,6820.617562429192,65132.1,1040.6,0,1,0,1
299.3,310.2,1495,49.2,16,10.899999999999977,7702.556868071455,73554.0,787.2,0,1,0,0
297.9,307.7,1353,50.7,13,9.800000000000011,7183.471513918813,68597.1,659.1,0,1,0,0
300.0,311.2,1418,47.3,60,11.199999999999989,7023.700583532749,67071.4,2838.0,0,1,0,0
300.5,309.5,1635,34.2,62,9.0,5855.614547026015,55917.00000000001,2120.4,1,0,0,0
303.4,312.6,2706,9.8,65,9.200000000000045,2777.0422420672335,26518.800000000003,637.0,0,0,1,1
302.1,310.7,1465,40.7,13,8.599999999999966,6243.967758887274,59625.50000000001,529.1,0,1,0,0
302.1,311.5,1727,27.7,50,9.399999999999977,5009.573173438773,47837.9,1385.0,0,1,0,0
303.6,312.0,1309,52.9,86,8.399999999999977,7251.434634991472,69246.09999999999,4549.4,0,1,0,1
301.1,310.1,1417,46.9,35,9.0,6959.392181913765,66457.3,1641.5,0,1,0,0
302.3,310.9,1581,36.1,109,8.599999999999966,5976.7857756749745,57074.100000000006,3934.9,0,0,1,0
303.1,311.0,1510,47.6,16,7.899999999999977,7526.837118980665,71876.0,761.6,0,0,1,0
302.4,311.0,1464,44.2,106,8.600000000000023,6776.28969008704,64708.8,4685.200000000001,0,0,1,0
297.7,308.1,1469,48.8,183,10.400000000000034,7507.066029214074,71687.2,8930.4,0,0,1,0
299.8,309.6,1331,50.2,98,9.800000000000011,6996.97610202621,66816.2,4919.6,0,0,1,0
295.6,306.2,1426,48.6,124,10.599999999999966,7257.456020910853,69303.6,6026.400000000001,0,1,0,0
297.3,308.3,1333,55.2,11,11.0,7705.4471333127585,73581.6,607.2,0,1,0,0
302.6,310.4,1532,36.1,77,7.7999999999999545,5791.547000843808,55305.200000000004,2779.7000000000003,0,0,1,0
300.6,312.0,1670,29.4,134,11.399999999999977,5141.530536865055,49098.0,3939.6,0,1,0,0
302.5,311.4,1674,27.0,223,8.899999999999977,4733.123491898382,45198.0,6021.0,0,1,0,0
303.8,313.2,1732,29.6,147,9.399999999999977,5368.688629670622,51267.200000000004,4351.2,0,0,1,0
300.1,309.1,1478,46.9,116,9.0,7258.984929335599,69318.2,5440.4,0,1,0,0
298.4,309.3,1716,28.4,66,10.900000000000034,5103.454433903547,48734.399999999994,1874.3999999999999,0,1,0,0
303.2,311.2,1439,43.9,30,8.0,6615.366842394658,63172.1,1317.0,0,1,0,0
298.9,309.8,1287,61.9,216,10.900000000000034,8342.530707534232,79665.3,13370.4,0,1,0,1
298.1,307.8,1432,49.8,198,9.699999999999989,7467.942728701369,71313.59999999999,9860.4,0,1,0,0
298.5,309.7,1552,34.0,205,11.199999999999989,5525.852038154206,52768.0,6970.0,0,0,1,0
298.1,307.9,1463,47.3,206,9.799999999999955,7246.596582304945,69199.9,9743.8,0,0,1,0
302.3,311.7,1793,25.3,200,9.399999999999977,4750.391779517615,45362.9,5060.0,0,1,0,0
298.0,307.8,1716,26.6,9,9.800000000000011,4779.996054289943,45645.600000000006,239.4,0,1,0,0
298.9,310.0,1515,42.9,170,11.100000000000023,6806.103404369607,64993.5,7293.0,0,1,0,0
296.5,307.3,1579,34.5,166,10.800000000000011,5704.661020021025,54475.5,5727.0,0,1,0,0
303.2,312.6,1281,57.0,144,9.400000000000034,7646.3223595721975,73017.0,8208.0,0,1,0,0
298.4,309.5,1376,50.4,202,11.100000000000023,7262.356905450452,69350.4,10180.8,0,1,0,0
302.0,310.5,1370,44.4,85,8.5,6369.893264418663,60828.0,3774.0,0,1,0,1
302.2,311.5,1481,40.4,93,9.300000000000011,6265.634276221532,59832.4,3757.2,0,1,0,0
299.6,310.7,1393,52.1,110,11.099999999999966,7600.067643735844,72575.3,5731.0,0,1,0,0
298.9,308.6,1469,34.2,93,9.700000000000045,5261.099553260683,50239.8,3180.6000000000004,0,0,1,0
300.5,309.9,1443,48.3,122,9.399999999999977,7298.642300599416,69696.9,5892.599999999999,0,1,0,0
300.9,310.4,1454,43.1,43,9.5,6562.5147819857675,62667.4,1853.3,0,1,0,0
299.1,308.5,1676,31.0,69,9.399999999999977,5440.819596997043,51956.0,2139.0,0,1,0,0
300.4,311.7,1511,33.0,200,11.300000000000011,5221.641149531595,49863.0,6600.0,0,0,1,0
301.0,312.1,1405,46.1,79,11.100000000000023,6782.750898977924,64770.5,3641.9,0,1,0,0
298.9,308.2,1510,43.5,46,9.300000000000011,6878.5171150348515,65685.0,2001.0,0,1,0,0
297.6,308.4,1398,48.9,63,10.799999999999955,7158.872843441205,68362.2,3080.7,0,0,1,0
301.2,311.0,1612,32.9,129,9.800000000000011,5553.791268820131,53034.799999999996,4244.099999999999,0,1,0,0
300.6,309.7,1934,22.8,15,9.099999999999966,4617.638545952421,44095.200000000004,342.0,0,0,1,0
299.3,310.7,1495,39.2,144,11.399999999999977,6136.996529032541,58604.00000000001,5644.8,0,1,0,0
300.9,310.7,1523,35.8,205,9.800000000000011,5709.677096291257,54523.399999999994,7338.999999999999,0,1,0,0
302.2,311.9,1596,38.0,156,9.699999999999989,6351.043708497126,60648.0,5928.0,0,1,0,0
299.3,310.5,1529,41.3,17,11.199999999999989,6612.811680369739,63147.7,702.0999999999999,0,1,0,0
300.0,311.4,1655,29.6,30,11.399999999999977,5130.011363801893,48988.0,888.0,0,1,0,0
302.3,311.4,1479,45.6,59,9.099999999999966,7062.551612682143,67442.40000000001,2690.4,0,0,1,0
298.8,309.1,1368,50.8,115,10.300000000000011,7277.436550187683,69494.4,5842.0,0,1,0,0
298.8,309.9,1351,47.2,73,11.099999999999966,6677.685568666368,63767.200000000004,3445.6000000000004,0,1,0,0
300.1,310.0,1511,41.7,186,9.899999999999977,6598.255634408107,63008.700000000004,7756.200000000001,0,1,0,0
297.0,307.9,1529,42.2,157,10.899999999999977,6756.916535389904,64523.8,6625.400000000001,0,1,0,0
297.7,307.3,1249,62.8,47,9.600000000000023,8213.924376271778,78437.2,2951.6,1,0,0,0
297.3,308.1,1615,35.4,217,10.800000000000011,5986.9331199460685,57171.0,7681.799999999999,0,1,0,1
303.5,312.9,1332,52.9,66,9.399999999999977,7378.847161045562,70462.8,3491.4,0,1,0,0
300.2,309.8,1466,45.7,41,9.600000000000023,7015.82565794775,66996.2,1873.7,0,0,1,0
297.4,308.6,1680,32.8,200,11.200000000000045,5770.477386113732,55103.99999999999,6559.999999999999,0,1,0,0
298.2,307.8,1566,33.8,100,9.600000000000023,5542.9004142876865,52930.799999999996,3379.9999999999995,0,0,1,0
302.4,310.1,1577,35.8,136,7.7000000000000455,5912.121326888584,56456.6,4868.799999999999,0,0,1,0
299.3,308.8,1442,49.0,165,9.5,7399.28845724492,70658.0,8085.0,0,0,1,0
304.2,313.3,1464,45.9,48,9.100000000000023,7036.916216628849,67197.59999999999,2203.2,0,1,0,0
300.5,311.9,1511,41.8,205,11.399999999999977,6614.078789406687,63159.799999999996,8569.0,0,1,0,0
298.5,308.4,1513,33.6,172,9.899999999999977,5323.61724706712,50836.8,5779.2,0,1,0,0
299.2,308.3,1364,51.8,104,9.100000000000023,7398.995241930584,70655.2,5387.2,0,0,1,0
300.6,309.4,1549,43.4,233,8.799999999999955,7039.953089527319,67226.59999999999,10112.199999999999,0,1,0,0
301.1,310.1,1666,27.2,40,9.0,4745.396647198407,45315.2,1088.0,0,1,0,0
300.5,310.8,1354,51.8,157,10.300000000000011,7344.750408778601,70137.2,8132.599999999999,0,1,0,0
301.9,310.6,1475,47.8,179,8.700000000000045,7383.266334711612,70505.0,8556.199999999999,0,0,1,0
299.7,310.2,1633,36.5,24,10.5,6241.768644029761,59604.5,876.0,0,1,0,0
297.6,308.8,1357,49.7,104,11.199999999999989,7062.603972559702,67442.90000000001,5168.8,0,0,1,0
299.7,310.8,1418,46.6,197,11.100000000000023,6919.755754600975,66078.8,9180.2,1,0,0,0
298.8,308.6,1268,55.8,155,9.800000000000011,7409.383441638455,70754.4,8649.0,0,1,0,0
303.4,311.5,1483,43.0,117,8.100000000000023,6677.874064225583,63769.0,5031.0,0,0,1,0
303.1,311.1,1420,55.8,113,8.0,8297.57451666136,79236.0,6305.4,0,1,0,0
295.7,306.2,1458,49.8,151,10.5,7603.533867630304,72608.4,7519.799999999999,1,0,0,0
302.5,311.8,2370,14.7,198,9.300000000000011,3648.3315486138267,34839.0,2910.6,1,0,0,0
298.3,309.4,1570,35.6,138,11.099999999999966,5852.996553148025,55892.0,4912.8,0,1,0,0
295.5,306.0,1423,45.3,205,10.5,6750.4343825479955,64461.899999999994,9286.5,0,0,1,0
298.8,308.6,1599,33.0,101,9.800000000000011,5525.747318399087,52767.0,3333.0,0,1,0,0
300.7,311.9,1476,42.0,196,11.199999999999989,6491.787059377948,61992.0,8232.0,0,1,0,0
299.1,308.3,1426,40.1,60,9.199999999999989,5988.147869105456,57182.6,2406.0,0,1,0,0
302.2,311.2,1663,29.6,115,9.0,5154.809001814228,49224.8,3404.0,0,0,1,0
300.7,312.4,1371,61.7,102,11.699999999999989,8858.317389400605,84590.7,6293.400000000001,0,0,1,0
298.5,309.6,1419,41.5,105,11.100000000000023,6166.789299364084,58888.5,4357.5,0,1,0,0
300.6,310.7,1566,38.2,187,10.099999999999966,6264.461414964191,59821.200000000004,7143.400000000001,0,0,1,0
298.6,309.8,2271,16.2,218,11.199999999999989,3852.6607348033067,36790.2,3531.6,0,1,0,1
303.8,312.5,1448,44.3,195,8.699999999999989,6717.395299807743,64146.399999999994,8638.5,0,0,1,0
301.4,310.6,1630,30.3,2,9.200000000000045,5172.003985604876,49389.0,60.6,0,0,1,0
302.1,310.1,1615,29.9,176,8.0,5056.759895095691,48288.5,5262.4,1,0,0,0
300.3,309.9,1621,34.1,36,9.599999999999966,5788.499655969826,55276.100000000006,1227.6000000000001,0,1,0,0
300.7,309.5,1251,59.9,120,8.800000000000011,7847.164377916192,74934.9,7188.0,0,1,0,0
298.9,310.1,1466,43.4,50,11.200000000000045,6662.73158763528,63624.4,2170.0,0,1,0,0
300.7,310.7,1347,46.5,183,10.0,6559.174221797451,62635.5,8509.5,0,0,1,0
302.7,312.1,1688,32.0,155,9.400000000000034,5656.542292543542,54016.0,4960.0,0,1,0,0
297.3,308.5,1514,44.5,177,11.199999999999989,7055.284061676837,67373.0,7876.5,0,1,0,0
297.8,308.4,1622,38.3,134,10.599999999999966,6505.463459396576,62122.6,5132.2,0,1,0,0
297.8,308.8,1579,32.9,70,11.0,5440.097030686717,51949.1,2303.0,0,1,0,0
300.7,310.1,1565,40.2,81,9.400000000000034,6588.233953843154,62913.00000000001,3256.2000000000003,0,1,0,0
299.5,309.4,1386,44.4,154,9.899999999999977,6444.286178455671,61538.4,6837.599999999999,1,0,0,0
303.7,312.7,1612,36.3,200,9.0,6127.739302679963,58515.6,7259.999999999999,0,0,1,0
300.1,311.3,1547,40.0,201,11.199999999999989,6480.058446804546,61880.0,8040.0,0,1,0,0
301.6,310.7,1457,47.8,7,9.099999999999966,7293.165457406656,69644.59999999999,334.59999999999997,0,0,1,0
302.1,310.0,1531,38.0,161,7.899999999999977,6092.385913351566,58178.0,6118.0,0,0,1,0
298.5,308.6,1522,36.9,53,10.100000000000023,5881.249943079308,56161.799999999996,1955.6999999999998,0,1,0,0
298.7,309.9,1464,38.0,74,11.199999999999989,5825.769416816912,55632.0,2812.0,0,1,0,0
300.5,309.7,1685,29.4,140,9.199999999999989,5187.711948872826,49539.0,4116.0,0,0,1,0
303.7,312.8,1634,33.8,63,9.100000000000023,5783.588299454713,55229.2,2129.3999999999996,0,0,1,0
301.3,310.8,1434,39.5,18,9.5,5931.6410892428885,56643.0,711.0,1,0,0,0
298.7,309.1,1607,32.7,2,10.400000000000034,5502.90793980749,52548.9,65.4,0,1,0,0
303.4,311.8,1693,28.3,175,8.400000000000034,5017.3224353176265,47911.9,4952.5,1,0,0,0
299.2,308.5,1474,47.2,132,9.300000000000011,7285.646578989066,69572.8,6230.400000000001,0,0,1,0
300.3,309.9,1527,41.4,2,9.599999999999966,6620.152535203626,63217.799999999996,82.8,0,1,0,0
300.0,311.4,1634,31.9,0,11.399999999999977,5458.475347710218,52124.6,0.0,0,1,0,0
298.5,309.3,1615,31.8,23,10.800000000000011,5378.0924636803675,51357.0,731.4,0,0,1,0
299.0,308.9,1526,41.1,20,9.899999999999977,6567.876433447895,62718.6,822.0,0,0,1,0
296.9,308.0,1497,44.8,57,11.100000000000023,7023.093208953053,67065.59999999999,2553.6,0,0,1,0
301.9,310.9,1317,51.9,40,9.0,7157.836117865521,68352.3,2076.0,0,0,1,0
299.8,309.0,1567,36.1,95,9.199999999999989,5923.860411437498,56568.700000000004,3429.5,0,1,0,0
302.8,310.9,1312,52.2,40,8.099999999999966,7171.879037027066,68486.40000000001,2088.0,0,1,0,1
300.6,312.0,1406,55.1,136,11.399999999999977,8112.702260973113,77470.6,7493.6,0,1,0,0
299.0,309.4,1693,30.1,84,10.399999999999977,5336.445417069278,50959.3,2528.4,0,1,0,0
301.3,310.6,1376,47.6,45,9.300000000000011,6858.892632925427,65497.6,2142.0,0,1,0,0
301.3,310.4,1501,41.6,192,9.099999999999966,6538.869061279749,62441.6,7987.200000000001,0,1,0,0
297.5,309.1,1515,35.1,213,11.600000000000023,5568.630058120588,53176.5,7476.3,0,1,0,0
301.6,310.8,1548,34.2,143,9.199999999999989,5544.03138764298,52941.600000000006,4890.6,0,0,1,0
301.3,310.3,1560,36.3,129,9.0,5930.0702929160925,56627.99999999999,4682.7,0,1,0,0
297.0,308.1,1507,43.1,51,11.100000000000023,6801.726118605607,64951.700000000004,2198.1,0,0,1,0
302.4,310.4,1456,47.6,127,8.0,7257.665460421093,69305.6,6045.2,0,1,0,0
297.0,307.8,1316,61.2,200,10.800000000000011,8434.045301533304,80539.2,12240.0,0,1,0,1
300.1,311.5,1549,34.7,189,11.399999999999977,5628.718253608249,53750.3,6558.3,0,1,0,0
297.1,308.0,1348,58.0,162,10.899999999999977,8187.4093342754795,78184.0,9396.0,0,1,0,0
297.6,308.3,1400,44.3,43,10.699999999999989,6494.719212521298,62019.99999999999,1904.8999999999999,1,0,0,0
300.7,311.2,1486,46.8,56,10.5,7282.714425845715,69544.8,2620.7999999999997,0,1,0,0
298.1,308.7,1671,28.8,41,10.599999999999966,5039.617271182603,48124.8,1180.8,0,1,0,0
302.2,311.4,1430,43.1,29,9.199999999999989,6454.192667289992,61633.0,1249.9,0,1,0,0
297.8,307.4,1418,41.2,155,9.599999999999966,6117.895645698716,58421.600000000006,6386.0,0,1,0,0
297.3,308.4,1491,46.5,29,11.099999999999966,7260.377702078691,69331.5,1348.5,0,1,0,0
302.1,311.5,1341,50.8,99,9.399999999999977,7133.8029340655585,68122.8,5029.2,0,0,1,0
298.9,309.8,1363,50.6,115,10.900000000000034,7222.2911271416715,68967.8,5819.0,0,0,1,0
300.5,311.7,1409,54.7,104,11.199999999999989,8070.992382508954,77072.3,5688.8,0,1,0,0
301.3,310.0,1506,40.8,11,8.699999999999989,6434.4844093764705,61444.799999999996,448.79999999999995,0,1,0,0
300.9,310.4,1541,39.1,17,9.5,6309.6898772003715,60253.100000000006,664.7,0,1,0,0
298.7,308.5,1360,52.9,69,9.800000000000011,7533.958062328803,71944.0,3650.1,0,0,1,0
300.2,309.4,1329,53.6,186,9.199999999999989,7459.648924095893,71234.40000000001,9969.6,0,0,1,0
297.4,308.4,1582,37.2,68,11.0,6162.7994766940255,58850.4,2529.6000000000004,0,1,0,0
298.7,309.8,1365,50.5,111,11.100000000000023,7218.594519785947,68932.5,5605.5,0,1,0,0
297.3,308.3,1459,59.6,207,11.0,9106.052914087182,86956.40000000001,12337.2,0,0,1,1
302.8,312.3,1416,42.7,241,9.5,6331.691497751013,60463.200000000004,10290.7,0,0,1,0
297.4,309.2,1698,29.4,119,11.800000000000011,5227.735839279559,49921.2,3498.6,0,1,0,0
299.8,311.2,1564,40.0,172,11.399999999999977,6551.267880285915,62560.0,6880.0,0,1,0,0
302.6,311.4,1757,29.5,151,8.799999999999955,5427.7819874846455,51831.5,4454.5,0,0,1,0
298.3,309.3,1529,41.7,5,11.0,6676.858282600924,63759.3,208.5,1,0,0,0
297.9,307.9,1336,54.4,82,10.0,7610.864250488682,72678.4,4460.8,0,0,1,0
302.3,311.3,1444,43.1,115,9.0,6517.380567529192,62236.4,4956.5,0,0,1,0
297.8,307.8,1383,56.5,98,10.0,8182.749305172655,78139.5,5537.0,0,1,0,0
300.9,310.7,1362,51.6,212,9.800000000000011,7359.620614005592,70279.2,10939.2,0,0,1,0
297.8,308.4,1579,36.6,152,10.599999999999966,6051.9012560223055,57791.4,5563.2,0,0,1,0
299.8,311.0,1948,20.0,185,11.199999999999989,4079.8816594619443,38960.0,3700.0,0,0,1,0
300.0,309.0,2174,16.9,112,9.0,3847.466634949371,36740.6,1892.7999999999997,0,1,0,0
300.2,309.3,1342,48.7,68,9.100000000000023,6844.001483747413,65355.4,3311.6000000000004,1,0,0,0
298.1,308.0,1374,48.8,156,9.899999999999977,7021.585244479332,67051.2,7612.799999999999,0,0,1,0
298.0,308.6,1376,55.7,214,10.600000000000023,8026.057135587108,76643.2,11919.800000000001,0,0,1,0
300.7,311.7,1499,38.4,205,11.0,6027.836656295807,57561.6,7872.0,0,1,0,0
299.0,309.0,1804,26.8,17,10.0,5062.906944721215,48347.200000000004,455.6,0,0,1,0
302.4,310.4,1666,29.7,125,8.0,5181.55442727179,49480.2,3712.5,0,1,0,0
300.9,310.8,1701,30.4,55,9.900000000000034,5415.100425139654,51710.399999999994,1672.0,0,1,0,0
298.7,309.9,1621,34.1,130,11.199999999999989,5788.499655969826,55276.100000000006,4433.0,0,1,0,0
302.0,309.8,1532,39.4,2,7.800000000000011,6320.968194826759,60360.799999999996,78.8,0,1,0,0
297.4,308.5,1465,55.9,153,11.100000000000023,8575.867265891857,81893.5,8552.699999999999,0,0,1,0
298.2,308.3,1568,36.0,92,10.100000000000023,5911.2207369945545,56448.0,3312.0,0,1,0,0
300.6,309.5,1492,34.0,144,8.899999999999977,5312.223737710101,50728.0,4896.0,0,0,1,0
295.6,306.0,1396,52.4,0,10.399999999999977,7660.29197490516,73150.4,0.0,1,0,0,0
299.7,309.1,1603,38.5,170,9.400000000000034,6462.832047087362,61715.5,6545.0,0,0,1,0
299.5,309.0,1701,28.6,98,9.5,5094.46947891428,48648.600000000006,2802.8,0,0,1,0
299.8,309.3,1595,32.1,183,9.5,5361.599102249022,51199.5,5874.3,1,0,0,0
302.6,310.4,1614,36.0,74,7.7999999999999545,6084.636651472712,58104.0,2664.0,1,0,0,0
302.0,310.5,2197,15.8,133,8.5,3635.094971566702,34712.6,2101.4,0,1,0,0
299.0,310.1,2053,19.7,137,11.100000000000023,4235.296248035032,40444.1,2698.9,1,0,0,0
301.8,310.6,1403,46.8,151,8.800000000000011,6875.941009058907,65660.4,7066.799999999999,0,1,0,0
297.3,308.2,1754,29.4,123,10.899999999999977,5400.146444108567,51567.6,3616.2,0,1,0,0
297.5,309.2,1804,27.4,215,11.699999999999989,5176.255607662735,49429.6,5891.0,0,0,1,0
297.7,308.5,1501,41.4,201,10.800000000000011,6507.432190792826,62141.4,8321.4,0,1,0,0
301.9,310.7,1370,50.3,20,8.800000000000011,7216.343045050873,68911.0,1006.0,0,1,0,0
295.6,306.1,1623,30.9,210,10.5,5251.769023079521,50150.7,6489.0,1,0,0,0
300.7,309.5,1541,37.2,48,8.800000000000011,6003.080906185521,57325.200000000004,1785.6000000000001,0,1,0,0
301.5,310.6,1424,47.0,26,9.100000000000023,7008.68377064859,66928.0,1222.0,0,0,1,0
301.5,310.6,1403,47.4,34,9.100000000000023,6964.094098918637,66502.2,1611.6,0,0,1,0
304.0,313.0,2012,21.1,115,9.0,4445.68870804594,42453.200000000004,2426.5,0,1,0,0
302.0,310.5,1639,32.9,94,8.5,5646.813827292926,53923.1,3092.6,0,0,1,0
297.6,308.7,1365,50.6,143,11.099999999999966,7232.888766359781,69069.0,7235.8,0,1,0,0
299.8,309.5,1739,27.5,128,9.699999999999989,5007.960489209929,47822.5,3520.0,0,1,0,0
303.2,311.2,1427,45.6,25,8.0,6814.240129342405,65071.200000000004,1140.0,0,1,0,0
301.3,310.0,1665,31.4,0,8.699999999999989,5474.853517410932,52281.0,0.0,0,1,0,0
303.1,311.4,1829,24.5,159,8.299999999999955,4692.544586789514,44810.5,3895.5,0,1,0,0
298.6,309.3,1677,31.2,180,10.699999999999989,5479.188915272886,52322.4,5616.0,0,1,0,0
298.9,308.7,1500,41.6,187,9.800000000000011,6534.51271946677,62400.0,7779.2,1,0,0,0
304.1,313.3,1494,39.0,49,9.199999999999989,6101.601251802096,58266.0,1911.0,0,0,1,0
303.6,312.1,1967,20.9,2,8.5,4305.060548895748,41110.299999999996,41.8,0,0,1,0
299.3,309.1,1703,31.3,120,9.800000000000011,5581.971354922833,53303.9,3756.0,0,0,1,0
302.1,311.2,1519,39.3,155,9.099999999999966,6251.423805451793,59696.7,6091.5,0,1,0,0
302.0,310.8,1383,50.3,231,8.800000000000011,7284.81929292362,69564.9,11619.3,0,1,0,1
302.2,311.2,1347,49.8,94,9.0,7024.664005279849,67080.59999999999,4681.2,0,0,1,0
302.0,311.2,1418,49.5,17,9.199999999999989,7350.384331604039,70191.0,841.5,0,0,1,0
298.1,308.8,1811,25.4,147,10.699999999999989,4817.0459036512775,45999.399999999994,3733.7999999999997,0,0,1,0
299.4,309.1,1645,28.6,57,9.700000000000045,4926.750319114633,47047.0,1630.2,0,1,0,0
302.4,311.9,1439,36.6,212,9.5,5515.317230789169,52667.4,7759.200000000001,0,0,1,0
299.0,310.1,1470,40.3,83,11.100000000000023,6203.703013043763,59240.99999999999,3344.8999999999996,0,1,0,0
298.5,309.5,1561,34.8,35,11.0,5688.6703134142535,54322.799999999996,1218.0,0,1,0,0
301.2,310.6,1457,50.5,114,9.400000000000034,7705.122502071887,73578.5,5757.0,1,0,0,0
295.7,306.3,1915,22.4,79,10.600000000000023,4492.058615612925,42896.0,1769.6,0,1,0,0
299.1,308.3,1431,52.3,38,9.199999999999989,7837.362608836993,74841.3,1987.3999999999999,0,1,0,0
299.1,310.3,1619,35.2,240,11.199999999999989,5967.853180563267,56988.8,8448.0,0,1,0,0
300.0,310.5,1517,42.2,186,10.5,6703.886451397308,64017.4,7849.200000000001,0,1,0,0
300.5,311.6,1385,54.8,173,11.100000000000023,7948.019974071937,75898.0,9480.4,0,1,0,0
298.2,308.4,1379,43.1,65,10.199999999999989,6224.008173561467,59434.9,2801.5,0,1,0,0
297.0,308.0,1408,47.9,54,11.0,7062.6353884862365,67443.2,2586.6,0,0,1,0
304.0,312.9,1363,62.5,200,8.899999999999977,8920.814139256017,85187.5,12500.0,0,1,0,1
298.9,310.1,1401,44.4,76,11.200000000000045,6514.029535365364,62204.4,3374.4,0,1,0,0
299.7,309.1,1715,27.8,192,9.400000000000034,4992.72376484002,47677.0,5337.6,0,1,0,0
300.8,309.7,1519,39.7,16,8.899999999999977,6315.0515286625,60304.3,635.2,0,0,1,0
300.0,310.2,1443,58.7,68,10.199999999999989,8870.192609631174,84704.1,3991.6000000000004,0,0,1,0
300.4,309.6,1416,43.3,66,9.200000000000045,6420.661401700676,61312.799999999996,2857.7999999999997,1,0,0,0
299.7,309.6,1419,45.1,170,9.900000000000034,6701.739696417355,63996.9,7667.0,0,1,0,0
298.9,310.3,1583,32.6,230,11.400000000000034,5404.146738754139,51605.8,7498.0,0,1,0,0
299.3,308.8,1648,28.4,188,9.5,4901.21964281646,46803.2,5339.2,0,0,1,0
302.2,311.5,1863,25.7,85,9.300000000000011,5013.887627349702,47879.1,2184.5,0,0,1,0
299.7,310.9,1477,40.4,83,11.199999999999989,6248.711563794193,59670.799999999996,3353.2,0,1,0,0
299.2,309.0,1615,33.7,193,9.800000000000011,5699.425032265043,54425.50000000001,6504.1,0,1,0,0
297.3,308.1,1709,30.6,196,10.800000000000011,5476.361481884656,52295.4,5997.6,0,0,1,0
301.5,310.5,1600,32.8,205,9.0,5495.692748679745,52479.99999999999,6723.999999999999,0,0,1,0
300.9,310.0,1671,26.8,199,9.100000000000023,4689.6438495727,44782.8,5333.2,0,1,0,0
299.5,309.1,1476,47.8,223,9.600000000000023,7388.271939006331,70552.8,10659.4,0,1,0,0
298.1,307.5,1391,57.4,161,9.399999999999977,8361.181295921044,79843.4,9241.4,0,1,0,0
301.2,309.9,1687,29.7,30,8.699999999999989,5246.86813853992,50103.9,891.0,0,1,0,0
301.1,311.2,1564,37.0,165,10.099999999999966,6059.922789264472,57868.0,6105.0,0,1,0,0
299.1,310.5,1739,27.4,72,11.399999999999977,4989.74972379462,47648.6,1972.8,0,1,0,0
298.7,308.5,1483,42.5,46,9.800000000000011,6600.224365804355,63027.5,1955.0,0,1,0,0
298.8,309.8,1551,36.6,15,11.0,5944.58445097568,56766.600000000006,549.0,0,0,1,0
300.7,309.7,1598,33.7,149,9.0,5639.43108455699,53852.600000000006,5021.3,0,1,0,0
298.9,309.8,2450,13.9,89,10.900000000000034,3566.2312606000137,34055.0,1237.1000000000001,0,0,1,0
300.1,309.6,1642,34.5,53,9.5,5932.269407773606,56649.0,1828.5,0,1,0,0
300.6,310.6,1514,39.5,87,10.0,6262.555515421012,59803.0,3436.5,0,1,0,0
298.9,310.6,1720,25.3,197,11.700000000000045,4556.984863787115,43516.0,4984.1,0,0,1,0
299.1,308.9,1467,47.2,218,9.799999999999955,7251.0471718975305,69242.40000000001,10289.6,0,1,0,0
300.6,309.6,1888,20.5,133,9.0,4053.073402151312,38704.0,2726.5,1,0,0,0
300.4,309.8,1314,63.1,146,9.400000000000034,8682.6709441384,82913.40000000001,9212.6,0,1,0,0
300.9,312.1,1474,42.4,171,11.200000000000045,6544.7333675664495,62497.6,7250.4,0,1,0,0
298.9,309.1,1369,44.4,198,10.200000000000045,6365.243707291352,60783.6,8791.199999999999,0,1,0,0
298.9,309.0,1924,22.6,193,10.100000000000023,4553.4662800150945,43482.4,4361.8,0,0,1,0
302.4,311.1,1520,42.2,143,8.700000000000045,6717.143972395457,64144.00000000001,6034.6,0,1,0,0
297.9,307.6,1589,37.8,120,9.700000000000045,6289.908315458269,60064.2,4536.0,0,1,0,0
300.0,311.2,1629,31.7,62,11.199999999999989,5407.654850550646,51639.299999999996,1965.3999999999999,0,1,0,0
299.2,308.5,1340,50.0,144,9.300000000000011,7016.223593017205,67000.0,7200.0,0,1,0,0
298.6,309.6,1387,57.6,50,11.0,8366.186900215762,79891.2,2880.0,0,1,0,0
304.0,313.0,2354,15.0,117,9.0,3697.6545532751866,35310.0,1755.0,0,1,0,0
297.9,309.1,1504,43.0,4,11.200000000000045,6772.436003098637,64672.0,172.0,0,1,0,0
300.8,310.0,1468,52.7,178,9.199999999999989,8101.497247175312,77363.6,9380.6,0,1,0,0
297.6,308.6,1526,42.1,57,11.0,6727.678779760496,64244.6,2399.7000000000003,0,1,0,0
297.2,308.3,1429,42.0,6,11.100000000000023,6285.07026277174,60018.0,252.0,0,0,1,0
297.9,308.8,1613,31.4,57,10.900000000000034,5303.8671012515515,50648.2,1789.8,0,1,0,0
303.0,311.3,1365,56.2,146,8.300000000000011,8033.36657449446,76713.0,8205.2,0,1,0,1
302.2,311.5,1725,34.0,170,9.300000000000011,6141.813637768045,58650.0,5780.0,0,1,0,0
301.5,310.7,1423,44.0,222,9.199999999999989,6556.713307552138,62612.0,9768.0,0,1,0,0
301.0,311.5,1530,43.9,165,10.5,7033.711792122187,67167.0,7243.5,0,0,1,0
303.0,311.2,1494,37.0,67,8.199999999999989,5788.698623504553,55278.0,2479.0,0,1,0,0
299.0,308.6,1378,47.8,163,9.600000000000023,6897.722718123797,65868.4,7791.4,0,1,0,0
301.9,310.4,1708,24.8,17,8.5,4435.761275260597,42358.4,421.6,0,1,0,0
298.9,308.6,1522,46.4,2,9.700000000000045,7395.392882354468,70620.8,92.8,0,1,0,0
298.4,309.2,1597,33.5,116,10.800000000000011,5602.454539024237,53499.5,3886.0,0,0,1,0
303.8,312.7,1461,38.2,188,8.899999999999977,5844.430477179236,55810.200000000004,7181.6,0,1,0,0
297.7,309.6,1529,35.2,153,11.900000000000034,5636.100996344186,53820.8,5385.6,0,1,0,0
303.6,312.7,1418,44.1,118,9.099999999999966,6548.524222701781,62533.8,5203.8,0,1,0,0
297.6,308.5,1360,48.6,77,10.899999999999977,6921.556934389033,66096.0,3742.2000000000003,0,0,1,0
301.7,310.3,1787,26.7,33,8.600000000000023,4996.4832040488145,47712.9,881.1,0,0,1,0
297.9,307.6,1430,52.4,178,9.700000000000045,7846.860690626347,74932.0,9327.199999999999,0,1,0,0
300.8,310.6,1669,28.4,79,9.800000000000011,4963.674504769825,47399.6,2243.6,0,0,1,0
302.2,311.1,1447,52.1,174,8.900000000000034,7894.686202789494,75388.7,9065.4,0,1,0,0
300.5,309.9,1994,19.8,189,9.399999999999977,4134.461595830312,39481.200000000004,3742.2000000000003,0,0,1,0
298.5,308.7,1450,43.9,28,10.199999999999989,6665.936012141943,63655.0,1229.2,1,0,0,0
298.7,309.9,1654,29.1,195,11.199999999999989,5040.308421566392,48131.4,5674.5,0,0,1,0
296.8,308.0,1391,54.4,17,11.199999999999989,7924.185757806703,75670.4,924.8,0,1,0,0
301.1,310.2,1455,55.3,9,9.099999999999966,8425.908576560503,80461.5,497.7,0,1,0,0
301.8,310.5,1593,34.9,139,8.699999999999989,5821.968089706068,55595.7,4851.099999999999,0,1,0,0
300.6,310.5,1519,37.0,91,9.899999999999977,5885.5643969902385,56203.0,3367.0,1,0,0,0
302.0,311.0,1563,36.2,8,9.0,5925.1065765234225,56580.600000000006,289.6,0,1,0,0
297.8,309.7,1341,49.2,208,11.899999999999977,6909.1162274808175,65977.2,10233.6,0,1,0,0
298.8,309.8,1509,36.2,57,11.0,5720.400399215511,54625.8,2063.4,0,1,0,0
297.5,308.8,1587,34.9,166,11.300000000000011,5800.0397729840115,55386.299999999996,5793.4,0,1,0,0
297.8,307.4,1488,36.1,57,9.599999999999966,5625.21014181174,53716.8,2057.7000000000003,0,0,1,0
298.2,309.0,1446,45.8,80,10.800000000000011,6935.254278358683,66226.8,3664.0,0,0,1,0
300.9,310.8,1493,45.8,57,9.900000000000034,7160.674023229264,68379.4,2610.6,0,1,0,0
297.3,308.6,1273,59.8,182,11.300000000000011,7971.833246386148,76125.4,10883.6,0,1,0,0
300.7,310.5,1448,38.2,218,9.800000000000011,5792.426646786813,55313.600000000006,8327.6,0,1,0,0
298.8,310.0,1389,49.6,149,11.199999999999989,7214.604697115888,68894.40000000001,7390.400000000001,0,1,0,0
297.4,309.2,1459,37.9,191,11.800000000000011,5790.5940510722185,55296.1,7238.9,0,1,0,0
298.9,309.0,1410,65.7,191,10.100000000000023,9700.923955019924,92637.0,12548.7,0,1,0,1
302.5,311.8,1335,52.7,135,9.300000000000011,7367.5060115661045,70354.5,7114.5,0,1,0,0
298.2,307.8,1583,36.6,185,9.600000000000023,6067.232228171824,57937.8,6771.0,0,0,1,0
298.2,308.2,1446,38.2,61,10.0,5784.426057495672,55237.200000000004,2330.2000000000003,0,1,0,0
304.2,313.5,1437,47.2,102,9.300000000000011,7102.763998648093,67826.40000000001,4814.400000000001,0,0,1,0
300.4,311.2,1436,56.8,173,10.800000000000011,8541.445882384025,81564.8,9826.4,0,1,0,0
300.0,309.1,1882,23.8,84,9.100000000000023,4690.565383417752,44791.6,1999.2,0,1,0,0
300.9,310.2,1382,50.4,131,9.300000000000011,7294.0241593986375,69652.8,6602.4,0,1,0,0
302.6,312.0,1781,28.5,196,9.399999999999977,5315.41769024125,50758.5,5586.0,0,1,0,0
299.2,308.4,1465,35.0,201,9.199999999999989,5369.505443760555,51275.0,7035.0,0,1,0,0
301.8,310.6,1192,68.9,135,8.800000000000011,8600.507824271514,82128.8,9301.5,0,1,0,0
297.3,308.7,1467,36.8,216,11.399999999999977,5653.358811987904,53985.6,7948.799999999999,0,1,0,0
299.7,309.6,1433,49.6,129,9.900000000000034,7443.145090689033,71076.8,6398.400000000001,1,0,0,0
296.6,307.4,1544,42.3,170,10.799999999999955,6839.372870571123,65311.2,7190.999999999999,0,0,1,0
301.0,311.4,1573,37.6,103,10.399999999999977,6193.628972601254,59144.8,3872.8,0,1,0,0
297.4,308.6,1411,46.3,138,11.200000000000045,6841.268298138789,65329.299999999996,6389.4,0,1,0,0
297.4,308.7,1382,49.9,151,11.300000000000011,7221.662808610953,68961.8,7534.9,0,0,1,0
298.7,309.5,1673,30.8,141,10.800000000000011,5396.041429707876,51528.4,4342.8,0,1,0,0
304.2,313.5,1438,50.1,100,9.300000000000011,7544.409093889744,72043.8,5010.0,0,1,0,0
300.5,309.3,1373,48.8,211,8.800000000000011,7016.474920429491,67002.4,10296.8,0,1,0,0
302.4,311.1,1484,45.9,169,8.700000000000045,7133.048951828697,68115.59999999999,7757.099999999999,0,1,0,0
298.1,308.6,1527,40.2,16,10.5,6428.264055922363,61385.4,643.2,0,1,0,0
298.7,309.2,1437,45.7,195,10.5,6877.040566487666,65670.90000000001,8911.5,0,0,1,0
303.5,312.4,1340,44.5,76,8.899999999999977,6244.438997785312,59630.0,3382.0,0,1,0,0
300.3,311.4,1759,24.8,34,11.099999999999966,4568.210821535942,43623.200000000004,843.2,0,1,0,0
299.8,309.4,1408,45.6,156,9.599999999999966,6723.510933506731,64204.8,7113.6,0,1,0,0
299.2,308.5,1378,50.4,220,9.300000000000011,7272.912656766514,69451.2,11088.0,0,1,0,1
299.1,308.8,1725,26.6,172,9.699999999999989,4805.065963665588,45885.0,4575.2,0,0,1,0
298.9,308.9,1453,40.8,11,10.0,6208.038410905718,59282.399999999994,448.79999999999995,0,1,0,0
299.1,309.9,1443,40.3,0,10.799999999999955,6089.757447498063,58152.899999999994,0.0,1,0,0,0
295.8,306.6,1644,35.2,115,10.800000000000011,6060.006565068568,57868.8,4048.0000000000005,0,1,0,0
298.4,308.5,1576,27.4,55,10.100000000000023,4522.050353479196,43182.399999999994,1507.0,0,0,1,0
302.1,310.8,1596,37.1,43,8.699999999999989,6200.624252243247,59211.600000000006,1595.3,0,1,0,0
300.8,312.2,1664,25.7,150,11.399999999999977,4478.319383741226,42764.799999999996,3855.0,0,0,1,0
298.4,308.7,1344,52.9,130,10.300000000000011,7445.323261595522,71097.59999999999,6877.0,1,0,0,0
297.7,307.5,1379,43.3,111,9.800000000000011,6252.889882023468,59710.7,4806.299999999999,0,1,0,0
298.3,308.9,1348,55.5,102,10.599999999999966,7834.503759522227,74814.0,5661.0,0,1,0,0
300.9,311.0,1432,48.1,59,10.100000000000023,7213.012956838069,68879.2,2837.9,0,1,0,0
299.2,308.9,1526,37.9,177,9.699999999999989,6056.508925247571,57835.4,6708.3,0,1,0,0
300.8,312.3,1435,44.8,134,11.5,6732.223617132688,64287.99999999999,6003.2,0,1,0,0
303.4,311.7,1515,44.2,168,8.300000000000011,7012.348962077778,66963.0,7425.6,0,0,1,0
301.9,309.6,1410,49.0,223,7.7000000000000455,7235.087881217294,69090.0,10927.0,0,1,0,0
298.2,308.7,1361,44.2,0,10.5,6299.542532929278,60156.200000000004,0.0,0,0,1,0
298.7,310.2,1436,47.5,32,11.5,7142.934496711993,68210.0,1520.0,0,1,0,0
302.4,311.4,1534,40.1,41,9.0,6441.668184577679,61513.4,1644.1000000000001,0,0,1,0
300.6,310.7,1543,39.6,60,10.099999999999966,6398.670253125547,61102.8,2376.0,0,1,0,0
297.4,308.3,1395,48.7,21,10.900000000000034,7114.293643686766,67936.5,1022.7,0,1,0,0
302.7,310.5,1551,35.9,6,7.800000000000011,5830.890212842264,55680.899999999994,215.39999999999998,0,1,0,0
303.4,312.8,1518,38.7,103,9.400000000000034,6151.929566112606,58746.600000000006,3986.1000000000004,0,0,1,0
298.3,307.9,1551,33.8,72,9.599999999999966,5489.80749844202,52423.799999999996,2433.6,0,1,0,0
298.1,307.8,1514,43.5,78,9.699999999999989,6896.738352425672,65859.0,3393.0,0,0,1,0
300.5,312.0,1985,19.3,143,11.5,4011.8661785117256,38310.5,2759.9,0,0,1,0
298.0,308.1,1440,43.7,37,10.100000000000023,6589.80475016995,62928.00000000001,1616.9,1,0,0,0
302.0,311.3,1530,36.4,27,9.300000000000011,5832.052602124091,55692.0,982.8,0,0,1,0
298.4,309.1,1576,38.8,167,10.700000000000045,6403.487361861051,61148.799999999996,6479.599999999999,0,0,1,0
297.4,308.3,1801,26.9,11,10.900000000000034,5073.347504306645,48446.899999999994,295.9,0,1,0,0
298.4,308.8,1352,56.7,24,10.400000000000034,8027.6488758649275,76658.40000000001,1360.8000000000002,0,1,0,0
303.9,312.7,1401,50.0,129,8.800000000000011,7335.618846132166,70050.0,6450.0,1,0,0,0
300.7,310.2,1639,31.4,48,9.5,5389.360309331242,51464.6,1507.1999999999998,0,1,0,0
299.6,310.8,1498,46.9,116,11.199999999999989,7357.212059637841,70256.2,5440.4,0,1,0,0
298.2,307.9,1785,23.4,181,9.699999999999989,4374.039451593069,41769.0,4235.4,0,1,0,0
300.7,309.6,1388,51.1,160,8.900000000000034,7427.437127421084,70926.8,8176.0,0,0,1,0
299.2,308.4,1475,38.7,22,9.199999999999989,5977.6654216179795,57082.50000000001,851.4000000000001,0,1,0,0
298.9,310.0,1520,35.6,48,11.100000000000023,5666.59538903503,54112.0,1708.8000000000002,0,0,1,0
300.9,310.7,1517,41.7,210,9.800000000000011,6624.456517139046,63258.9,8757.0,0,1,0,0
301.4,311.0,1701,28.4,127,9.600000000000023,5058.843818222572,48308.399999999994,3606.7999999999997,0,1,0,0
301.7,310.7,1641,31.9,192,9.0,5481.859269028437,52347.899999999994,6124.799999999999,0,1,0,0
299.3,308.7,1393,54.2,80,9.399999999999977,7906.404343387386,75500.6,4336.0,0,1,0,0
298.1,309.0,1438,41.4,60,10.899999999999977,6234.3021254897285,59533.2,2484.0,1,0,0,0
299.1,310.1,1429,42.9,96,11.0,6419.750339831135,61304.1,4118.4,1,0,0,0
301.5,310.5,1538,44.3,43,9.0,7134.9129634698265,68133.4,1904.8999999999999,1,0,0,0
297.3,308.3,1506,37.0,54,11.0,5835.194194777682,55722.0,1998.0,1,0,0,0
298.3,309.6,1469,54.8,191,11.300000000000011,8430.065950838754,80501.2,10466.8,0,0,1,0
297.9,307.8,1373,50.2,130,9.900000000000034,7217.767233720502,68924.6,6526.0,0,1,0,0
298.1,308.7,1527,43.0,56,10.599999999999966,6876.00384091198,65661.0,2408.0,0,0,1,0
296.8,307.5,1470,45.9,132,10.699999999999989,7065.756037188803,67473.0,6058.8,0,0,1,0
300.7,311.0,1462,41.9,126,10.300000000000011,6414.901815169094,61257.799999999996,5279.4,0,1,0,0
297.8,307.4,1752,26.1,52,9.599999999999966,4788.541186307707,45727.200000000004,1357.2,0,0,1,0
297.6,309.1,1394,50.0,62,11.5,7298.966931840286,69700.0,3100.0,0,1,0,0
298.6,309.9,1593,37.4,47,11.299999999999955,6239.014514470113,59578.2,1757.8,0,1,0,0
298.0,307.8,1492,40.2,197,9.800000000000011,6280.923360469003,59978.4,7919.400000000001,0,0,1,0
298.7,309.7,1629,27.9,136,11.0,4759.418622408928,45449.1,3794.3999999999996,0,0,1,0
302.7,310.7,1597,41.9,15,8.0,7007.2491100034495,66914.3,628.5,0,1,0,0
298.8,308.4,1473,41.1,128,9.599999999999966,6339.765390870739,60540.3,5260.8,0,1,0,0
299.2,308.8,1503,37.4,109,9.600000000000023,5886.527818737339,56212.2,4076.6,0,0,1,0
299.6,310.9,1474,39.7,64,11.299999999999955,6127.969686141228,58517.8,2540.8,0,0,1,0
300.8,310.3,1538,36.1,198,9.5,5814.229299802726,55521.8,7147.8,0,1,0,0
298.4,309.2,1399,45.2,125,10.800000000000011,6621.932771040663,63234.8,5650.0,0,0,1,0
297.3,308.3,1501,38.2,2,11.0,6004.442263002077,57338.200000000004,76.4,0,0,1,0
299.3,308.7,1459,35.6,87,9.399999999999977,5439.185968817176,51940.4,3097.2000000000003,0,0,1,0
300.2,309.5,1729,28.4,131,9.300000000000011,5142.1169674937255,49103.6,3720.3999999999996,0,1,0,0
297.3,308.2,1754,26.8,125,10.899999999999977,4922.582472860871,47007.200000000004,3350.0,0,1,0,0
299.0,310.0,1672,33.2,144,11.0,5813.035494594363,55510.4,4780.8,0,1,0,0
298.3,309.4,1816,22.6,138,11.099999999999966,4297.866301719028,41041.600000000006,3118.8,0,0,1,0
298.3,307.6,1942,20.6,176,9.300000000000011,4189.334747513014,40005.200000000004,3625.6000000000004,0,1,0,0
297.5,308.6,1352,52.6,12,11.100000000000023,7447.166329285629,71115.2,631.2,0,1,0,0
299.1,310.4,1550,43.9,79,11.299999999999955,7125.655737117249,68045.0,3468.1,0,1,0,0
302.2,311.7,1576,34.0,28,9.5,5611.303358331849,53584.0,952.0,0,0,1,0
302.5,310.4,1422,41.9,156,7.899999999999977,6239.391505588544,59581.799999999996,6536.4,1,0,0,0
304.2,313.4,1639,32.7,63,9.199999999999989,5612.486691564703,53595.3,2060.1000000000004,0,1,0,0
300.6,311.9,1372,60.1,212,11.299999999999955,8634.89779185281,82457.2,12741.2,0,1,0,1
301.7,310.5,1458,41.4,153,8.800000000000011,6321.010082728806,60361.2,6334.2,0,0,1,0
298.1,308.9,1313,50.6,108,10.799999999999955,6957.350146688932,66437.8,5464.8,0,1,0,0
297.8,307.8,1597,38.2,11,10.0,6388.470548976892,61005.4,420.20000000000005,0,1,0,0
300.9,310.9,1477,41.5,100,10.0,6418.849749937104,61295.5,4150.0,0,1,0,0
300.3,309.4,1470,33.5,148,9.099999999999966,5156.924340867645,49245.0,4958.0,0,1,0,0
303.8,312.6,1684,29.3,167,8.800000000000011,5166.998381310157,49341.200000000004,4893.1,0,0,1,0
298.8,309.7,1336,50.3,44,10.899999999999977,7037.251319845233,67200.8,2213.2,0,1,0,0
302.2,311.5,1413,43.5,83,9.300000000000011,6436.652108307448,61465.5,3610.5,0,1,0,0
300.4,309.9,1435,54.8,70,9.5,8234.952103099806,78638.0,3836.0,0,1,0,0
302.6,310.3,1721,27.4,79,7.699999999999989,4938.101940569604,47155.399999999994,2164.6,1,0,0,0
299.7,311.2,1352,52.1,176,11.5,7376.375774824739,70439.2,9169.6,0,1,0,0
303.7,312.9,1511,41.0,33,9.199999999999989,6487.493549418043,61951.0,1353.0,0,0,1,0
297.5,308.6,1694,27.1,36,11.100000000000023,4807.4116861802695,45907.4,975.6,0,1,0,0
302.3,310.1,1513,40.4,22,7.800000000000011,6401.015975640227,61125.2,888.8,0,1,0,0
298.0,307.8,1483,50.9,26,9.800000000000011,7904.739299280981,75484.7,1323.3999999999999,0,0,1,0
302.3,310.2,1394,55.4,57,7.899999999999977,8087.255360479036,77227.59999999999,3157.7999999999997,0,1,0,0
301.5,310.5,1435,44.6,135,9.0,6702.169047413346,64001.0,6021.0,0,1,0,0
304.2,313.4,1740,28.2,78,9.199999999999989,5138.388944211466,49068.0,2199.6,0,1,0,0
296.9,307.9,1626,29.9,177,11.0,5091.202222554547,48617.399999999994,5292.3,0,1,0,0
303.4,312.8,1449,43.9,94,9.400000000000034,6661.33881489219,63611.1,4126.599999999999,0,1,0,0
299.1,310.4,1527,44.0,149,11.299999999999955,7035.9109069797,67188.0,6556.0,0,1,0,0
298.1,307.8,1379,49.1,135,9.699999999999989,7090.459427421532,67708.90000000001,6628.5,0,1,0,0
296.4,307.4,1512,36.8,46,11.0,5826.774726466061,55641.6,1692.8,0,1,0,0
296.8,307.4,1455,49.9,102,10.599999999999966,7603.125460585337,72604.5,5089.8,0,0,1,0
301.6,311.2,1415,46.5,82,9.599999999999966,6890.298087485814,65797.5,3813.0,0,0,1,0
300.0,311.5,1666,32.0,128,11.5,5582.819584939302,53312.0,4096.0,0,1,0,0
302.2,311.2,1630,36.0,169,9.0,6144.955230421635,58680.0,6084.0,0,1,0,0
297.8,307.5,1631,29.9,144,9.699999999999989,5106.857825944935,48766.899999999994,4305.599999999999,0,1,0,0
297.3,307.8,1385,44.4,169,10.5,6439.636621328358,61494.0,7503.599999999999,0,1,0,0
300.1,309.1,1731,30.4,92,9.0,5510.604841808784,52622.399999999994,2796.7999999999997,0,0,1,0
301.0,309.6,1397,48.0,135,8.600000000000023,7022.087899303905,67056.0,6480.0,0,0,1,0
297.1,308.1,1352,44.4,0,11.0,6286.201236127033,60028.799999999996,0.0,0,0,1,0
297.3,308.7,1592,34.4,158,11.399999999999977,5734.956445177143,54764.799999999996,5435.2,0,1,0,0
296.1,307.2,1619,29.7,17,11.099999999999966,5035.376121100257,48084.299999999996,504.9,0,0,1,0
301.4,311.0,1470,40.6,86,9.600000000000023,6249.884425051534,59682.0,3491.6,0,1,0,0
300.6,309.8,1629,37.6,162,9.199999999999989,6414.126888981208,61250.4,6091.2,0,1,0,0
301.6,310.4,1561,35.3,156,8.799999999999955,5770.4040822851475,55103.299999999996,5506.799999999999,0,1,0,0
298.8,309.8,1911,21.6,126,11.0,4322.580163927269,41277.600000000006,2721.6000000000004,1,0,0,0
298.7,309.6,1382,48.1,186,10.900000000000034,6961.161945775288,66474.2,8946.6,0,0,1,0
301.5,310.6,1357,42.1,212,9.100000000000023,5982.608194059627,57129.700000000004,8925.2,0,1,0,0
300.6,309.4,1471,44.1,244,8.799999999999955,6793.285706342961,64871.1,10760.4,0,1,0,0
298.6,309.9,1461,45.7,49,11.299999999999955,6991.897193902908,66767.7,2239.3,0,1,0,0
303.7,312.7,1468,43.3,168,9.0,6656.448402328102,63564.399999999994,7274.4,0,1,0,0
299.1,310.6,1602,39.7,144,11.5,6660.113593757291,63599.4,5716.8,0,1,0,0
302.0,310.4,1591,29.8,105,8.399999999999977,4964.9520857822845,47411.8,3129.0,0,1,0,0
296.9,308.0,1318,53.5,88,11.100000000000023,7384.104092752568,70513.0,4708.0,1,0,0,0
300.8,309.9,1444,46.0,180,9.099999999999966,6955.905014068279,66424.0,8280.0,0,0,1,0
304.1,313.2,1427,46.9,123,9.099999999999966,7008.505747064886,66926.3,5768.7,0,0,1,0
303.3,311.8,1489,49.4,64,8.5,7702.829139434765,73556.59999999999,3161.6,0,0,1,0
301.8,311.3,1551,35.8,61,9.5,5814.648178823205,55525.799999999996,2183.7999999999997,0,1,0,0
300.8,310.6,1577,37.9,227,9.800000000000011,6258.921739918361,59768.299999999996,8603.3,0,1,0,1
297.7,309.5,2027,19.8,39,11.800000000000011,4202.885483825497,40134.6,772.2,0,0,1,0
299.3,308.6,1384,53.6,218,9.300000000000011,7768.362762188649,74182.40000000001,11684.800000000001,0,1,0,1
300.9,310.9,1755,27.9,148,10.0,5127.55044955658,48964.5,4129.2,0,1,0,0
299.3,308.5,1409,44.8,91,9.199999999999989,6610.246046369307,63123.2,4076.7999999999997,0,1,0,0
298.0,308.6,1481,42.5,54,10.600000000000023,6591.323186619185,62942.5,2295.0,0,1,0,0
298.8,309.8,1599,33.6,131,11.0,5626.215451460889,53726.4,4401.6,0,1,0,0
300.7,309.6,1505,34.9,7,8.900000000000034,5500.352777782569,52524.5,244.29999999999998,0,1,0,0
298.1,307.6,1364,53.8,129,9.5,7684.670733897015,73383.2,6940.2,0,1,0,0
302.4,310.1,1597,28.9,179,7.7000000000000455,4833.1622739641925,46153.299999999996,5173.099999999999,1,0,0,0
299.4,310.0,1512,43.2,47,10.600000000000023,6840.126852807985,65318.4,2030.4,0,0,1,0
298.8,308.6,1486,41.9,92,9.800000000000011,6520.208000917424,62263.4,3854.7999999999997,0,0,1,0
302.5,311.6,1400,54.0,196,9.100000000000023,7916.813487046277,75600.0,10584.0,0,1,0,0
300.3,310.3,1704,29.5,0,10.0,5264.052650355058,50268.0,0.0,0,1,0,0
302.4,311.4,1564,35.0,122,9.0,5732.359395250176,54740.0,4270.0,0,1,0,0
297.6,309.4,1326,49.8,199,11.799999999999955,6915.148085375708,66034.8,9910.199999999999,0,1,0,0
297.4,308.4,1434,39.9,2,11.0,5991.708340779525,57216.6,79.8,0,1,0,0
300.4,309.8,1395,48.1,201,9.400000000000034,7026.643208651611,67099.5,9668.1,0,1,0,0
299.9,309.5,1772,23.5,167,9.600000000000023,4360.7400426928725,41642.0,3924.5,0,1,0,0
302.1,310.1,1753,28.9,176,8.0,5305.280817945667,50661.7,5086.4,0,1,0,0
303.0,312.7,2024,19.9,102,9.699999999999989,4217.860408807608,40277.6,2029.8,0,1,0,0
302.0,311.2,1845,27.3,45,9.199999999999989,5274.576985744583,50368.5,1228.5,0,1,0,0
299.0,310.2,1628,35.8,64,11.199999999999989,6103.318655786059,58282.399999999994,2291.2,0,0,1,0
300.2,309.5,1564,33.4,183,9.300000000000011,5470.308680038739,52237.6,6112.2,0,0,1,0
300.7,310.3,1533,35.6,198,9.600000000000023,5715.059691704408,54574.8,7048.8,0,1,0,0
300.4,310.0,1282,66.1,40,9.600000000000023,8873.972992790994,84740.2,2644.0,0,1,0,0
299.6,309.2,1867,23.4,225,9.599999999999966,4574.975717716672,43687.799999999996,5265.0,0,0,1,1
298.4,308.6,1591,36.7,122,10.200000000000045,6114.555085510398,58389.700000000004,4477.400000000001,0,1,0,0
303.8,312.5,1368,52.6,123,8.699999999999989,7535.298475194334,71956.8,6469.8,0,1,0,0
300.9,310.7,1352,46.4,212,9.800000000000011,6569.363453970593,62732.799999999996,9836.8,0,1,0,0
298.9,309.9,1373,52.1,108,11.0,7490.949658901159,71533.3,5626.8,0,1,0,0
302.5,310.4,1427,46.8,179,7.899999999999977,6993.56223800931,66783.59999999999,8377.199999999999,0,1,0,0
304.0,312.9,1495,46.6,0,8.899999999999977,7295.511179921337,69667.0,0.0,1,0,0,0
302.6,310.4,1451,43.1,35,7.7999999999999545,6548.974517648795,62538.1,1508.5,0,0,1,0
304.2,313.6,1512,33.4,146,9.400000000000034,5288.431409346915,50500.799999999996,4876.4,0,0,1,0
298.9,309.9,1526,35.4,96,11.0,5657.003059466069,54020.4,3398.3999999999996,0,1,0,0
297.9,307.7,1590,34.6,57,9.800000000000011,5761.052608152962,55014.0,1972.2,0,1,0,0
302.5,311.1,1850,23.3,203,8.600000000000023,4513.945044432935,43105.0,4729.900000000001,1,0,0,0
303.5,312.0,1756,29.7,28,8.5,5461.470332706639,52153.2,831.6,0,1,0,0
304.3,313.6,1489,40.3,196,9.300000000000011,6283.886929538887,60006.7,7898.799999999999,0,0,1,0
302.7,312.2,1439,42.5,164,9.5,6404.398423730592,61157.5,6970.0,0,0,1,0
303.9,313.1,1343,61.4,14,9.200000000000045,8635.211951118168,82460.2,859.6,0,0,1,0
299.2,309.1,1345,60.7,191,9.900000000000034,8549.477887601703,81641.5,11593.7,0,1,0,1
299.5,309.2,1314,61.8,45,9.699999999999989,8503.788658442996,81205.2,2781.0,0,0,1,0
300.4,311.9,1335,58.3,9,11.5,8150.39090084068,77830.5,524.6999999999999,0,0,1,0
304.3,313.5,1464,36.7,194,9.199999999999989,5626.466778873176,53728.8,7119.8,0,1,0,0
302.3,311.4,1372,46.0,86,9.099999999999966,6609.073185111968,63112.0,3956.0,1,0,0,0
304.4,313.7,1607,33.5,5,9.300000000000011,5637.535656989324,53834.5,167.5,0,1,0,0
304.2,313.4,1740,23.7,86,9.199999999999989,4318.433261624529,41238.0,2038.2,0,1,0,0
298.2,308.4,1666,34.6,74,10.199999999999989,6036.423676215621,57643.600000000006,2560.4,0,1,0,0
298.5,308.2,1301,66.3,42,9.699999999999989,9032.73861352791,86256.3,2784.6,0,1,0,1
300.7,310.3,1458,40.0,207,9.600000000000023,6107.256118578557,58320.0,8280.0,0,1,0,0
301.5,310.1,1468,40.8,32,8.600000000000023,6272.126901038951,59894.399999999994,1305.6,0,0,1,0
296.3,307.4,1760,28.4,56,11.099999999999966,5234.3122399010745,49984.0,1590.3999999999999,0,1,0,0
296.5,307.4,1350,55.6,69,10.899999999999977,7860.264819281663,75060.0,3836.4,0,0,1,0
297.6,309.6,1669,32.1,155,12.0,5610.350408560261,53574.9,4975.5,1,0,0,0
301.0,311.3,1597,39.2,66,10.300000000000011,6555.707997902989,62602.4,2587.2000000000003,1,0,0,0
298.7,310.0,1637,31.8,42,11.300000000000011,5451.3544043620805,52056.6,1335.6000000000001,0,1,0,0
298.1,308.2,1342,48.1,54,10.099999999999966,6759.681136925063,64550.200000000004,2597.4,0,0,1,0
301.5,310.8,1628,36.4,167,9.300000000000011,6205.608912586943,59259.2,6078.8,0,0,1,0
300.9,310.4,1375,44.7,87,9.5,6436.3379490420875,61462.50000000001,3888.9,0,0,1,0
300.8,312.0,1382,49.3,177,11.199999999999989,7134.82918766573,68132.59999999999,8726.1,0,1,0,0
298.4,309.6,1655,30.2,146,11.200000000000045,5233.998080635715,49981.0,4409.2,0,1,0,0
298.2,308.9,1444,53.1,83,10.699999999999989,8029.533831457079,76676.40000000001,4407.3,0,1,0,0
300.8,309.5,1481,44.5,49,8.699999999999989,6901.503101283618,65904.5,2180.5,0,0,1,0
298.2,308.8,1470,43.3,61,10.600000000000023,6665.517133121463,63650.99999999999,2641.2999999999997,1,0,0,0
298.6,308.4,1397,46.4,36,9.799999999999955,6788.018302660441,64820.799999999996,1670.3999999999999,0,1,0,0
297.5,309.4,1503,40.6,144,11.899999999999977,6390.187952960855,61021.8,5846.400000000001,0,1,0,0
298.6,309.4,1464,36.9,179,10.799999999999955,5657.128723172212,54021.6,6605.099999999999,0,0,1,0
299.3,309.2,1511,37.2,129,9.899999999999977,5886.2136594719805,56209.200000000004,4798.8,0,1,0,0
299.4,310.8,1628,40.2,111,11.400000000000034,6853.447205659207,65445.600000000006,4462.200000000001,0,0,1,0
298.2,309.0,1562,37.7,36,10.800000000000011,6166.674107633454,58887.4,1357.2,1,0,0,0
298.8,309.1,1393,52.6,167,10.300000000000011,7673.004953176688,73271.8,8784.2,0,1,0,0
299.0,310.1,1416,45.9,47,11.100000000000023,6806.197652149215,64994.4,2157.2999999999997,0,1,0,0
301.4,311.1,1494,41.9,142,9.700000000000045,6555.310062833534,62598.6,5949.8,0,1,0,0
297.9,307.8,1665,33.9,102,9.900000000000034,5910.749498096517,56443.5,3457.7999999999997,0,1,0,0
300.7,310.6,1505,40.6,179,9.900000000000034,6398.691197076571,61103.0,7267.400000000001,1,0,0,0
299.0,309.5,1861,23.3,73,10.5,4540.784717670103,43361.3,1700.9,0,1,0,0
303.4,311.9,1510,42.2,36,8.5,6672.95223573496,63722.00000000001,1519.2,0,0,1,0
296.6,307.6,1809,25.1,86,11.0,4754.89472898776,45405.9,2158.6,0,1,0,0
298.1,308.5,1665,29.6,20,10.399999999999977,5161.0084113173125,49284.0,592.0,0,1,0,0
303.6,312.7,1699,31.5,105,9.099999999999966,5604.444214371511,53518.5,3307.5,0,0,1,0
304.0,313.1,1388,53.2,91,9.100000000000023,7732.67426964387,73841.6,4841.2,1,0,0,0
298.6,308.3,1589,34.1,174,9.699999999999989,5674.229459183253,54184.9,5933.400000000001,0,0,1,0
297.6,308.4,1703,31.4,205,10.799999999999955,5599.805129219711,53474.2,6437.0,1,0,0,0
300.0,311.4,1692,29.0,216,11.399999999999977,5138.388944211465,49068.0,6264.0,0,0,1,1
300.2,311.6,1496,41.1,60,11.400000000000034,6438.756975385353,61485.6,2466.0,1,0,0,0
297.7,308.1,2189,15.6,186,10.400000000000034,3576.0120857281895,34148.4,2901.6,0,0,1,0
301.8,310.8,1365,48.2,199,9.0,6889.826848587775,65793.0,9591.800000000001,0,0,1,0
300.1,310.6,1809,24.3,97,10.5,4603.344299378588,43958.700000000004,2357.1,0,1,0,0
299.7,309.3,1434,38.5,127,9.600000000000023,5781.472960401296,55209.0,4889.5,0,1,0,0
299.9,309.4,1467,41.2,20,9.5,6329.303887334285,60440.4,824.0,0,1,0,0
296.8,307.8,1694,33.0,115,11.0,5854.043750699221,55902.0,3795.0,0,0,1,0
300.5,311.7,1445,44.8,83,11.199999999999989,6779.138067426294,64735.99999999999,3718.3999999999996,0,1,0,0
300.0,311.3,1703,30.4,85,11.300000000000011,5421.46738625093,51771.2,2584.0,0,1,0,0
300.2,311.6,1372,49.2,195,11.400000000000034,7068.834797989323,67502.40000000001,9594.0,0,1,0,0
298.8,308.6,1872,22.5,82,9.800000000000011,4410.79608564007,42120.0,1845.0,0,1,0,0
299.8,309.5,1495,39.6,10,9.699999999999989,6199.6189425940975,59202.0,396.0,0,1,0,0
298.5,308.7,1609,35.3,117,10.199999999999989,5947.841235359898,56797.7,4130.099999999999,0,1,0,0
301.0,310.8,1975,19.7,17,9.800000000000011,4074.383872318163,38907.5,334.9,0,1,0,0
302.1,310.5,1389,49.6,169,8.399999999999977,7214.604697115888,68894.40000000001,8382.4,0,1,0,0
302.3,311.4,1345,47.6,67,9.099999999999966,6704.368162270857,64022.0,3189.2000000000003,0,0,1,0
298.5,309.6,1572,33.0,127,11.100000000000023,5432.44201658747,51876.0,4191.0,0,0,1,0
300.7,311.0,1377,49.9,124,10.300000000000011,7195.535229708598,68712.3,6187.599999999999,0,1,0,0
300.3,310.3,1345,46.3,50,10.0,6521.2656704441315,62273.49999999999,2315.0,0,1,0,0
296.9,307.8,1477,37.2,160,10.900000000000034,5753.764113196634,54944.4,5952.0,0,0,1,0
301.3,310.6,1527,44.0,114,9.300000000000011,7035.9109069797,67188.0,5016.0,1,0,0,0
302.4,310.3,1520,31.6,121,7.900000000000034,5029.899277907499,48032.0,3823.6000000000004,0,1,0,0
300.9,312.2,1811,23.2,72,11.300000000000011,4399.82145530353,42015.2,1670.3999999999999,0,1,0,0
304.2,313.3,1410,51.6,47,9.100000000000023,7618.990503485967,72756.0,2425.2000000000003,0,1,0,0
302.0,311.5,1366,52.3,54,9.5,7481.36780130771,71441.8,2824.2,0,0,1,0
298.0,309.0,1562,39.2,155,11.0,6412.032493878816,61230.4,6076.0,0,0,1,0
297.2,308.0,1435,43.0,202,10.800000000000011,6461.732489658607,61705.0,8686.0,1,0,0,0
300.4,311.8,1601,36.1,0,11.400000000000034,6052.393438871368,57796.100000000006,0.0,0,1,0,0
299.0,308.6,1653,31.7,100,9.600000000000023,5487.325640245684,52400.1,3170.0,0,1,0,0
300.1,310.5,1494,44.2,117,10.399999999999977,6915.148085375709,66034.8,5171.400000000001,0,1,0,0
301.3,310.6,1521,36.3,166,9.300000000000011,5781.81853559319,55212.299999999996,6025.799999999999,0,1,0,0
297.3,308.7,1549,36.1,218,11.399999999999977,5855.813514560743,55918.9,7869.8,0,1,0,0
303.5,312.6,1405,51.6,62,9.100000000000023,7591.972806665095,72498.0,3199.2000000000003,0,0,1,0
299.7,309.2,1597,32.9,135,9.5,5502.112069668579,52541.299999999996,4441.5,0,0,1,0
299.7,309.1,1417,50.1,187,9.400000000000034,7434.233439528351,70991.7,9368.7,0,1,0,0
297.3,308.7,1466,38.4,27,11.399999999999977,5895.135782608174,56294.4,1036.8,0,0,1,0
297.8,308.8,1548,36.9,64,11.0,5981.71807614111,57121.2,2361.6,0,1,0,0
300.7,310.8,1563,33.8,104,10.100000000000023,5532.281831118554,52829.399999999994,3515.2,0,1,0,0
299.3,309.1,1552,40.7,120,9.800000000000011,6614.769939790476,63166.4,4884.0,1,0,0,0
297.1,308.1,1633,33.3,192,11.0,5694.545091676467,54378.899999999994,6393.599999999999,0,1,0,0
302.8,312.2,1682,30.9,58,9.399999999999977,5442.683608638173,51973.799999999996,1792.1999999999998,0,1,0,0
301.5,310.5,1551,34.3,166,9.0,5571.017668537316,53199.299999999996,5693.799999999999,1,0,0,0
295.6,306.0,1370,52.4,115,10.399999999999977,7517.621780530135,71788.0,6026.0,0,1,0,0
297.6,309.6,1501,49.8,222,12.0,7827.780751243545,74749.8,11055.599999999999,0,1,0,1
297.9,307.6,1503,40.7,124,9.700000000000045,6405.92733215534,61172.100000000006,5046.8,0,1,0,0
300.5,309.3,1574,33.5,101,8.800000000000011,5521.76796770454,52729.0,3383.5,0,1,0,0
300.4,311.3,1608,35.1,114,10.900000000000034,5910.466754757694,56440.8,4001.4,0,1,0,0
298.0,309.2,1520,37.9,89,11.199999999999989,6032.69565293336,57608.0,3373.1,1,0,0,0
303.6,312.6,1498,40.2,155,9.0,6306.181765403864,60219.600000000006,6231.0,1,0,0,0
298.0,307.7,1529,34.1,11,9.699999999999989,5459.972840208429,52138.9,375.1,0,1,0,0
297.6,308.6,1254,45.8,31,11.0,6014.3906397384435,57433.2,1419.8,0,0,1,0
300.7,311.1,1438,46.6,103,10.400000000000034,7017.354566372497,67010.8,4799.8,0,0,1,0
299.2,309.0,1541,36.3,104,9.800000000000011,5857.845077810063,55938.299999999996,3775.2,0,0,1,0
299.8,309.6,1434,48.0,82,9.800000000000011,7208.070184396422,68832.0,3936.0,0,0,1,0
300.6,311.8,1471,41.4,39,11.199999999999989,6377.370254934208,60899.4,1614.6,0,1,0,0
300.3,309.2,1398,54.4,198,8.899999999999977,7964.063040556269,76051.2,10771.199999999999,0,1,0,0
299.1,310.3,1441,43.9,94,11.199999999999989,6624.561236894166,63259.9,4126.599999999999,0,0,1,0
298.2,309.1,1429,48.5,164,10.900000000000034,7257.7597082007005,69306.5,7954.0,0,1,0,0
300.4,309.3,1413,50.3,101,8.900000000000034,7442.841403399186,71073.9,5080.299999999999,0,1,0,0
298.7,309.2,1410,45.6,47,10.5,6733.0613751736455,64296.0,2143.2000000000003,0,0,1,0
297.6,308.8,1475,43.0,119,11.199999999999989,6641.850468464421,63425.0,5117.0,0,1,0,0
301.2,309.9,1449,45.5,23,8.699999999999989,6904.121095161609,65929.5,1046.5,0,1,0,0
298.1,307.7,1523,37.7,80,9.599999999999966,6012.704651681018,57417.100000000006,3016.0,0,1,0,0
301.5,310.6,1374,46.7,32,9.100000000000023,6719.426863057066,64165.8,1494.4,0,1,0,0
297.6,308.3,1595,34.3,41,10.699999999999989,5729.060722963907,54708.49999999999,1406.3,0,1,0,0
296.8,307.6,1513,40.0,130,10.800000000000011,6337.639579841809,60520.0,5200.0,0,1,0,0
297.4,308.5,1410,43.9,47,11.100000000000023,6482.04812215182,61899.0,2063.2999999999997,0,1,0,0
298.7,310.2,1404,50.3,54,11.5,7395.4347702565165,70621.2,2716.2,0,1,0,0
300.7,310.9,1468,41.8,112,10.199999999999989,6425.855501554611,61362.399999999994,4681.599999999999,0,0,1,0
297.2,308.3,1576,35.3,113,11.100000000000023,5825.853192621007,55632.799999999996,3988.8999999999996,0,1,0,0
297.9,309.0,1532,37.6,47,11.100000000000023,6032.192998108786,57603.200000000004,1767.2,0,1,0,0
298.2,307.9,1551,36.0,186,9.699999999999989,5847.132246861323,55836.0,6696.0,0,1,0,0
298.7,309.6,1364,44.9,106,10.900000000000034,6413.4147946463945,61243.6,4759.4,0,1,0,0
297.3,308.1,1568,34.4,194,10.800000000000011,5648.499815350352,53939.2,6673.599999999999,0,1,0,0
299.6,309.1,1560,37.1,73,9.5,6060.760547305428,57876.0,2708.3,0,0,1,0
304.2,313.1,1608,31.1,20,8.900000000000034,5236.909289828042,50008.8,622.0,0,0,1,0
301.3,310.8,1531,53.4,57,9.5,8561.405467709832,81755.4,3043.7999999999997,0,1,0,0
298.4,309.9,1725,27.8,21,11.5,5021.835856763284,47955.0,583.8000000000001,0,1,0,0
298.0,308.8,1757,29.1,71,10.800000000000011,5354.184943586549,51128.700000000004,2066.1,0,1,0,0
300.3,311.6,1427,56.2,8,11.300000000000011,8398.252089233403,80197.40000000001,449.6,1,0,0,0
300.4,310.5,1540,33.4,32,10.100000000000023,5386.36532433482,51436.0,1068.8,0,0,1,0
298.1,308.9,1479,43.4,105,10.799999999999955,6721.814473473793,64188.6,4557.0,0,0,1,0
297.4,308.4,1620,35.8,215,11.0,6073.326917919787,57995.99999999999,7696.999999999999,0,0,1,0
297.4,308.1,1729,31.7,204,10.700000000000045,5739.616474279968,54809.299999999996,6466.8,0,1,0,0
298.0,309.0,1409,49.1,85,11.0,7244.71162671279,69181.90000000001,4173.5,0,0,1,0
298.1,308.7,1581,47.4,51,10.599999999999966,7847.635616814232,74939.4,2417.4,0,0,1,0
302.0,311.1,1402,47.8,182,9.100000000000023,7017.857221197071,67015.59999999999,8699.6,0,1,0,0
298.4,308.9,1638,32.4,109,10.5,5557.603067906488,53071.2,3531.6,0,1,0,0
300.9,311.1,1325,61.4,88,10.200000000000045,8519.475677759921,81355.0,5403.2,0,0,1,0
302.2,310.1,1368,51.6,12,7.900000000000034,7392.041850190639,70588.8,619.2,0,0,1,1
301.3,310.8,1450,46.9,59,9.5,7121.466946912463,68005.0,2767.1,0,1,0,0
300.6,312.0,1481,40.9,132,11.399999999999977,6343.179254887639,60572.9,5398.8,0,1,0,0
298.4,308.1,1375,50.8,94,9.700000000000045,7314.674895108234,69850.0,4775.2,0,1,0,0
296.8,307.9,1611,35.4,72,11.099999999999966,5972.104802621125,57029.399999999994,2548.7999999999997,0,1,0,0
298.5,308.2,1563,44.6,163,9.699999999999989,7299.993185440459,69709.8,7269.8,1,0,0,0
297.1,308.4,1529,40.4,165,11.299999999999955,6468.706825349575,61771.6,6666.0,0,1,0,0
301.4,310.7,1584,32.2,17,9.300000000000011,5341.210165927223,51004.8,547.4000000000001,0,1,0,0
299.4,309.2,1607,31.7,145,9.800000000000011,5334.623293330196,50941.9,4596.5,0,1,0,0
303.3,312.1,1418,44.7,83,8.800000000000011,6637.619790357588,63384.600000000006,3710.1000000000004,0,1,0,0
300.3,311.8,1567,37.7,180,11.5,6186.4137814735095,59075.9,6786.000000000001,0,1,0,0
299.3,309.1,1571,38.3,59,9.800000000000011,6300.914361721343,60169.299999999996,2259.7,0,0,1,0
299.1,308.9,1476,42.7,225,9.799999999999955,6599.983510367581,63025.200000000004,9607.5,0,0,1,0
297.9,307.6,1505,40.1,166,9.700000000000045,6319.889581349027,60350.5,6656.6,0,0,1,0
303.8,313.0,1499,42.3,38,9.199999999999989,6640.0388167008505,63407.7,1607.3999999999999,0,1,0,0
298.8,309.9,1441,41.6,62,11.099999999999966,6277.488552501078,59945.6,2579.2000000000003,0,1,0,0
302.6,310.4,1649,30.1,62,7.7999999999999545,5197.754573388801,49634.9,1866.2,1,0,0,0
303.9,313.1,1665,29.6,0,9.200000000000045,5161.0084113173125,49284.0,0.0,0,1,0,0
300.9,311.0,1438,49.0,61,10.100000000000023,7378.7633852414665,70462.0,2989.0,0,1,0,0
302.3,311.8,1557,34.1,185,9.5,5559.95926239668,53093.700000000004,6308.5,0,0,1,0
300.6,310.7,1705,31.2,181,10.099999999999966,5570.672093345421,53196.0,5647.2,0,0,1,0
299.3,308.6,1498,39.5,47,9.300000000000011,6196.3726301853885,59171.0,1856.5,1,0,0,0
297.5,308.5,1536,36.9,108,11.0,5935.348168574124,56678.399999999994,3985.2,0,1,0,0
296.4,307.2,1748,25.3,144,10.800000000000011,4631.168338313882,44224.4,3643.2000000000003,0,1,0,0
300.7,310.9,1356,65.3,66,10.199999999999989,9272.599212629488,88546.8,4309.8,0,1,0,1
300.7,311.0,1981,19.9,99,10.300000000000011,4128.251714351715,39421.899999999994,1970.1,1,0,0,0
299.3,310.0,1373,44.8,221,10.699999999999989,6441.35402531232,61510.399999999994,9900.8,1,0,0,0
297.9,307.6,1519,44.0,37,9.700000000000045,6999.0495531775805,66836.0,1628.0,0,0,1,0
299.2,308.7,1401,47.0,198,9.5,6895.481715364236,65847.0,9306.0,0,0,1,0
300.4,312.0,1366,43.0,117,11.600000000000023,6151.028976218576,58738.0,5031.0,0,1,0,0
302.1,310.8,1622,36.8,45,8.699999999999989,6250.680295190443,59689.6,1655.9999999999998,0,1,0,0
298.1,307.4,1363,60.1,187,9.299999999999955,8578.254876308585,81916.3,11238.7,0,0,1,0
303.6,312.4,1460,53.7,214,8.799999999999955,8210.238240891566,78402.0,11491.800000000001,1,0,0,0
297.0,307.8,1609,35.6,193,10.800000000000011,5998.389461156159,57280.4,6870.8,0,1,0,0
301.7,311.1,1399,55.1,156,9.400000000000034,8072.311851423463,77084.90000000001,8595.6,0,1,0,0
301.1,311.1,1470,40.6,159,10.0,6249.884425051534,59682.0,6455.400000000001,0,0,1,0
299.1,310.4,1452,39.7,151,11.299999999999955,6036.507452019717,57644.4,5994.700000000001,0,1,0,0
301.6,310.8,1726,26.7,150,9.199999999999989,4825.926138885425,46084.2,4005.0,0,1,0,0
297.5,308.9,1427,50.4,17,11.399999999999977,7531.5285640100265,71920.8,856.8,0,1,0,0
300.9,311.3,1953,19.4,107,10.400000000000034,3967.643025924693,37888.2,2075.7999999999997,0,1,0,0
297.9,307.5,1561,37.7,16,9.600000000000023,6162.726172865442,58849.700000000004,603.2,0,1,0,0
302.6,312.1,1502,47.3,171,9.5,7439.773114574179,71044.59999999999,8088.299999999999,0,1,0,0
300.5,312.0,1375,43.2,108,11.5,6220.35345410779,59400.00000000001,4665.6,1,0,0,0
299.8,310.6,1574,31.8,113,10.800000000000011,5241.558846955354,50053.200000000004,3593.4,0,0,1,0
297.6,309.0,1491,43.2,7,11.399999999999977,6745.125090963429,64411.200000000004,302.40000000000003,0,1,0,0
300.8,309.7,1680,28.2,189,8.899999999999977,4961.203118549001,47376.0,5329.8,0,0,1,0
298.5,309.5,1385,46.3,203,11.0,6715.206656925743,64125.49999999999,9398.9,0,1,0,1
296.9,308.0,1658,41.0,74,11.100000000000023,7118.639513524233,67978.0,3034.0,0,1,0,0
300.2,309.8,1743,24.1,18,9.600000000000023,4398.889449482965,42006.3,433.8,0,0,1,0
297.9,307.4,1610,34.6,219,9.5,5833.5186786957665,55706.0,7577.400000000001,0,0,1,0
299.9,309.6,1254,61.3,124,9.700000000000045,8049.828519999271,76870.2,7601.2,0,1,0,0
298.1,308.2,1390,47.5,33,10.099999999999966,6914.1218317755365,66025.0,1567.5,0,1,0,0
296.6,307.4,1406,41.5,189,10.799999999999955,6110.2929914770275,58349.0,7843.5,1,0,0,0
302.7,311.8,1461,46.1,10,9.100000000000023,7053.095418794837,67352.1,461.0,0,1,0,0
297.9,308.5,1683,28.5,63,10.600000000000023,5022.935414192041,47965.5,1795.5,0,1,0,0
300.0,309.9,1530,34.5,71,9.899999999999977,5527.632273991241,52785.0,2449.5,0,0,1,0
298.4,309.7,1581,34.6,150,11.300000000000011,5728.4428764087015,54702.600000000006,5190.0,0,1,0,0
299.1,308.3,1524,34.1,128,9.199999999999989,5442.118121960527,51968.4,4364.8,0,1,0,0
295.6,306.1,1389,46.2,113,10.5,6720.0551815877825,64171.8,5220.6,0,1,0,0
296.3,307.3,1566,35.8,175,11.0,5870.882687322461,56062.799999999996,6264.999999999999,0,1,0,0
302.2,311.4,1477,41.7,15,9.199999999999989,6449.783965599452,61590.9,625.5,0,1,0,0
300.2,309.4,1459,43.9,39,9.199999999999989,6707.31078738972,64050.1,1712.1,0,0,1,0
301.9,310.9,2305,16.1,42,9.0,3886.2024723681343,37110.5,676.2,0,0,1,0
298.8,309.5,1368,44.7,147,10.699999999999989,6403.571137665147,61149.600000000006,6570.900000000001,0,1,0,0
298.7,308.6,1499,43.5,84,9.900000000000034,6828.408712210095,65206.5,3654.0,1,0,0,0
299.6,310.8,1400,40.8,118,11.199999999999989,5981.592412434965,57119.99999999999,4814.4,0,1,0,0
297.2,308.5,1588,40.4,190,11.300000000000011,6718.316833652796,64155.2,7676.0,0,1,0,0
299.8,309.6,1447,43.1,12,9.800000000000011,6530.920831866165,62365.700000000004,517.2,0,1,0,0
300.3,309.6,1488,41.3,172,9.300000000000011,6435.489719025619,61454.399999999994,7103.599999999999,0,0,1,0
297.8,307.3,1516,40.1,166,9.5,6366.081465332309,60791.6,6656.6,1,0,0,0
298.3,308.9,1708,28.0,42,10.599999999999966,5008.117568842609,47824.0,1176.0,0,1,0,0
299.5,308.8,1886,20.9,117,9.300000000000011,4127.780475453677,39417.399999999994,2445.2999999999997,0,0,1,0
299.2,309.0,1881,23.9,137,9.800000000000011,4707.770839183913,44955.899999999994,3274.2999999999997,0,0,1,0
300.7,310.7,1314,42.4,198,10.0,5834.314548834677,55713.6,8395.199999999999,0,1,0,0
302.0,310.7,2157,17.8,17,8.699999999999989,4020.673109917289,38394.6,302.6,0,0,1,0
298.8,309.1,1418,46.3,133,10.300000000000011,6875.207970773071,65653.4,6157.9,0,1,0,0
297.5,309.3,1675,29.8,72,11.800000000000011,5227.0865767978175,49915.0,2145.6,0,1,0,0
298.8,310.2,1595,33.1,34,11.399999999999977,5528.627111664879,52794.5,1125.4,0,0,1,0
300.8,309.4,1946,20.5,111,8.599999999999966,4177.585190988587,39893.0,2275.5,0,1,0,0
298.8,309.2,1372,48.5,120,10.399999999999977,6968.261945172401,66542.0,5820.0,1,0,0,0
299.0,310.4,1565,36.1,127,11.399999999999977,5916.299645117858,56496.5,4584.7,0,1,0,0
298.2,308.4,1385,42.2,98,10.199999999999989,6120.555527478756,58447.00000000001,4135.6,1,0,0,0
297.3,308.8,1447,57.4,134,11.5,8697.792476777677,83057.8,7691.599999999999,0,0,1,0
299.8,311.3,1785,25.4,139,11.5,4747.888977370255,45339.0,3530.6,1,0,0,0
298.5,309.0,1450,40.5,199,10.5,6149.66761940202,58725.0,8059.5,0,1,0,0
298.9,310.6,1585,38.1,7,11.700000000000045,6323.868932043574,60388.5,266.7,0,1,0,0
298.2,308.9,1512,38.5,28,10.699999999999989,6095.946385025635,58212.0,1078.0,0,0,1,0
300.1,309.7,1410,48.3,118,9.599999999999966,7131.729482914189,68103.0,5699.4,0,1,0,0
297.2,308.5,1524,41.4,192,11.300000000000011,6607.146341617765,63093.6,7948.799999999999,1,0,0,0
299.4,310.9,1446,47.3,12,11.5,7162.391427213225,68395.8,567.5999999999999,0,0,1,0
302.2,311.4,1642,32.1,42,9.199999999999989,5519.589796798051,52708.200000000004,1348.2,0,0,1,0
298.2,308.2,1667,30.6,59,10.0,5341.775652604869,51010.200000000004,1805.4,0,1,0,0
299.9,310.0,1402,44.7,204,10.100000000000023,6562.724221496007,62669.4,9118.800000000001,0,1,0,0
296.7,307.6,1474,41.7,148,10.900000000000034,6436.683524233985,61465.8,6171.6,0,1,0,0
300.9,309.5,1612,35.2,124,8.600000000000023,5942.050232901783,56742.4,4364.8,0,1,0,0
300.6,311.6,1669,29.2,200,11.0,5103.4963218055955,48734.799999999996,5840.0,0,0,1,0
300.1,309.7,1485,45.9,100,9.599999999999966,7137.85558858869,68161.5,4590.0,0,1,0,0
302.3,311.7,1341,46.3,194,9.399999999999977,6501.871571795972,62088.299999999996,8982.199999999999,0,0,1,0
303.8,312.7,1838,27.8,181,8.899999999999977,5350.802495496183,51096.4,5031.8,0,1,0,0
297.5,309.3,1479,39.4,22,11.800000000000011,6102.292402185886,58272.6,866.8,0,1,0,0
301.2,310.7,1644,31.6,166,9.5,5440.2331663683735,51950.4,5245.6,0,1,0,0
303.0,311.2,1374,48.2,65,8.199999999999989,6935.254278358685,66226.8,3133.0,0,1,0,1
301.7,311.1,1469,37.2,128,9.400000000000034,5722.599514073024,54646.8,4761.6,0,1,0,0
301.0,310.5,1378,44.4,83,9.5,6407.089721437167,61183.2,3685.2,0,1,0,0
300.4,311.3,1350,56.5,31,10.900000000000034,7987.49932175205,76275.0,1751.5,0,0,1,0
302.0,310.3,1648,29.6,157,8.300000000000011,5108.313430541099,48780.8,4647.2,0,1,0,0
302.6,310.4,1415,52.1,12,7.7999999999999545,7720.097427053998,73721.5,625.2,0,1,0,0
299.3,308.5,1422,43.1,186,9.199999999999989,6418.085295724732,61288.200000000004,8016.6,0,0,1,0
297.4,308.7,1349,48.9,120,11.300000000000011,6907.953838198988,65966.09999999999,5868.0,1,0,0,0
301.0,312.0,1518,39.3,196,11.0,6247.308319075591,59657.399999999994,7702.799999999999,0,1,0,0
298.8,310.3,1366,59.0,94,11.5,8439.78394411386,80594.0,5546.0,0,0,1,0
297.5,308.5,1459,39.7,69,11.0,6065.609071967469,57922.3,2739.3,0,1,0,0
296.9,307.5,1354,44.4,16,10.600000000000023,6295.500350381658,60117.6,710.4,0,1,0,0
297.4,308.8,1628,37.4,144,11.400000000000034,6376.092673921749,60887.2,5385.599999999999,0,0,1,0
296.9,308.0,1416,46.9,105,11.100000000000023,6954.480825398654,66410.4,4924.5,1,0,0,0
302.8,312.4,1651,27.0,200,9.599999999999966,4668.092523969073,44577.0,5400.0,0,1,0,0
299.1,308.6,1611,31.4,161,9.5,5297.2907006300375,50585.399999999994,5055.4,0,1,0,0
298.0,307.6,1548,45.8,111,9.600000000000023,7424.4630863756865,70898.4,5083.799999999999,0,1,0,0
298.6,309.5,1325,52.2,127,10.899999999999977,7242.9418628512685,69165.0,6629.400000000001,0,1,0,0
303.2,311.4,1238,54.6,226,8.199999999999989,7078.5109033623785,67594.8,12339.6,0,1,0,1
299.0,308.9,1511,35.9,16,9.899999999999977,5680.512644490432,54244.9,574.4,0,1,0,0
304.1,313.4,1696,29.6,65,9.299999999999955,5257.099258615112,50201.600000000006,1924.0,1,0,0,0
301.3,311.2,1457,44.5,14,9.899999999999977,6789.66240281582,64836.5,623.0,0,1,0,0
297.5,308.9,1427,44.7,135,11.399999999999977,6679.748547842227,63786.9,6034.5,0,1,0,0
300.9,312.0,1375,56.1,182,11.100000000000023,8077.820110542754,77137.5,10210.2,0,0,1,0
297.1,308.5,1578,35.6,46,11.399999999999977,5882.820739406103,56176.8,1637.6000000000001,0,1,0,0
301.4,310.4,1496,35.2,153,9.0,5514.458528797189,52659.200000000004,5385.6,0,1,0,0
300.5,310.5,1403,47.7,24,10.0,7008.170643848503,66923.1,1144.8000000000002,1,0,0,0
300.3,309.2,1412,44.8,200,8.899999999999977,6624.32038145739,63257.6,8960.0,0,1,0,0
304.1,313.2,1468,39.4,148,9.099999999999966,6056.906860317026,57839.2,5831.2,0,1,0,0
298.2,308.3,1476,43.5,129,10.100000000000023,6723.636597212875,64206.0,5611.5,0,0,1,0
298.6,309.6,1423,42.7,82,11.0,6362.992232556279,60762.100000000006,3501.4,0,1,0,0
296.0,306.7,1416,44.2,46,10.699999999999989,6554.116257625171,62587.200000000004,2033.2,0,1,0,0
300.5,311.6,1661,30.0,158,11.100000000000023,5218.185397612647,49830.0,4740.0,0,1,0,0
299.0,308.1,1242,60.9,117,9.100000000000023,7920.771893789802,75637.8,7125.3,0,1,0,0
301.5,310.9,1891,23.2,122,9.399999999999977,4594.181320805617,43871.2,2830.4,0,1,0,0
300.6,309.3,1510,46.0,87,8.699999999999989,7273.834190611567,69460.0,4002.0,0,0,1,0
297.5,308.7,1443,46.2,110,11.199999999999989,6981.310026660311,66666.6,5082.0,0,1,0,0
300.3,311.6,1595,38.8,154,11.300000000000011,6480.686765335265,61885.99999999999,5975.2,0,1,0,0
300.7,312.2,1590,38.5,148,11.5,6410.419809649972,61215.0,5698.0,0,1,0,0
302.2,311.5,1482,45.6,87,9.300000000000011,7076.877275182513,67579.2,3967.2000000000003,0,1,0,0
300.8,310.3,1777,30.1,38,9.5,5601.218845913826,53487.700000000004,1143.8,1,0,0,0
298.4,308.0,1508,47.9,25,9.600000000000023,7564.243015509407,72233.2,1197.5,0,1,0,0
302.1,311.0,1711,28.7,83,8.899999999999977,5142.336878979476,49105.7,2382.1,0,0,1,0
297.2,308.5,2182,16.5,127,11.300000000000011,3770.2253435731104,36003.0,2095.5,0,1,0,0
298.7,308.5,1660,27.0,50,9.800000000000011,4693.539424463151,44820.0,1350.0,0,0,1,0
297.5,308.8,1824,24.0,179,11.300000000000011,4584.212000118227,43776.0,4296.0,1,0,0,0
300.9,312.0,1533,44.0,162,11.100000000000023,7063.5569223312905,67452.0,7128.0,0,1,0,0
297.3,308.4,1370,50.5,71,11.099999999999966,7245.03625795366,69185.0,3585.5,0,0,1,0
303.6,311.8,1627,30.8,104,8.199999999999989,5247.674480654343,50111.6,3203.2000000000003,0,0,1,0
298.1,307.8,1540,37.8,203,9.699999999999989,6095.946385025634,58211.99999999999,7673.4,0,1,0,0
298.3,308.5,1606,33.6,67,10.199999999999989,5650.845537865033,53961.600000000006,2251.2000000000003,0,1,0,0
298.4,309.3,1545,36.9,3,10.900000000000034,5970.125599249363,57010.5,110.69999999999999,0,1,0,0
300.1,311.4,1617,39.3,47,11.299999999999955,6654.741470319651,63548.1,1847.1,0,0,1,0
300.0,309.8,1372,39.6,105,9.800000000000011,5689.5499593572595,54331.200000000004,4158.0,0,1,0,0
295.7,306.3,1685,34.9,84,10.600000000000023,6158.202279444273,58806.5,2931.6,0,0,1,0
300.6,311.9,1425,44.9,224,11.299999999999955,6700.23173194363,63982.5,10057.6,0,1,0,0
297.8,309.0,1576,45.0,17,11.199999999999989,7426.725033086271,70920.0,765.0,0,0,1,0
302.4,310.1,1358,54.6,61,7.7000000000000455,7764.634738906389,74146.8,3330.6,0,0,1,1
299.4,308.8,1627,32.6,124,9.400000000000034,5554.356755497779,53040.200000000004,4042.4,0,1,0,0
301.8,310.7,1441,49.3,58,8.899999999999977,7439.427539382286,71041.3,2859.3999999999996,0,1,0,0
300.4,309.3,1671,35.0,209,8.900000000000034,6124.534878173302,58485.0,7315.0,0,1,0,0
302.0,309.8,1480,40.0,199,7.800000000000011,6199.409503083858,59200.0,7960.0,0,1,0,0
300.5,309.8,1421,49.6,211,9.300000000000011,7380.815892441812,70481.6,10465.6,0,1,0,0
300.2,311.6,1465,41.4,78,11.400000000000034,6351.357867762485,60651.0,3229.2,0,0,1,0
302.6,311.5,1885,27.5,147,8.899999999999977,5428.410306015363,51837.5,4042.5,0,1,0,0
299.2,308.4,1386,54.1,26,9.199999999999989,7852.1595102354,74982.6,1406.6000000000001,0,1,0,0
300.2,311.8,1464,44.5,179,11.600000000000023,6822.282606535594,65148.0,7965.5,0,1,0,0
301.8,310.6,1552,35.9,97,8.800000000000011,5834.649652051058,55716.799999999996,3482.2999999999997,0,0,1,0
297.7,308.8,2089,19.1,111,11.100000000000023,4178.307757298913,39899.9,2120.1000000000004,0,0,1,0
302.1,311.3,1415,44.1,43,9.199999999999989,6534.669799099449,62401.5,1896.3,0,1,0,0
298.8,309.9,1495,35.2,60,11.099999999999966,5510.772393416976,52624.00000000001,2112.0,0,0,1,0
298.9,310.1,1441,41.2,189,11.200000000000045,6217.128085650106,59369.200000000004,7786.8,0,0,1,0
301.4,309.9,1460,47.2,22,8.5,7216.447764805995,68912.0,1038.4,1,0,0,0
298.2,309.1,1457,49.0,77,10.900000000000034,7476.25747725787,71393.0,3773.0,0,0,1,0
298.7,309.9,1411,45.1,51,11.199999999999989,6663.956808770181,63636.1,2300.1,0,0,1,0
297.5,308.6,1208,62.3,28,11.100000000000023,7881.041218697402,75258.4,1744.3999999999999,0,1,0,0
303.1,312.6,1567,32.9,132,9.5,5398.753671365475,51554.299999999996,4342.8,0,0,1,0
298.7,310.3,1481,41.5,83,11.600000000000023,6436.23322928697,61461.5,3444.5,0,0,1,0
298.7,308.6,1297,55.3,148,9.900000000000034,7510.93018817799,71724.09999999999,8184.4,0,1,0,0
297.4,308.6,1434,44.4,193,11.200000000000045,6667.464920566689,63669.6,8569.199999999999,0,0,1,0
303.0,311.2,1755,30.4,205,8.199999999999989,5587.008375144087,53352.0,6232.0,0,1,0,0
299.3,310.6,1457,42.1,104,11.300000000000011,6423.478363113394,61339.700000000004,4378.400000000001,0,0,1,0
302.0,309.8,1701,27.2,4,7.800000000000011,4845.089854072322,46267.2,108.8,0,1,0,0
300.4,309.8,1435,43.6,203,9.400000000000034,6551.896198816634,62566.0,8850.800000000001,0,0,1,0
300.9,310.5,1565,35.9,81,9.600000000000023,5883.522361765404,56183.5,2907.9,0,1,0,0
300.9,310.4,1561,32.7,67,9.5,5345.388484156498,51044.700000000004,2190.9,0,1,0,0
302.1,311.1,1605,37.6,171,9.0,6319.627781961228,60348.0,6429.6,0,0,1,0
300.2,311.6,1467,40.7,23,11.400000000000034,6252.491946954015,59706.9,936.1,0,0,1,0
300.3,311.3,1525,40.7,105,11.0,6499.693400889483,62067.50000000001,4273.5,0,1,0,0
297.5,308.6,1440,46.1,84,11.100000000000023,6951.716223863495,66384.0,3872.4,1,0,0,0
302.6,312.3,1321,53.4,42,9.699999999999989,7387.078133797968,70541.4,2242.7999999999997,0,1,0,0
298.1,307.7,1537,40.8,169,9.599999999999966,6566.933955651816,62709.6,6895.2,0,1,0,0
299.3,308.8,1772,25.2,89,9.5,4676.197833015335,44654.4,2242.7999999999997,0,1,0,0
303.1,311.3,1847,24.7,212,8.199999999999989,4777.4094763384865,45620.9,5236.4,0,0,1,0
296.9,308.1,1357,41.8,127,11.200000000000045,5939.976781750413,56722.6,5308.599999999999,0,0,1,0
297.4,308.7,1481,48.0,117,11.300000000000011,7444.317951946374,71088.0,5616.0,0,0,1,0
297.5,309.4,1517,36.7,233,11.899999999999977,5830.157174556427,55673.9,8551.1,0,1,0,0
295.4,305.8,1407,50.7,192,10.400000000000034,7470.1732594854175,71334.90000000001,9734.400000000001,0,1,0,0
302.6,312.3,1566,36.6,46,9.699999999999989,6002.075596536371,57315.600000000006,1683.6000000000001,0,0,1,0
302.5,311.9,1437,46.7,65,9.399999999999977,7027.522854594617,67107.90000000001,3035.5,0,1,0,0
297.7,308.4,1418,51.9,77,10.699999999999989,7706.766602227266,73594.2,3996.2999999999997,1,0,0,0
300.1,309.2,1438,51.0,211,9.099999999999966,7679.9374009656085,73338.0,10761.0,0,0,1,0
301.5,310.4,1329,46.6,24,8.899999999999977,6485.441042217698,61931.4,1118.4,0,1,0,0
297.5,308.2,1563,38.2,15,10.699999999999989,6252.460531027478,59706.600000000006,573.0,0,1,0,0
301.0,310.5,1932,21.7,79,9.5,4390.312901538664,41924.4,1714.3,0,1,0,0
300.5,309.3,1470,40.8,219,8.800000000000011,6280.672033056713,59975.99999999999,8935.199999999999,0,1,0,0
301.6,310.8,1290,65.3,63,9.199999999999989,8821.27801201478,84237.0,4113.9,0,0,1,0
302.5,311.6,1595,29.5,35,9.100000000000023,4927.326277767792,47052.5,1032.5,0,1,0,0
298.1,307.9,1662,28.9,76,9.799999999999955,5029.878333956473,48031.799999999996,2196.4,0,0,1,0
299.8,309.4,1751,27.0,173,9.599999999999966,4950.835862792155,47277.0,4671.0,0,0,1,0
299.9,309.4,1487,42.2,198,9.5,6571.3112414158195,62751.4,8355.6,0,0,1,0
298.6,309.6,1593,33.3,95,11.0,5555.058377857079,53046.899999999994,3163.4999999999995,1,0,0,0
300.0,311.2,1351,44.1,206,11.199999999999989,6239.108762249722,59579.1,9084.6,0,1,0,0
300.8,310.9,1557,31.6,52,10.099999999999966,5152.337615593405,49201.200000000004,1643.2,0,0,1,0
300.4,310.5,1818,25.1,14,10.100000000000023,4778.550921669292,45631.8,351.40000000000003,0,1,0,0
303.4,312.8,1590,36.3,113,9.400000000000034,6044.110106241402,57716.99999999999,4101.9,0,0,1,0
301.2,310.8,1461,40.6,47,9.600000000000023,6211.619826530811,59316.6,1908.2,0,1,0,0
300.1,311.3,1523,34.1,135,11.199999999999989,5438.547178310947,51934.3,4603.5,0,0,1,0
300.1,309.4,1434,47.3,127,9.299999999999955,7102.952494207307,67828.2,6007.099999999999,0,1,0,0
296.7,307.8,1468,39.2,35,11.100000000000023,6026.161140213894,57545.600000000006,1372.0,0,1,0,0
298.3,307.9,1609,32.4,151,9.599999999999966,5459.208385996054,52131.6,4892.4,0,0,1,0
298.2,308.7,1780,27.9,35,10.5,5200.592478752544,49662.0,976.5,0,1,0,0
302.5,311.4,1409,53.1,126,8.899999999999977,7834.912166567193,74817.90000000001,6690.6,0,1,0,0
302.6,311.0,1537,35.5,91,8.399999999999977,5713.876358471556,54563.5,3230.5,0,1,0,0
301.3,310.7,1391,52.5,61,9.399999999999977,7647.421917000955,73027.5,3202.5,0,0,1,0
300.1,309.3,1443,50.3,196,9.199999999999989,7600.863513874753,72582.9,9858.8,0,0,1,0
298.7,309.7,1601,35.7,176,11.0,5985.330907692738,57155.700000000004,6283.200000000001,0,1,0,0
297.5,309.4,1497,35.8,44,11.899999999999977,5612.203948225878,53592.6,1575.1999999999998,0,1,0,0
298.3,309.0,1657,32.2,179,10.699999999999989,5587.364422311495,53355.4,5763.8,0,1,0,0
299.4,309.0,1391,58.2,135,9.600000000000023,8477.713439418201,80956.2,7857.0,0,1,0,0
299.9,309.4,1348,52.8,31,9.5,7453.365738788712,71174.4,1636.8,0,1,0,0
298.3,308.2,1534,33.2,75,9.899999999999977,5333.251464538129,50928.8,2490.0,1,0,0,0
300.5,309.3,1528,37.0,221,8.800000000000011,5920.4360754450845,56536.0,8177.0,0,1,0,0
297.6,307.2,1470,42.6,44,9.599999999999966,6557.760505103334,62622.0,1874.4,0,0,1,0
299.9,311.3,1445,41.2,169,11.400000000000034,6234.385901293825,59534.00000000001,6962.8,0,0,1,0
299.2,310.5,1391,45.8,38,11.300000000000011,6671.465215212261,63707.799999999996,1740.3999999999999,0,1,0,0
301.6,310.2,1384,57.1,68,8.599999999999966,8275.625255988281,79026.40000000001,3882.8,0,1,0,0
299.8,310.8,1530,35.2,163,11.0,5639.787131724397,53856.00000000001,5737.6,0,0,1,0
297.9,307.4,1435,42.9,18,9.5,6446.7052047989355,61561.5,772.1999999999999,0,0,1,0
297.5,308.5,1712,26.8,136,11.0,4804.709916498182,45881.6,3644.8,0,1,0,0
302.2,311.4,1987,19.9,200,9.199999999999989,4140.755253113002,39541.299999999996,3979.9999999999995,0,1,0,0
298.6,309.7,1675,28.4,115,11.099999999999966,4981.518751042216,47570.0,3266.0,0,0,1,0
303.0,311.2,1383,44.6,198,8.199999999999989,6459.30299133983,61681.8,8830.800000000001,0,1,0,0
297.7,309.0,1433,41.8,16,11.300000000000011,6272.650499814547,59899.399999999994,668.8,0,0,1,0
297.5,309.4,1357,50.1,137,11.899999999999977,7119.4458556386535,67985.7,6863.7,0,1,0,0
299.6,309.0,1372,60.4,149,9.399999999999977,8678.000443060062,82868.8,8999.6,0,1,0,0
297.5,308.6,1497,43.9,91,11.100000000000023,6882.004282880336,65718.3,3994.9,0,1,0,0
300.7,310.8,1486,37.1,186,10.100000000000023,5773.262931599915,55130.6,6900.6,0,1,0,0
301.7,310.9,1557,39.4,2,9.199999999999989,6424.117153619624,61345.799999999996,78.8,0,1,0,0
297.3,308.4,1417,47.8,31,11.099999999999966,7092.941285617867,67732.59999999999,1481.8,0,1,0,0
300.4,309.4,1487,38.9,185,9.0,6057.440931068136,57844.299999999996,7196.5,1,0,0,0
300.0,309.6,1364,45.9,16,9.600000000000023,6556.25254062961,62607.6,734.4,0,1,0,0
300.4,310.3,1537,35.0,33,9.900000000000034,5633.399226662098,53795.0,1155.0,0,0,1,0
298.4,307.9,1981,23.2,16,9.5,4812.836169495467,45959.2,371.2,0,1,0,0
302.6,310.4,1743,26.3,191,7.7999999999999545,4800.447822464812,45840.9,5023.3,0,1,0,0
302.3,310.8,1438,43.8,119,8.5,6595.710944358699,62984.399999999994,5212.2,1,0,0,0
302.9,311.2,1467,37.7,73,8.300000000000011,5791.620304672392,55305.9,2752.1000000000004,0,0,1,0
299.9,309.4,1322,53.9,33,9.5,7461.889926855453,71255.8,1778.7,0,1,0,0
304.2,313.2,1396,50.5,11,9.0,7382.533296425775,70498.0,555.5,0,0,1,0
298.4,308.6,1304,45.0,158,10.200000000000045,6144.955230421636,58680.0,7110.0,0,1,0,0
297.7,309.1,1479,42.1,58,11.400000000000034,6520.4698003052235,62265.9,2441.8,0,1,0,0
302.0,311.1,1769,26.0,10,9.100000000000023,4816.480416973631,45994.0,260.0,0,0,1,0
299.1,310.2,1569,38.2,155,11.099999999999966,6276.462298900905,59935.8,5921.0,0,1,0,0
300.2,309.5,1630,28.3,51,9.300000000000011,4830.617583914785,46129.0,1443.3,0,0,1,0
302.6,311.4,1718,31.2,154,8.799999999999955,5613.1464260219545,53601.6,4804.8,0,0,1,0
302.2,311.7,1584,36.2,63,9.5,6004.714534365387,57340.8,2280.6000000000004,0,0,1,0
302.8,312.2,1433,50.0,216,9.399999999999977,7503.170454323622,71650.0,10800.0,0,1,0,0
301.5,310.5,1534,39.3,119,9.0,6313.156101094833,60286.2,4676.7,0,1,0,0
303.6,312.9,1480,41.4,135,9.299999999999955,6416.388835691793,61272.0,5589.0,0,1,0,0
298.3,309.4,1668,27.1,136,11.099999999999966,4733.626146722957,45202.8,3685.6000000000004,0,1,0,0
298.9,310.0,1791,27.6,166,11.100000000000023,5176.465047172974,49431.600000000006,4581.6,0,1,0,0
300.1,309.8,1532,39.8,115,9.699999999999989,6385.140460764086,60973.6,4577.0,0,1,0,0
297.4,309.2,1584,42.8,186,11.800000000000011,7099.496742288357,67795.2,7960.799999999999,0,1,0,0
300.6,309.5,1495,36.5,79,8.899999999999977,5714.295237492034,54567.5,2883.5,1,0,0,0
298.8,308.6,1730,25.9,59,9.800000000000011,4692.178067646595,44807.0,1528.1,0,1,0,0
298.7,308.5,1572,35.6,202,9.800000000000011,5860.452599712544,55963.200000000004,7191.200000000001,1,0,0,0
297.9,307.7,1517,39.5,69,9.800000000000011,6274.964806402693,59921.5,2725.5,0,0,1,0
300.6,310.5,1644,33.8,148,9.899999999999977,5818.983576685158,55567.2,5002.4,0,1,0,0
302.2,310.9,1452,42.3,56,8.699999999999989,6431.845471547455,61419.6,2368.7999999999997,0,1,0,0
299.3,308.3,1651,28.0,6,9.0,4840.984839671632,46228.0,168.0,0,1,0,0
298.1,307.6,1488,39.4,157,9.5,6139.426027351317,58627.2,6185.8,0,1,0,0
297.3,308.1,1566,35.7,156,10.800000000000011,5854.483573670723,55906.200000000004,5569.200000000001,0,1,0,0
300.0,309.4,1499,35.7,46,9.399999999999977,5604.004391400009,53514.3,1642.2,0,1,0,0
298.4,308.2,1618,33.0,61,9.800000000000011,5591.406604859114,53394.0,2013.0,0,1,0,0
301.7,310.8,1559,44.5,135,9.100000000000023,7264.9853713039565,69375.5,6007.5,0,1,0,0
297.4,308.0,1356,51.9,184,10.600000000000023,7369.799374203222,70376.4,9549.6,0,1,0,0
300.7,310.6,1288,47.2,216,9.900000000000034,6366.290904842548,60793.600000000006,10195.2,0,1,0,0
301.3,309.9,1501,39.5,27,8.599999999999966,6208.7819211670685,59289.5,1066.5,0,0,1,0
303.4,311.9,1377,41.6,34,8.5,5998.682676470495,57283.200000000004,1414.4,0,1,0,1
301.8,311.1,1413,42.2,9,9.300000000000011,6244.292390128145,59628.600000000006,379.8,0,0,1,0
299.1,309.0,1405,53.8,18,9.899999999999977,7915.661569739963,75589.0,968.4,0,1,0,0
302.1,311.0,1586,35.1,142,8.899999999999977,5829.602159854292,55668.600000000006,4984.2,0,1,0,0
300.7,311.7,1524,43.5,222,11.0,6942.291445902724,66294.0,9657.0,0,1,0,0
299.3,310.4,1725,26.8,167,11.099999999999966,4841.194279181871,46230.0,4475.6,0,1,0,0
299.6,309.4,1605,29.8,142,9.799999999999955,5008.641167618207,47829.0,4231.6,0,0,1,0
299.2,310.6,1370,61.9,42,11.400000000000034,8880.549393412506,84803.0,2599.7999999999997,0,1,0,0
302.6,310.2,2157,17.2,94,7.599999999999966,3885.1448028414247,37100.4,1616.8,0,0,1,0
300.7,309.6,1473,48.1,87,8.900000000000034,7419.530785909551,70851.3,4184.7,0,0,1,0
299.3,308.9,1258,69.4,119,9.599999999999966,9142.579164672921,87305.20000000001,8258.6,0,1,0,1
300.0,309.1,1489,40.3,7,9.100000000000023,6283.886929538887,60006.7,282.09999999999997,0,1,0,0
297.4,308.5,1471,43.9,45,11.100000000000023,6762.477154386757,64576.9,1975.5,0,1,0,0
298.7,309.8,1343,53.6,134,11.100000000000023,7538.230628337684,71984.8,7182.400000000001,0,0,1,0
298.1,310.0,1534,33.7,47,11.899999999999977,5413.571516714908,51695.8,1583.9,0,1,0,0
298.9,309.6,1365,50.9,183,10.700000000000045,7275.771506081281,69478.5,9314.699999999999,0,1,0,0
302.2,311.3,1389,46.9,106,9.100000000000023,6821.874199490627,65144.1,4971.4,0,1,0,0
303.1,312.6,1895,23.5,129,9.5,4663.432494866249,44532.5,3031.5,0,0,1,0
298.4,308.9,1402,44.8,201,10.5,6577.405931163782,62809.6,9004.8,0,1,0,0
302.8,312.4,1368,49.5,10,9.599999999999966,7091.2029376828805,67716.0,495.0,0,1,0,0
297.3,308.8,1554,36.1,70,11.5,5874.715430359841,56099.4,2527.0,0,1,0,0
298.6,308.2,1555,36.8,36,9.599999999999966,5992.48326696741,57223.99999999999,1324.8,1,0,0,0
301.6,311.3,1706,29.9,93,9.699999999999989,5341.691876800773,51009.399999999994,2780.7,0,1,0,0
300.7,311.1,1608,35.3,167,10.400000000000034,5944.1446280041755,56762.399999999994,5895.099999999999,0,0,1,0
303.8,312.5,1372,45.7,180,8.699999999999989,6565.970533904717,62700.4,8226.0,0,1,0,0
301.5,310.5,1774,25.5,121,9.0,4737.20756234805,45237.0,3085.5,0,0,1,0
301.4,311.2,1355,50.6,37,9.800000000000011,7179.900570269234,68563.0,1872.2,0,1,0,0
300.3,311.5,1400,43.8,0,11.199999999999989,6421.415383937536,61319.99999999999,0.0,0,0,1,0
297.9,308.1,1585,33.5,212,10.200000000000045,5560.3571974661345,53097.5,7102.0,0,1,0,0
301.9,310.9,1309,48.0,124,9.0,6579.751653678462,62832.0,5952.0,0,1,0,0
297.4,308.4,1531,41.5,213,11.0,6653.526721160263,63536.5,8839.5,0,1,0,0
296.6,307.6,1542,37.4,88,11.0,6039.272053554874,57670.799999999996,3291.2,0,1,0,0
298.1,308.3,1301,56.0,63,10.199999999999989,7629.462478997933,72856.0,3528.0,0,1,0,0
300.6,312.1,1293,52.3,49,11.5,7081.558248236361,67623.9,2562.7,0,0,1,0
297.4,309.3,1332,53.2,115,11.900000000000034,7420.693175191379,70862.40000000001,6118.0,0,1,0,0
299.8,310.6,1707,32.5,124,10.800000000000011,5809.590214650925,55477.5,4030.0,0,1,0,0
299.8,309.4,1412,47.8,130,9.599999999999966,7067.913264144268,67493.59999999999,6214.0,0,0,1,0
302.3,311.1,1630,35.6,183,8.800000000000011,6076.677950083617,58028.0,6514.8,0,1,0,0
302.9,312.2,1745,25.5,98,9.300000000000011,4659.767303437061,44497.5,2499.0,0,0,1,0
302.3,311.1,1295,57.1,146,8.800000000000011,7743.449932445681,73944.5,8336.6,0,0,1,0
298.5,309.3,1692,26.7,118,10.800000000000011,4730.861545187797,45176.4,3150.6,0,0,1,0
303.6,312.4,1363,53.1,7,8.799999999999955,7579.123692711912,72375.3,371.7,0,1,0,0
300.6,309.5,1576,38.8,124,8.899999999999977,6403.487361861051,61148.799999999996,4811.2,0,1,0,0
298.2,308.7,1269,60.9,163,10.5,8092.962587133058,77282.09999999999,9926.699999999999,0,0,1,0
298.2,307.8,1355,51.3,70,9.600000000000023,7279.227258000231,69511.5,3591.0,0,1,0,0
301.7,310.8,1622,37.8,0,9.100000000000023,6420.535737994532,61311.6,0.0,0,1,0,0
304.2,313.5,1684,29.8,156,9.300000000000011,5255.17241512091,50183.200000000004,4648.8,1,0,0,0
299.7,309.3,1592,34.2,8,9.600000000000023,5701.613675147044,54446.4,273.6,0,1,0,0
299.7,309.2,1422,40.4,140,9.5,6016.024267918309,57448.799999999996,5656.0,0,1,0,0
299.3,308.7,1408,48.7,85,9.399999999999977,7180.591720653022,68569.6,4139.5,0,1,0,0
297.3,308.3,1935,19.3,24,11.0,3910.811614821254,37345.5,463.20000000000005,1,0,0,0
298.1,309.6,1549,38.7,43,11.5,6277.56185632966,59946.3,1664.1000000000001,0,0,1,0
298.5,309.6,1724,26.4,100,11.100000000000023,4766.173046614146,45513.6,2640.0,0,1,0,0
297.3,308.7,1430,42.8,153,11.399999999999977,6409.267892343657,61203.99999999999,6548.4,1,0,0,0
300.8,312.5,1434,50.7,121,11.699999999999989,7613.524132268721,72703.8,6134.700000000001,0,1,0,0
296.9,307.9,1979,20.4,68,11.0,4227.704065788856,40371.6,1387.1999999999998,0,0,1,0
298.3,308.0,1451,47.1,196,9.699999999999989,7156.7679763633,68342.1,9231.6,0,1,0,0
299.5,310.0,1502,38.5,52,10.5,6055.629279304565,57827.0,2002.0,0,1,0,0
299.1,310.4,1428,46.9,87,11.299999999999955,7013.417103579997,66973.2,4080.2999999999997,0,1,0,0
299.7,311.0,1827,25.4,194,11.300000000000011,4859.6040121319065,46405.799999999996,4927.599999999999,0,1,0,0
298.9,308.5,1459,43.1,147,9.600000000000023,6585.081889214053,62882.9,6335.7,0,1,0,0
300.7,312.4,1457,47.2,74,11.699999999999989,7201.619447481051,68770.40000000001,3492.8,1,0,0,0
298.0,308.2,1469,45.5,214,10.199999999999989,6999.4160723205,66839.5,9737.0,0,1,0,0
298.1,309.9,1634,30.0,53,11.799999999999955,5133.362395965722,49020.0,1590.0,0,1,0,0
301.0,311.3,1349,47.0,71,10.300000000000011,6639.546633851788,63403.0,3337.0,0,1,0,0
301.9,310.4,1376,54.9,126,8.5,7910.7816291513855,75542.4,6917.4,0,1,0,1
298.3,308.5,1362,53.8,164,10.199999999999989,7673.40288824614,73275.59999999999,8823.199999999999,0,1,0,0
297.4,309.0,1685,30.7,177,11.600000000000023,5417.10057246244,51729.5,5433.9,0,0,1,0
302.3,311.3,1621,31.6,135,9.0,5364.122848347405,51223.600000000006,4266.0,0,1,0,0
298.7,309.2,1586,31.4,180,10.5,5215.085692861105,49800.399999999994,5652.0,0,1,0,0
298.3,308.6,1447,38.1,146,10.300000000000011,5773.2734035754265,55130.700000000004,5562.6,0,1,0,0
302.3,311.8,1363,54.0,119,9.5,7707.5834163171985,73602.0,6426.0,0,0,1,1
299.8,309.4,1555,34.8,122,9.599999999999966,5666.804828545268,54113.99999999999,4245.599999999999,0,1,0,0
297.3,308.3,1538,38.5,47,11.0,6200.770859900414,59213.0,1809.5,0,1,0,0
299.8,309.1,1355,56.7,7,9.300000000000011,8045.461706210782,76828.5,396.90000000000003,0,0,1,0
301.5,310.7,1426,46.1,81,9.199999999999989,6884.130093909265,65738.6,3734.1,0,1,0,0
301.8,310.0,1781,23.9,198,8.199999999999989,4457.490624447925,42565.899999999994,4732.2,0,0,1,0
300.6,310.3,1614,32.7,0,9.699999999999989,5526.87829175438,52777.8,0.0,0,0,1,0
298.1,309.0,1661,38.2,82,10.899999999999977,6644.489406293437,63450.200000000004,3132.4,0,0,1,0
297.6,309.1,1503,38.9,157,11.5,6122.618506654611,58466.7,6107.3,0,1,0,0
302.0,310.4,1568,39.2,112,8.399999999999977,6436.662580282959,61465.600000000006,4390.400000000001,0,1,0,0
298.9,310.1,1571,36.8,78,11.200000000000045,6054.142258781865,57812.799999999996,2870.3999999999996,0,1,0,0
299.0,308.8,1310,50.7,112,9.800000000000011,6955.171975782444,66417.0,5678.400000000001,0,1,0,0
300.9,310.4,1615,30.9,200,9.5,5225.8822996139415,49903.5,6180.0,0,1,0,0
301.3,311.0,1582,35.6,202,9.699999999999989,5897.732832535143,56319.200000000004,7191.200000000001,0,1,0,0
302.3,310.9,1596,33.5,104,8.599999999999966,5598.946427227729,53466.0,3484.0,0,1,0,0
300.0,311.3,1484,53.2,158,11.300000000000011,8267.499002990995,78948.8,8405.6,0,1,0,0
300.2,311.6,1529,35.5,21,11.400000000000034,5684.135948017572,54279.5,745.5,0,1,0,0
296.7,307.8,1400,47.5,3,11.100000000000023,6963.8637154573735,66500.0,142.5,0,1,0,0
302.5,310.3,1549,40.9,170,7.800000000000011,6634.425837826437,63354.1,6953.0,0,1,0,0
297.5,308.6,1552,44.9,77,11.100000000000023,7297.375191562466,69684.8,3457.2999999999997,0,1,0,0
300.0,309.3,1972,22.0,175,9.300000000000011,4543.161856111319,43384.0,3850.0,0,1,0,0
297.0,308.1,1362,52.5,213,11.100000000000023,7487.986089831271,71505.0,11182.5,0,1,0,1
299.9,311.2,1364,49.6,50,11.300000000000011,7084.75220076751,67654.40000000001,2480.0,1,0,0,0
302.3,310.9,1403,47.2,173,8.599999999999966,6934.709735632062,66221.6,8165.6,0,1,0,0
297.1,308.4,1726,28.4,202,11.299999999999955,5133.19484435753,49018.399999999994,5736.799999999999,0,1,0,0
302.5,310.2,1454,43.0,108,7.699999999999989,6547.288529591368,62522.0,4644.0,0,1,0,0
301.1,311.0,1918,21.7,28,9.899999999999977,4358.499039933311,41620.6,607.6,0,1,0,0
302.0,310.5,1425,44.7,76,8.5,6670.386601734527,63697.50000000001,3397.2000000000003,0,0,1,0
297.6,308.3,1478,42.3,193,10.699999999999989,6547.016258228056,62519.399999999994,8163.9,0,1,0,0
302.6,310.6,1549,37.5,199,8.0,6082.908775513237,58087.5,7462.5,0,1,0,0
302.3,311.4,1855,23.9,43,9.099999999999966,4642.697983352556,44334.5,1027.7,0,0,1,0
300.9,311.3,1801,24.6,100,10.400000000000034,4639.566862674478,44304.600000000006,2460.0,0,0,1,0
301.8,311.1,1543,36.4,120,9.300000000000011,5881.605990246714,56165.2,4368.0,1,0,0,0
296.3,307.3,1372,57.7,33,11.0,8290.076582194795,79164.40000000001,1904.1000000000001,0,1,0,0
302.8,312.4,1376,57.1,8,9.599999999999966,8227.78927184962,78569.6,456.8,0,1,0,0
298.0,307.5,1431,52.9,92,9.5,7927.274990582733,75699.9,4866.8,0,0,1,0
298.4,310.0,1554,37.3,103,11.600000000000023,6069.996829706982,57964.2,3841.8999999999996,0,1,0,0
300.8,311.7,1753,29.0,8,10.899999999999977,5323.6381910181435,50837.0,232.0,0,1,0,0
302.2,311.1,1553,34.1,89,8.900000000000034,5545.6754877983585,52957.3,3034.9,1,0,0,0
301.3,311.2,1668,30.1,18,9.899999999999977,5257.643801341735,50206.8,541.8000000000001,0,1,0,0
300.1,309.4,1464,41.7,30,9.299999999999955,6393.015386349085,61048.8,1251.0,0,1,0,0
299.2,309.9,1516,41.4,219,10.699999999999989,6572.463158722134,62762.4,9066.6,0,1,0,0
297.6,309.0,1528,33.8,22,11.399999999999977,5408.398360811996,51646.399999999994,743.5999999999999,0,1,0,0
301.0,312.3,1424,43.5,136,11.300000000000011,6486.7605111322055,61944.0,5916.0,0,1,0,0
299.4,310.5,1749,28.1,179,11.100000000000023,5146.651332890407,49146.9,5029.900000000001,0,1,0,0
298.9,309.1,1452,45.5,196,10.200000000000045,6918.415341735443,66066.0,8918.0,0,1,0,0
300.6,309.8,1502,42.4,133,9.199999999999989,6669.056660844508,63684.799999999996,5639.2,0,1,0,0
298.3,308.9,1708,27.3,170,10.599999999999966,4882.914629621544,46628.4,4641.0,0,1,0,0
301.7,311.0,1505,37.1,190,9.300000000000011,5847.079886983764,55835.5,7049.0,0,0,1,0
303.5,311.6,1562,34.2,107,8.100000000000023,5594.171206394274,53420.4,3659.4,0,0,1,0
299.0,309.9,1548,34.5,214,10.899999999999977,5592.66324192055,53406.0,7383.0,0,1,0,0
298.8,308.9,1402,37.9,2,10.099999999999966,5564.367964087218,53135.799999999996,75.8,0,1,0,0
300.2,311.7,1553,41.3,44,11.5,6716.609901644345,64138.899999999994,1817.1999999999998,0,1,0,0
303.4,311.7,1406,47.1,213,8.300000000000011,6934.814455387181,66222.6,10032.300000000001,0,1,0,0
302.3,310.8,1611,31.8,169,8.5,5364.772110829146,51229.8,5374.2,0,0,1,0
297.9,309.1,1442,50.3,24,11.200000000000045,7595.596110192234,72532.59999999999,1207.1999999999998,0,1,0,0
303.0,312.3,1932,21.9,132,9.300000000000011,4430.7766149169,42310.799999999996,2890.7999999999997,0,1,0,0
297.3,308.3,1494,38.2,14,11.0,5976.440200483079,57070.8,534.8000000000001,0,1,0,0
300.2,309.4,1501,40.0,48,9.199999999999989,6287.374097384373,60040.0,1920.0,0,0,1,0
297.6,308.3,1438,47.8,84,10.699999999999989,7198.058975806981,68736.4,4015.2,0,1,0,0
301.7,310.8,1385,50.7,133,9.100000000000023,7353.36884462495,70219.5,6743.1,0,1,0,0
298.3,309.1,1421,47.4,33,10.800000000000011,7053.440993986732,67355.4,1564.2,0,1,0,0
296.8,307.6,1398,46.7,144,10.800000000000011,6836.79676459518,65286.600000000006,6724.8,0,1,0,0
299.2,308.9,1588,41.5,150,9.699999999999989,6901.241301895819,65902.0,6225.0,0,1,0,0
302.2,310.6,1632,30.5,122,8.400000000000034,5212.530530836185,49776.0,3721.0,0,1,0,0
299.5,309.3,1422,49.2,179,9.800000000000011,7326.445395583684,69962.40000000001,8806.800000000001,0,1,0,0
301.3,310.6,1416,45.2,88,9.300000000000011,6702.39943087461,64003.200000000004,3977.6000000000004,0,1,0,0
297.9,307.5,1642,32.4,126,9.600000000000023,5571.174748169995,53200.799999999996,4082.3999999999996,0,0,1,0
304.0,313.1,1564,50.9,119,9.100000000000023,8336.488377663827,79607.59999999999,6057.099999999999,0,1,0,0
298.1,308.5,1498,49.4,5,10.399999999999977,7749.387542560967,74001.2,247.0,0,1,0,0
300.5,312.0,1453,45.1,151,11.5,6862.31696891784,65530.3,6810.1,0,1,0,0
303.3,312.2,1506,40.0,50,8.899999999999977,6308.318048408305,60240.0,2000.0,0,1,0,0
300.9,310.6,1686,27.7,176,9.700000000000045,4890.642947549374,46702.2,4875.2,1,0,0,0
302.3,311.1,1546,33.1,156,8.800000000000011,5358.782140836301,51172.600000000006,5163.6,0,1,0,0
297.6,309.2,1442,48.1,0,11.599999999999966,7263.383159050626,69360.2,0.0,0,0,1,0
301.9,309.8,1507,44.7,131,7.900000000000034,7054.226392150131,67362.90000000001,5855.700000000001,0,1,0,0
302.4,310.5,1372,45.7,144,8.100000000000023,6565.970533904717,62700.4,6580.8,0,0,1,1
300.9,311.2,1518,35.0,90,10.300000000000011,5563.760589507524,53130.0,3150.0,1,0,0,0
304.1,313.5,1587,33.6,108,9.399999999999977,5583.992446196642,53323.200000000004,3628.8,0,0,1,0
297.5,308.5,1340,57.4,143,11.0,8054.62468478375,76916.0,8208.199999999999,0,1,0,0
300.5,311.5,1370,56.1,7,11.0,8048.4462192316905,76857.0,392.7,0,0,1,0
295.6,306.2,1263,61.8,27,10.599999999999966,8173.732934256851,78053.4,1668.6,0,1,0,0
298.8,310.3,1573,41.8,91,11.5,6885.470506774797,65751.4,3803.7999999999997,0,0,1,0
301.4,310.7,1436,54.1,90,9.300000000000011,8135.42644783408,77687.6,4869.0,0,1,0,0
300.9,312.1,1297,48.6,76,11.200000000000045,6600.925988163659,63034.200000000004,3693.6,0,0,1,0
300.6,309.5,2025,21.4,64,8.899999999999977,4538.030588110456,43335.0,1369.6,0,1,0,0
299.0,309.0,1351,52.2,44,10.0,7385.06751449967,70522.2,2296.8,0,0,1,0
298.1,309.9,1563,32.8,51,11.799999999999955,5368.604853866525,51266.399999999994,1672.8,0,1,0,0
301.3,311.1,1454,40.3,191,9.800000000000011,6136.1797149426075,58596.2,7697.299999999999,0,1,0,0
297.5,308.4,1490,39.7,34,10.899999999999977,6194.487674593235,59153.00000000001,1349.8000000000002,1,0,0,0
297.0,307.9,1412,47.4,112,10.899999999999977,7008.767546452686,66928.8,5308.8,0,0,1,0
301.4,310.6,1674,33.6,49,9.200000000000045,5890.109234362431,56246.4,1646.4,1,0,0,0
303.8,313.0,1427,43.0,0,9.199999999999989,6425.708893897444,61361.0,0.0,0,1,0,0
300.2,311.8,1436,48.2,175,11.600000000000023,7248.198794558275,69215.2,8435.0,0,1,0,0
300.2,309.9,1906,22.9,165,9.699999999999989,4570.745039609838,43647.399999999994,3778.4999999999995,1,0,0,0
297.6,308.6,1414,45.4,138,11.0,6722.54751175963,64195.6,6265.2,0,0,1,0
302.9,311.1,1555,33.9,96,8.200000000000045,5520.249531255305,52714.5,3254.3999999999996,0,1,0,0
304.2,313.7,2113,18.4,139,9.5,4071.4203032482756,38879.2,2557.6,0,0,1,0
302.2,311.1,1476,39.6,96,8.900000000000034,6120.827798842066,58449.6,3801.6000000000004,1,0,0,0
298.8,309.8,1663,28.2,67,11.0,4911.0004679446365,46896.6,1889.3999999999999,0,1,0,0
300.6,311.3,1531,38.5,0,10.699999999999989,6172.548885895666,58943.5,0.0,0,1,0,0
295.6,306.1,1462,49.2,158,10.5,7532.533873659177,71930.40000000001,7773.6,0,0,1,0
300.0,309.7,1529,42.4,107,9.699999999999989,6788.939836505495,64829.6,4536.8,1,0,0,0
301.5,310.7,1336,65.6,0,9.199999999999989,9177.806890295175,87641.59999999999,0.0,0,0,1,1
302.1,311.2,1422,50.3,146,9.099999999999966,7490.248036541856,71526.59999999999,7343.799999999999,0,1,0,0
301.3,310.9,2165,17.4,143,9.599999999999966,3944.897895112703,37671.0,2488.2,0,1,0,0
298.5,309.0,1921,22.0,196,10.5,4425.6662908670605,42262.0,4312.0,0,0,1,0
297.4,308.6,1276,53.6,103,11.200000000000045,7162.161043751962,68393.6,5520.8,0,1,0,0
299.8,309.1,1456,39.4,209,9.300000000000011,6007.3953600964505,57366.4,8234.6,0,0,1,0
301.5,310.5,1351,52.9,116,9.0,7484.100986916332,71467.9,6136.4,0,1,0,0
297.4,308.0,1601,34.6,181,10.600000000000023,5800.908946951506,55394.600000000006,6262.6,0,0,1,0
298.1,307.7,2567,12.8,125,9.599999999999966,3440.8398258197326,32857.6,1600.0,0,1,0,1
298.9,310.0,1422,43.6,78,11.100000000000023,6492.54104161481,61999.200000000004,3400.8,0,1,0,0
298.8,309.8,1334,49.3,42,11.0,6887.020359150568,65766.2,2070.6,0,1,0,0
298.8,309.7,1505,39.0,131,10.899999999999977,6146.52602674843,58695.0,5109.0,0,1,0,0
302.4,312.1,1455,40.4,28,9.700000000000045,6155.63664544384,58782.0,1131.2,0,1,0,0
298.7,310.3,1495,38.7,88,11.600000000000023,6058.718512080595,57856.50000000001,3405.6000000000004,0,0,1,0
300.0,310.1,1477,34.6,195,10.100000000000023,5351.619309586116,51104.200000000004,6747.0,0,1,0,0
298.4,308.0,1526,41.1,162,9.600000000000023,6567.876433447895,62718.6,6658.2,0,1,0,0
297.4,308.4,1478,46.2,95,11.0,7150.6418706888,68283.6,4389.0,0,0,1,0
301.5,311.0,1577,39.7,118,9.5,6556.179236801028,62606.9,4684.6,0,0,1,0
300.4,309.4,1530,40.4,112,9.0,6472.937503456409,61812.0,4524.8,1,0,0,0
302.3,310.7,1612,33.4,139,8.399999999999977,5638.195391446578,53840.799999999996,4642.599999999999,0,1,0,0
298.2,308.1,1382,43.5,37,9.900000000000034,6295.437518528586,60117.0,1609.5,0,1,0,0
301.7,309.9,1434,47.9,189,8.199999999999989,7193.053371512262,68688.59999999999,9053.1,0,0,1,0
301.7,310.9,1636,31.3,42,9.199999999999989,5362.363556461394,51206.8,1314.6000000000001,0,1,0,0
297.7,309.1,1477,38.3,60,11.400000000000034,5923.902299339545,56569.1,2298.0,0,1,0,0
299.8,309.1,1546,35.6,93,9.300000000000011,5763.523994373786,55037.600000000006,3310.8,0,1,0,0
302.2,311.0,1463,46.8,150,8.800000000000011,7169.994081434914,68468.4,7020.0,0,1,0,0
297.1,307.9,1662,26.9,183,10.799999999999955,4681.7898679387245,44707.799999999996,4922.7,0,0,1,0
302.1,311.1,1450,51.6,86,9.0,7835.132078052945,74820.0,4437.6,0,0,1,0
299.2,308.5,1374,53.6,143,9.300000000000011,7712.232973444512,73646.40000000001,7664.8,0,1,0,0
298.4,308.7,1386,44.9,135,10.300000000000011,6516.856968753595,62231.4,6061.5,0,1,0,0
301.5,310.5,1737,29.3,114,9.0,5329.617689035476,50894.1,3340.2000000000003,0,0,1,0
298.4,309.2,1425,45.5,11,10.800000000000011,6789.767122570939,64837.5,500.5,0,1,0,0
299.2,308.7,1448,51.4,173,9.5,7793.998158241941,74427.2,8892.199999999999,1,0,0,0
299.0,308.7,1426,38.6,16,9.699999999999989,5764.1523129045045,55043.6,617.6,0,1,0,0
296.8,307.4,1472,43.9,30,10.599999999999966,6767.074351636509,64620.799999999996,1317.0,0,0,1,0
301.9,310.9,1574,31.4,27,9.0,5175.627289132016,49423.6,847.8,0,1,0,0
300.3,310.7,1539,32.3,123,10.399999999999977,5205.587611071752,49709.7,3972.8999999999996,0,1,0,0
299.0,310.2,1490,41.1,54,11.199999999999989,6412.933083772845,61239.0,2219.4,0,1,0,0
301.9,310.3,1485,46.3,24,8.400000000000034,7200.059123129768,68755.5,1111.1999999999998,0,1,0,0
301.4,311.1,1472,44.5,159,9.700000000000045,6859.562839358193,65504.0,7075.5,0,1,0,0
300.9,310.8,1452,43.6,185,9.900000000000034,6629.514481311326,63307.200000000004,8066.0,0,0,1,0
298.7,309.5,1453,40.4,108,10.800000000000011,6147.175289230172,58701.2,4363.2,1,0,0,0
300.6,310.6,1454,39.7,67,10.0,6044.822200576217,57723.8,2659.9,0,1,0,0
298.8,309.7,1459,47.3,141,10.899999999999977,7226.783604636304,69010.7,6669.299999999999,0,0,1,0
302.5,310.3,1710,27.3,186,7.800000000000011,4888.6323282510775,46683.0,5077.8,0,0,1,0
296.9,307.5,1397,48.3,22,10.600000000000023,7065.975948674554,67475.09999999999,1062.6,1,0,0,0
302.1,310.7,1608,30.3,81,8.599999999999966,5102.1977968421115,48722.4,2454.3,0,0,1,0
302.5,311.5,1626,36.0,44,9.0,6129.8755856844045,58536.0,1584.0,1,0,0,0
299.0,310.1,1618,29.2,62,11.100000000000023,4947.547662481397,47245.6,1810.3999999999999,0,1,0,0
302.2,310.6,1334,53.2,159,8.400000000000034,7431.83535713611,70968.8,8458.800000000001,0,1,0,1
300.1,310.1,1443,49.3,61,10.0,7449.752907237084,71139.9,3007.2999999999997,0,0,1,0
296.5,307.3,1501,42.1,162,10.800000000000011,6617.461237497053,63192.1,6820.2,0,1,0,0
298.3,308.3,1432,46.9,65,10.0,7033.062529640445,67160.8,3048.5,0,1,0,0
297.4,308.5,1469,45.1,63,11.100000000000023,6937.882744212187,66251.90000000001,2841.3,1,0,0,0
302.6,311.5,1629,34.4,228,8.899999999999977,5868.243749493446,56037.6,7843.2,1,0,0,1
298.3,308.4,1539,43.4,69,10.099999999999966,6994.504715805388,66792.59999999999,2994.6,0,0,1,0
300.0,309.1,1624,30.8,155,9.100000000000023,5237.998375281286,50019.200000000004,4774.0,0,0,1,0
299.0,308.7,1537,42.8,202,9.699999999999989,6888.8424828896505,65783.59999999999,8645.599999999999,0,1,0,0
298.9,308.7,1402,49.8,167,9.800000000000011,7311.491414552597,69819.59999999999,8316.6,0,0,1,0
298.1,308.0,1426,46.0,61,9.899999999999977,6869.197056829202,65596.0,2806.0,0,1,0,0
298.0,308.7,1511,45.8,114,10.699999999999989,7247.00498934991,69203.8,5221.2,0,1,0,0
295.6,306.2,1435,51.6,126,10.599999999999966,7754.078987590328,74046.0,6501.6,0,0,1,0
301.6,310.7,1791,23.8,81,9.099999999999966,4463.763337779594,42625.8,1927.8,0,0,1,0
300.6,311.9,1629,35.3,0,11.299999999999955,6021.773382474378,57503.7,0.0,0,0,1,0
303.8,312.9,1514,34.3,180,9.099999999999966,5438.117827314955,51930.2,6173.999999999999,0,1,0,0
302.0,310.5,1978,22.0,106,8.5,4556.984863787114,43516.0,2332.0,0,1,0,0
298.6,309.7,1635,32.2,110,11.099999999999966,5513.180947784728,52647.00000000001,3542.0000000000005,0,0,1,0
297.9,308.1,1627,31.4,209,10.200000000000045,5349.901905602154,51087.799999999996,6562.599999999999,0,0,1,0
303.4,311.8,1564,35.9,171,8.400000000000034,5879.76292255661,56147.6,6138.9,0,1,0,0
299.1,310.1,1435,48.8,229,11.0,7333.315011519535,70028.0,11175.199999999999,0,1,0,1
300.4,309.3,1396,51.2,54,8.900000000000034,7484.865441128706,71475.2,2764.8,1,0,0,0
301.1,310.4,1874,24.8,47,9.299999999999955,4866.8715631372115,46475.200000000004,1165.6000000000001,0,1,0,0
298.0,308.0,1433,39.2,87,10.0,5882.48563618972,56173.600000000006,3410.4,0,1,0,0
300.0,309.3,1407,43.9,138,9.300000000000011,6468.25653040256,61767.299999999996,6058.2,0,0,1,0
302.3,311.8,1475,48.0,180,9.5,7414.158662471912,70800.0,8640.0,0,0,1,0
302.8,310.8,1516,39.5,23,8.0,6270.828376075466,59882.0,908.5,0,1,0,0
299.1,308.3,1559,33.7,30,9.199999999999989,5501.797910403221,52538.3,1011.0000000000001,0,1,0,0
299.0,310.0,1337,57.4,146,11.0,8036.591942952145,76743.8,8380.4,0,0,1,0
300.5,311.4,1390,51.9,68,10.899999999999977,7554.5878540873755,72141.0,3529.2,0,0,1,0
303.7,312.4,1540,37.4,146,8.699999999999989,6031.439015871924,57596.0,5460.4,0,0,1,0
302.8,312.3,1432,49.0,218,9.5,7347.975777236286,70168.0,10682.0,0,0,1,0
302.3,310.1,1563,37.8,31,7.800000000000011,6186.989740126666,59081.399999999994,1171.8,0,0,1,0
302.2,311.0,1436,47.0,187,8.800000000000011,7067.745712536077,67492.0,8789.0,0,0,1,0
298.1,309.0,1497,40.5,58,10.899999999999977,6349.0016732722925,60628.5,2349.0,0,1,0,0
297.3,307.9,1579,34.4,193,10.599999999999966,5688.12577068763,54317.6,6639.2,0,1,0,0
302.6,310.4,1638,36.2,84,7.7999999999999545,6209.420711673299,59295.600000000006,3040.8,0,1,0,0
302.1,311.0,1364,50.0,205,8.899999999999977,7141.887299160796,68200.0,10250.0,0,1,0,0
301.0,311.2,1412,42.1,64,10.199999999999989,6225.086787039199,59445.200000000004,2694.4,0,1,0,0
296.9,307.5,1556,31.2,116,10.600000000000023,5083.850895745147,48547.2,3619.2,0,0,1,0
298.2,308.9,1408,38.8,20,10.699999999999989,5720.88211008906,54630.399999999994,776.0,0,0,1,0
297.1,308.3,1492,41.5,141,11.199999999999989,6484.037797499093,61918.0,5851.5,1,0,0,0
302.3,311.4,1570,37.2,15,9.099999999999966,6116.052578008611,58404.00000000001,558.0,0,1,0,0
298.9,309.9,1500,44.2,115,11.0,6942.919764433444,66300.0,5083.0,0,1,0,0
298.5,309.4,1911,21.5,164,10.899999999999977,4302.568218723902,41086.5,3526.0,0,1,0,0
298.9,310.1,1944,23.4,192,11.200000000000045,4763.659772491275,45489.6,4492.799999999999,0,1,0,0
300.5,311.6,1575,32.5,168,11.100000000000023,5360.342465187585,51187.5,5460.0,0,1,0,0
301.9,310.5,1340,55.7,204,8.600000000000023,7816.073082621167,74638.0,11362.800000000001,0,1,0,1
298.3,309.1,1430,40.9,162,10.800000000000011,6124.744317683541,58487.0,6625.8,1,0,0,0
303.8,312.5,1748,25.1,175,8.699999999999989,4594.558311924049,43874.8,4392.5,1,0,0,0
297.9,307.7,1546,37.6,72,9.800000000000011,6087.317477203774,58129.600000000006,2707.2000000000003,0,1,0,0
300.9,310.7,1468,36.2,208,9.800000000000011,5564.975338666913,53141.600000000006,7529.6,0,1,0,0
298.8,308.5,1446,37.0,11,9.699999999999989,5602.716338412037,53502.0,407.0,0,1,0,0
300.9,310.8,1476,39.0,10,9.900000000000034,6028.087983708095,57564.0,390.0,0,1,0,0
303.0,312.5,1461,40.2,127,9.5,6150.421601638882,58732.200000000004,5105.400000000001,0,1,0,0
304.0,313.1,1408,39.8,132,9.100000000000023,5868.327525297541,56038.399999999994,5253.599999999999,1,0,0,0
301.5,311.1,2076,18.7,103,9.600000000000023,4065.3465574513357,38821.2,1926.1,0,1,0,0
300.6,311.6,1473,31.5,69,11.0,4858.944277674654,46399.5,2173.5,0,0,1,0
297.2,308.6,1404,43.7,160,11.400000000000034,6425.059631415702,61354.8,6992.0,0,0,1,0
303.8,312.7,1364,49.3,167,8.899999999999977,7041.900876972544,67245.2,8233.1,0,0,1,0
297.5,308.7,1453,37.6,112,11.199999999999989,5721.133437501348,54632.8,4211.2,0,1,0,0
303.4,312.3,1540,38.7,96,8.900000000000034,6241.087965621484,59598.00000000001,3715.2000000000003,0,1,0,0
296.2,307.2,1356,43.6,22,11.0,6191.199474282476,59121.6,959.2,0,1,0,0
300.5,309.8,1445,43.9,164,9.300000000000011,6642.950025893177,63435.5,7199.599999999999,0,1,0,0
297.1,308.5,1555,36.2,0,11.399999999999977,5894.7797354407685,56291.00000000001,0.0,0,1,0,0
297.6,309.5,1623,33.1,224,11.899999999999977,5625.681380709778,53721.3,7414.400000000001,1,0,0,0
300.6,309.8,1659,28.9,127,9.199999999999989,5020.799131187599,47945.1,3670.2999999999997,0,0,1,0
296.6,307.7,1654,31.0,91,11.099999999999966,5369.400724005434,51274.0,2821.0,1,0,0,0
300.8,310.9,1522,46.2,56,10.099999999999966,7363.516188896045,70316.40000000001,2587.2000000000003,0,0,1,0
299.5,308.7,1321,51.9,114,9.199999999999989,7179.575939028362,68559.9,5916.599999999999,0,0,1,0
303.5,311.8,1451,45.2,173,8.300000000000011,6868.06608347391,65585.2,7819.6,0,1,0,0
303.2,311.4,1610,35.5,63,8.199999999999989,5985.257603864154,57155.0,2236.5,0,1,0,0
298.1,308.9,1353,46.2,173,10.799999999999955,6545.885284872765,62508.600000000006,7992.6,0,0,1,0
297.9,307.6,1550,39.0,35,9.700000000000045,6330.309196983433,60450.0,1365.0,0,1,0,0
301.2,310.4,1382,41.6,117,9.199999999999989,6020.464385535383,57491.200000000004,4867.2,0,0,1,0
301.4,311.2,1541,36.3,28,9.800000000000011,5857.845077810063,55938.299999999996,1016.3999999999999,0,0,1,0
302.6,311.7,1542,34.1,137,9.099999999999966,5506.395107652975,52582.200000000004,4671.7,0,1,0,0
302.6,311.0,2001,20.7,137,8.399999999999977,4337.565560884891,41420.7,2835.9,0,1,0,0
300.9,311.0,1556,38.8,127,10.100000000000023,6322.224831888196,60372.799999999996,4927.599999999999,0,0,1,0
303.7,312.6,1429,43.3,189,8.900000000000034,6479.608151857532,61875.7,8183.7,0,0,1,0
297.2,307.9,1747,29.0,188,10.699999999999989,5305.416953627323,50663.0,5452.0,0,0,1,0
303.0,312.2,1257,71.3,122,9.199999999999989,9385.413804819898,89624.09999999999,8698.6,0,0,1,1
299.8,309.7,1431,40.3,101,9.899999999999977,6039.1149739221955,57669.299999999996,4070.2999999999997,0,1,0,0
300.9,310.6,1709,29.2,158,9.700000000000045,5225.808995785357,49902.799999999996,4613.599999999999,0,0,1,0
303.7,312.9,1460,49.8,2,9.199999999999989,7613.963955240223,72708.0,99.6,1,0,0,0
297.5,308.9,1443,43.5,0,11.399999999999977,6573.311388738604,62770.5,0.0,0,1,0,0
300.3,311.8,1508,43.1,57,11.5,6806.239540051262,64994.8,2456.7000000000003,0,1,0,0
297.3,308.3,1657,31.1,8,11.0,5396.491724654891,51532.700000000004,248.8,0,0,1,0
297.5,308.3,1544,40.8,37,10.800000000000011,6596.841917713991,62995.2,1509.6,0,1,0,0
297.3,308.4,1459,39.4,59,11.099999999999966,6019.773235151593,57484.6,2324.6,0,1,0,0
299.1,310.0,1394,46.6,27,10.899999999999977,6802.637180475147,64960.4,1258.2,0,1,0,0
299.7,309.6,1553,41.0,179,9.900000000000034,6667.8209677340965,63673.0,7339.0,1,0,0,0
301.2,310.8,1711,28.9,38,9.600000000000023,5178.171979181423,49447.899999999994,1098.2,0,1,0,0
296.4,307.3,1487,37.5,83,10.900000000000034,5839.435344860029,55762.5,3112.5,0,1,0,0
301.2,311.2,1558,34.1,204,10.0,5563.530206046261,53127.8,6956.400000000001,0,1,0,0
302.9,312.4,1561,34.8,150,9.5,5688.6703134142535,54322.799999999996,5220.0,0,1,0,0
299.1,308.8,1429,50.1,84,9.699999999999989,7497.190956306291,71592.90000000001,4208.400000000001,0,1,0,0
300.5,311.6,1447,45.4,204,11.100000000000023,6879.438648879905,65693.8,9261.6,0,1,0,0
302.2,310.9,1302,53.4,58,8.699999999999989,7280.829470253561,69526.8,3097.2,0,0,1,0
301.8,310.9,1449,36.5,33,9.099999999999966,5538.470768646126,52888.5,1204.5,0,1,0,0
304.2,313.4,1457,49.4,96,9.199999999999989,7537.288150541607,71975.8,4742.4,0,1,0,0
299.7,310.5,1594,35.4,134,10.800000000000011,5909.084453990114,56427.6,4743.599999999999,0,0,1,0
301.6,310.6,1553,38.9,0,9.0,6326.29843036235,60411.7,0.0,0,0,1,0
299.7,309.4,1650,29.8,93,9.699999999999989,5149.070359233671,49170.0,2771.4,0,1,0,0
298.5,309.4,1522,47.4,20,10.899999999999977,7554.7763496465905,72142.8,948.0,0,0,1,0
301.7,310.9,1435,48.0,66,9.199999999999989,7213.096732642165,68880.0,3168.0,0,0,1,0
302.5,310.5,1507,39.5,147,8.0,6233.6005031304285,59526.5,5806.5,0,1,0,0
299.7,309.6,1540,34.4,91,9.900000000000034,5547.633747219096,52976.0,3130.4,0,0,1,0
298.6,309.7,1463,39.1,66,11.099999999999966,5990.315568036435,57203.3,2580.6,1,0,0,0
299.8,309.7,1624,34.2,96,9.899999999999977,5816.21897515,55540.8,3283.2000000000003,0,1,0,0
299.0,310.4,1371,53.8,228,11.399999999999977,7724.108193675081,73759.8,12266.4,0,1,0,1
303.9,313.3,1507,34.3,161,9.400000000000034,5412.974614110726,51690.1,5522.299999999999,0,0,1,0
303.6,312.3,1698,31.3,100,8.699999999999989,5565.582713246606,53147.4,3130.0,0,0,1,0
301.5,311.1,1507,38.6,149,9.600000000000023,6091.569099261634,58170.200000000004,5751.400000000001,0,0,1,0
297.3,308.6,1358,47.6,110,11.300000000000011,6769.168746738904,64640.8,5236.0,0,1,0,0
300.2,311.6,1767,26.4,20,11.400000000000034,4885.050912625985,46648.799999999996,528.0,0,1,0,0
297.7,308.8,1896,24.5,186,11.100000000000023,4864.442064818435,46452.0,4557.0,0,1,0,0
297.4,309.1,1380,41.1,152,11.700000000000045,5939.495070876864,56718.0,6247.2,0,1,0,0
298.7,310.0,1555,32.6,197,11.300000000000011,5308.558546280913,50693.0,6422.200000000001,0,1,0,0
298.8,310.1,1481,47.4,187,11.300000000000011,7351.263977547044,70199.4,8863.8,0,1,0,0
302.3,311.5,1794,26.1,7,9.199999999999989,4903.334981869877,46823.4,182.70000000000002,0,1,0,0
298.8,308.7,1498,39.5,89,9.899999999999977,6196.3726301853885,59171.0,3515.5,0,0,1,0
299.2,310.3,1440,47.0,21,11.100000000000023,7087.433026498573,67680.0,987.0,0,1,0,0
302.8,312.3,1764,29.9,162,9.5,5523.296876129287,52743.6,4843.8,0,1,0,0
298.8,309.4,1387,54.1,171,10.599999999999966,7857.824848987374,75036.7,9251.1,0,1,0,0
298.9,310.3,1551,35.2,50,11.400000000000034,5717.19597470885,54595.200000000004,1760.0000000000002,0,0,1,0
302.4,311.8,1648,30.0,122,9.400000000000034,5177.344693115979,49440.0,3660.0,0,1,0,0
303.3,311.7,1539,38.5,221,8.399999999999977,6204.802570472521,59251.5,8508.5,0,1,0,0
299.6,310.1,2057,20.4,60,10.5,4394.334140135259,41962.799999999996,1224.0,0,1,0,0
300.9,310.8,1729,30.2,53,9.900000000000034,5468.025789377131,52215.799999999996,1600.6,0,1,0,0
301.7,310.9,1608,33.0,160,9.199999999999989,5556.849085669626,53064.0,5280.0,0,1,0,0
298.6,309.6,1563,35.0,21,11.0,5728.694203820988,54705.0,735.0,0,1,0,0
298.1,307.5,1493,43.7,153,9.399999999999977,6832.346175002595,65244.100000000006,6686.1,0,1,0,0
298.9,308.6,1517,39.8,114,9.700000000000045,6322.62276695765,60376.6,4537.2,0,0,1,0
297.3,307.9,1797,24.7,75,10.599999999999966,4648.080578765706,44385.9,1852.5,0,1,0,0
297.9,309.7,2194,16.8,27,11.800000000000011,3859.8863979065636,36859.200000000004,453.6,0,1,0,0
300.6,309.7,1617,33.2,185,9.099999999999966,5621.817221745863,53684.4,6142.000000000001,0,1,0,0
301.0,311.6,1609,35.8,156,10.600000000000023,6032.0882783536645,57602.2,5584.799999999999,0,0,1,0
300.4,310.4,1544,36.3,21,10.0,5869.249059142595,56047.2,762.3,0,0,1,0
298.5,308.7,1662,28.3,15,10.199999999999989,4925.451794151149,47034.6,424.5,0,0,1,0
300.4,309.7,1692,27.4,115,9.300000000000011,4854.891623151522,46360.799999999996,3151.0,0,1,0,0
302.6,311.9,1633,30.9,89,9.299999999999955,5284.127427411497,50459.7,2750.1,0,1,0,0
297.4,308.6,1324,59.1,118,11.200000000000045,8194.153286505185,78248.40000000001,6973.8,0,1,0,0
302.2,311.5,1543,38.5,37,9.300000000000011,6220.929412760948,59405.5,1424.5,0,1,0,0
303.5,312.2,1818,23.6,109,8.699999999999989,4492.98014945798,42904.8,2572.4,0,0,1,0
300.8,311.9,1621,28.3,211,11.099999999999966,4803.945462285808,45874.3,5971.3,0,0,1,0
301.4,310.6,1445,43.9,210,9.200000000000045,6642.950025893177,63435.5,9219.0,0,1,0,0
302.8,312.4,1590,34.4,64,9.599999999999966,5727.75172602491,54696.0,2201.6,0,1,0,0
297.1,308.6,1442,37.1,59,11.5,5602.318403342582,53498.200000000004,2188.9,0,1,0,0
299.0,310.3,1868,24.0,221,11.300000000000011,4694.796061524587,44832.0,5304.0,0,1,0,0
303.9,313.1,1425,49.3,199,9.200000000000045,7356.824596543896,70252.5,9810.699999999999,0,1,0,0
302.9,312.6,1328,59.9,24,9.700000000000045,8330.163304454602,79547.2,1437.6,0,1,0,0
301.1,311.4,1531,38.7,55,10.299999999999955,6204.6140749133065,59249.700000000004,2128.5,0,1,0,0
303.6,312.7,1637,32.9,19,9.099999999999966,5639.923267406051,53857.299999999996,625.1,0,1,0,0
300.3,309.6,1600,34.6,177,9.300000000000011,5797.285643424366,55360.0,6124.2,0,1,0,0
300.2,310.3,1448,40.1,209,10.100000000000023,6080.531637072021,58064.8,8380.9,0,0,1,0
299.6,310.2,1743,24.8,99,10.599999999999966,4526.6580227044615,43226.4,2455.2000000000003,0,1,0,0
304.2,313.8,1401,53.9,142,9.600000000000023,7907.797116130475,75513.9,7653.8,0,1,0,0
297.5,308.4,1685,28.1,15,10.899999999999977,4958.3233252832115,47348.5,421.5,0,0,1,0
300.8,310.1,1405,61.2,189,9.300000000000011,9004.432863719067,85986.0,11566.800000000001,0,1,0,1
298.9,310.0,1693,28.8,56,11.100000000000023,5105.967708026419,48758.4,1612.8,0,1,0,0
298.9,310.2,1706,27.6,103,11.300000000000011,4930.792501662252,47085.600000000006,2842.8,0,1,0,0
298.5,308.7,1575,33.9,128,10.199999999999989,5591.249525226434,53392.5,4339.2,0,1,0,0
301.0,310.3,1617,34.5,126,9.300000000000011,5841.9486189829,55786.5,4347.0,0,1,0,0
301.3,310.3,1460,41.5,197,9.0,6344.969962700186,60590.0,8175.5,0,1,0,0
297.5,308.8,1309,57.3,0,11.300000000000011,7854.578536578664,75005.7,0.0,0,1,0,0
301.0,311.6,1352,63.5,143,10.600000000000023,8990.400416533032,85852.0,9080.5,0,1,0,0
302.2,310.9,1488,44.2,57,8.699999999999989,6887.376406317976,65769.6,2519.4,0,0,1,0
302.1,310.9,1658,30.3,186,8.799999999999955,5260.848225848396,50237.4,5635.8,0,1,0,0
298.8,310.0,1537,39.9,190,11.199999999999989,6422.075118394791,61326.299999999996,7581.0,0,1,0,0
300.1,311.5,1334,54.0,26,11.399999999999977,7543.592279799811,72036.0,1404.0,0,1,0,0
300.1,309.6,1501,38.0,157,9.5,5973.005392515155,57038.0,5966.0,0,0,1,0
300.5,309.4,1642,36.2,103,8.899999999999977,6224.584132214624,59440.4,3728.6000000000004,1,0,0,0
295.8,306.3,1235,76.2,89,10.5,9854.861995045823,94107.0,6781.8,0,0,1,1
302.5,311.5,1603,32.4,194,9.0,5438.850865600793,51937.2,6285.599999999999,0,1,0,0
295.3,305.7,1475,51.0,187,10.399999999999977,7877.543578876406,75225.0,9537.0,0,1,0,0
301.7,311.2,1418,38.0,166,9.5,5642.719284867748,53884.0,6308.0,0,1,0,0
297.5,309.4,1831,26.6,105,11.899999999999977,5100.333785200982,48704.600000000006,2793.0,0,0,1,0
298.5,308.3,1440,43.6,5,9.800000000000011,6574.725105432719,62784.0,218.0,0,0,1,0
301.4,310.8,1285,62.6,183,9.400000000000034,8423.761821580552,80441.0,11455.800000000001,0,1,0,1
302.2,311.6,1386,50.5,69,9.400000000000034,7329.649820090346,69993.0,3484.5,0,0,1,0
300.6,311.7,1528,43.9,185,11.099999999999966,7024.5173976226815,67079.2,8121.5,0,1,0,0
297.7,309.3,1400,48.9,147,11.600000000000023,7169.114435491906,68460.0,7188.3,1,0,0,0
295.7,306.1,1408,47.9,117,10.400000000000034,7062.6353884862365,67443.2,5604.3,0,1,0,0
295.9,306.6,1532,38.6,104,10.700000000000045,6192.6236629521045,59135.200000000004,4014.4,0,0,1,0
297.2,308.1,1712,30.9,204,10.900000000000034,5539.758821634097,52900.799999999996,6303.599999999999,0,1,0,0
299.4,310.5,1514,36.1,169,11.100000000000023,5723.500103967052,54655.4,6100.900000000001,0,1,0,0
301.1,311.2,1774,29.6,186,10.099999999999966,5498.876229235383,52510.4,5505.6,0,1,0,0
298.2,308.9,1278,54.0,18,10.699999999999989,7226.91974031796,69012.0,972.0,0,1,0,0
301.5,310.8,1382,52.4,165,9.300000000000011,7583.469562549377,72416.8,8646.0,0,1,0,0
299.2,310.6,1443,50.9,85,11.400000000000034,7691.529877857355,73448.7,4326.5,0,0,1,0
296.9,308.1,1555,33.7,229,11.200000000000045,5487.681687413091,52403.50000000001,7717.300000000001,0,1,0,0
303.2,311.3,1393,52.9,12,8.100000000000023,7716.767338841193,73689.7,634.8,0,1,0,0
303.3,311.4,1630,32.5,2,8.099999999999966,5547.5290274639765,52975.0,65.0,0,1,0,0
297.3,308.7,1478,47.6,98,11.399999999999977,7367.3279879823995,70352.8,4664.8,1,0,0,0
296.8,308.0,1675,29.7,46,11.199999999999989,5209.546017815274,49747.5,1366.2,0,1,0,0
298.6,309.6,1386,48.6,25,11.0,7053.880816958234,67359.6,1215.0,0,1,0,0
302.6,312.1,1668,28.7,180,9.5,5013.102229186305,47871.6,5166.0,0,1,0,0
300.1,309.2,1457,44.3,98,9.099999999999966,6759.147066173951,64545.1,4341.4,0,0,1,0
303.1,311.2,1679,34.8,25,8.099999999999966,6118.691515837623,58429.2,869.9999999999999,0,1,0,0
297.3,308.7,1587,35.8,148,11.399999999999977,5949.6109992214215,56814.6,5298.4,0,1,0,0
303.8,313.1,1458,42.2,25,9.300000000000011,6443.155205100378,61527.600000000006,1055.0,0,1,0,0
301.5,310.6,2432,14.2,126,9.100000000000023,3616.433911204378,34534.4,1789.1999999999998,0,0,1,0
302.4,311.8,1416,46.1,202,9.400000000000034,6835.854286799104,65277.6,9312.2,0,1,0,0
302.6,312.1,1288,68.5,0,9.5,9239.214554697342,88228.0,0.0,0,1,0,1
303.7,312.0,1402,48.6,76,8.300000000000011,7135.310898539282,68137.2,3693.6,0,0,1,0
300.8,309.7,1482,39.0,171,8.899999999999977,6052.592406406096,57798.0,6669.0,0,0,1,0
300.1,309.6,1649,33.6,168,9.5,5802.144640061917,55406.4,5644.8,0,1,0,0
297.7,308.5,1453,45.5,86,10.800000000000011,6923.180090593387,66111.5,3913.0,0,1,0,0
301.9,310.9,1483,37.0,35,9.0,5746.077683170851,54871.0,1295.0,0,0,1,0
300.7,309.6,1536,37.2,19,8.900000000000034,5983.603031733264,57139.200000000004,706.8000000000001,0,0,1,0
299.4,308.7,1504,37.8,112,9.300000000000011,5953.443742258802,56851.2,4233.599999999999,0,1,0,0
304.4,313.6,1510,38.9,199,9.200000000000045,6151.133695973695,58739.0,7741.099999999999,0,0,1,0
298.6,309.9,1668,32.3,6,11.299999999999955,5641.923414728837,53876.399999999994,193.79999999999998,0,0,1,0
297.5,308.6,1380,53.5,192,11.100000000000023,7731.459520484482,73830.0,10272.0,0,1,0,0
301.0,311.1,1236,64.4,177,10.100000000000023,8335.524955916726,79598.40000000001,11398.800000000001,0,1,0,1
301.6,310.6,1821,26.2,171,9.0,4996.200460709991,47710.2,4480.2,1,0,0,0
303.0,311.2,1456,44.0,142,8.199999999999989,6708.766391985884,64064.0,6248.0,0,1,0,0
300.6,310.6,1931,22.0,24,10.0,4448.704636993387,42482.0,528.0,0,1,0,0
298.5,308.9,1725,31.9,205,10.399999999999977,5762.466324847077,55027.5,6539.5,0,1,0,0
300.8,312.4,1465,43.7,139,11.599999999999966,6704.211082638179,64020.50000000001,6074.3,0,0,1,0
300.7,310.7,1541,41.3,82,10.0,6664.710791007042,63643.299999999996,3386.6,0,1,0,0
299.4,309.0,1415,51.7,62,9.600000000000023,7660.826045656271,73155.5,3205.4,1,0,0,0
300.7,311.3,1562,37.1,58,10.600000000000023,6068.530753135308,57950.200000000004,2151.8,0,0,1,0
299.0,310.3,1447,39.9,78,11.300000000000011,6046.026477760092,57735.299999999996,3112.2,0,0,1,0
301.6,310.9,1385,51.2,132,9.299999999999955,7425.887275045315,70912.0,6758.400000000001,0,1,0,0
298.4,308.3,1452,48.5,73,9.900000000000034,7374.574595036681,70422.0,3540.5,0,1,0,0
297.8,308.4,1714,33.2,177,10.599999999999966,5959.056721133215,56904.8,5876.400000000001,0,1,0,0
297.6,308.6,1491,38.1,152,11.0,5948.825601058024,56807.1,5791.2,0,1,0,0
297.2,308.5,1447,47.9,188,11.300000000000011,7258.262363025274,69311.3,9005.199999999999,0,1,0,0
301.3,310.4,1501,39.8,187,9.099999999999966,6255.937226897451,59739.799999999996,7442.599999999999,0,0,1,0
297.5,308.8,1360,50.7,190,11.300000000000011,7220.636555010781,68952.0,9633.0,0,1,0,0
300.6,310.0,1635,31.0,107,9.399999999999977,5307.720788239955,50685.0,3317.0,0,1,0,0
300.6,309.8,1541,36.2,166,9.199999999999989,5841.707763546125,55784.200000000004,6009.200000000001,1,0,0,0
302.4,311.0,1490,37.1,168,8.600000000000023,5788.803343259673,55279.0,6232.8,0,0,1,0
300.9,312.0,1402,50.7,185,11.100000000000023,7443.626801562585,71081.40000000001,9379.5,0,0,1,0
298.2,308.6,1433,39.5,7,10.400000000000034,5927.504658915661,56603.5,276.5,0,1,0,0
299.8,309.8,1427,45.2,106,10.0,6754.466093120104,64500.4,4791.200000000001,0,0,1,0
300.9,310.7,1509,37.5,12,9.800000000000011,5925.829142833747,56587.5,450.0,0,1,0,0
298.6,309.3,1510,40.8,177,10.699999999999989,6451.574673411998,61607.99999999999,7221.599999999999,0,0,1,0
300.7,310.2,1493,35.9,10,9.5,5612.842738732109,53598.7,359.0,0,1,0,0
303.7,312.5,1641,36.0,125,8.800000000000011,6186.42425344902,59076.0,4500.0,0,1,0,0
302.1,310.6,1385,53.6,5,8.5,7773.975741063064,74236.0,268.0,0,1,0,0
300.9,311.4,1434,45.4,118,10.5,6817.633049408281,65103.6,5357.2,0,0,1,0
302.7,312.1,1543,37.5,33,9.400000000000034,6059.346830611313,57862.5,1237.5,0,1,0,0
301.5,310.6,1525,41.9,204,9.100000000000023,6691.330552758461,63897.5,8547.6,0,1,0,0
300.4,310.2,1380,47.3,5,9.800000000000011,6835.477295680673,65273.99999999999,236.5,0,0,1,0
300.8,310.8,1741,27.1,39,10.0,4940.79323827618,47181.100000000006,1056.9,0,1,0,0
301.8,310.8,1508,38.8,96,9.0,6127.19475995334,58510.399999999994,3724.7999999999997,0,0,1,0
303.9,313.1,1440,41.1,12,9.200000000000045,6197.733987001944,59184.0,493.20000000000005,0,1,0,0
304.0,313.0,1454,46.8,30,9.0,7125.886120578512,68047.2,1404.0,0,0,1,0
300.7,311.0,1403,48.3,70,10.300000000000011,7096.323733708232,67764.9,3381.0,0,1,0,0
300.7,311.0,1413,44.3,72,10.300000000000011,6555.02731949471,62595.899999999994,3189.6,0,0,1,0
300.2,309.8,1430,55.0,102,9.600000000000023,8236.208740161243,78650.0,5610.0,0,1,0,0
301.5,310.7,1596,35.4,150,9.199999999999989,5916.4986126525855,56498.399999999994,5310.0,0,1,0,0
302.3,310.8,1762,27.8,127,8.5,5129.550596879366,48983.6,3530.6,0,0,1,0
300.3,311.1,1606,30.9,156,10.800000000000011,5196.759735715164,49625.399999999994,4820.4,0,1,0,0
301.2,310.4,1516,44.4,53,9.199999999999989,7048.728605006347,67310.4,2353.2,0,1,0,0
297.9,308.1,1531,40.8,2,10.200000000000045,6541.298559598524,62464.799999999996,81.6,0,1,0,0
298.6,309.4,1460,43.8,138,10.799999999999955,6696.6189003920035,63947.99999999999,6044.4,0,0,1,0
300.5,309.6,1366,50.2,219,9.100000000000023,7180.968711771455,68573.2,10993.800000000001,0,1,0,0
297.0,307.7,1315,60.1,128,10.699999999999989,8276.159326739391,79031.5,7692.8,0,1,0,0
303.5,312.0,1436,45.1,32,8.5,6782.028332667597,64763.6,1443.2,0,1,0,0
300.6,310.0,1505,35.9,95,9.399999999999977,5657.956009237657,54029.5,3410.5,0,1,0,0
297.5,309.3,1732,29.9,32,11.800000000000011,5423.101014430797,51786.799999999996,956.8,0,1,0,0
300.7,311.0,1413,52.0,91,10.300000000000011,7694.388727172121,73476.0,4732.0,0,1,0,0
296.9,307.9,1359,56.5,110,11.0,8040.749317230396,76783.5,6215.0,0,1,0,0
300.7,311.2,1399,47.9,80,10.5,7017.490702054153,67012.09999999999,3832.0,0,1,0,0
299.0,308.4,1571,38.6,5,9.399999999999977,6350.26878230924,60640.600000000006,193.0,0,1,0,0
302.1,311.4,1467,43.4,33,9.299999999999955,6667.276425007474,63667.799999999996,1432.2,0,0,1,0
300.7,311.5,1441,40.6,33,10.800000000000011,6126.5873853736475,58504.6,1339.8,0,0,1,0
302.6,311.0,1329,48.6,111,8.399999999999977,6763.786151325753,64589.4,5394.6,0,0,1,1
297.3,308.6,1471,50.7,157,11.300000000000011,7809.96792089769,74579.7,7959.900000000001,0,0,1,0
300.3,309.3,1391,57.9,204,9.0,8434.013885606766,80538.9,11811.6,0,0,1,0
302.6,311.5,1427,38.9,213,8.899999999999977,5813.02502261885,55510.299999999996,8285.699999999999,0,1,0,0
299.1,310.0,1580,36.0,195,10.899999999999977,5956.459671206248,56880.0,7020.0,0,0,1,0
299.0,310.2,1575,37.8,42,11.199999999999989,6234.490621048944,59534.99999999999,1587.6,0,1,0,0
302.7,311.1,1418,43.4,130,8.400000000000034,6444.579393770006,61541.2,5642.0,1,0,0,0
303.1,311.3,1474,34.8,215,8.199999999999989,5371.620782813972,51295.2,7481.999999999999,0,1,0,0
300.7,311.0,1378,51.6,130,10.300000000000011,7446.077243832384,71104.8,6708.0,0,0,1,0
304.1,313.4,1374,56.6,115,9.299999999999955,8143.88780404775,77768.40000000001,6509.0,0,1,0,0
298.8,309.0,1661,29.5,162,10.199999999999989,5131.215640985769,48999.5,4779.0,0,0,1,0
300.8,311.4,1322,67.2,18,10.599999999999966,9303.135493222384,88838.40000000001,1209.6000000000001,0,1,0,1
297.6,308.9,1433,43.2,206,11.299999999999955,6482.739272535609,61905.600000000006,8899.2,0,0,1,0
299.0,308.6,1661,32.2,106,9.600000000000023,5600.852326770908,53484.200000000004,3413.2000000000003,0,1,0,0
300.4,311.6,1401,49.9,79,11.200000000000045,7320.947608439902,69909.9,3942.1,0,0,1,0
298.2,309.4,1408,46.5,76,11.199999999999989,6856.211807194363,65472.0,3534.0,0,0,1,0
299.9,309.6,1364,44.4,20,9.700000000000045,6341.995921654786,60561.6,888.0,0,0,1,0
299.7,309.0,1605,33.0,151,9.300000000000011,5546.48182991278,52965.0,4983.0,0,1,0,0
299.7,309.6,1534,39.1,176,9.900000000000034,6281.028080224121,59979.4,6881.6,0,0,1,0
300.9,312.0,2129,17.8,173,11.100000000000023,3968.480783965651,37896.200000000004,3079.4,1,0,0,0
303.1,311.1,1854,22.6,19,8.0,4387.799627415792,41900.4,429.40000000000003,0,1,0,0
300.6,309.8,1688,28.6,135,9.199999999999989,5055.534673960791,48276.8,3861.0,0,1,0,0
298.9,308.7,1772,28.4,177,9.800000000000011,5270.000732445854,50324.799999999996,5026.8,0,0,1,0
301.2,311.7,1433,49.3,206,10.5,7398.1260679630905,70646.9,10155.8,0,1,0,0
299.0,310.2,1625,31.8,89,11.199999999999989,5411.393345808419,51675.0,2830.2000000000003,0,0,1,0
302.1,310.8,1786,25.7,47,8.699999999999989,4806.657703943408,45900.2,1207.8999999999999,0,1,0,0
299.7,309.1,1851,24.7,189,9.400000000000034,4787.755788144309,45719.7,4668.3,0,0,1,0
298.9,308.3,1660,34.4,9,9.400000000000034,5979.916896353051,57104.0,309.59999999999997,0,1,0,0
298.9,309.9,1376,51.0,32,11.0,7348.813535277243,70176.0,1632.0,1,0,0,0
298.5,308.8,1589,30.6,11,10.300000000000011,5091.830541085265,48623.4,336.6,0,1,0,0
302.1,310.5,1559,36.0,124,8.399999999999977,5877.291536335785,56124.0,4464.0,0,1,0,0
298.7,310.1,1786,27.7,114,11.400000000000034,5180.716669230832,49472.2,3157.7999999999997,0,1,0,0
303.4,311.7,1991,19.0,53,8.300000000000011,3961.4436164216095,37829.0,1007.0,1,0,0,0
298.2,308.8,1616,33.7,16,10.600000000000023,5702.954088012575,54459.200000000004,539.2,0,1,0,0
301.6,311.2,1525,43.7,91,9.599999999999966,6978.786280561927,66642.5,3976.7000000000003,0,1,0,0
302.2,311.7,1330,54.6,154,9.5,7604.539177279453,72618.0,8408.4,0,1,0,0
298.3,308.7,1667,28.6,18,10.399999999999977,4992.639989035923,47676.200000000004,514.8000000000001,0,0,1,0
303.4,312.3,1479,42.8,92,8.900000000000034,6628.886162780607,63301.2,3937.6,0,1,0,0
299.0,309.4,1758,25.7,68,10.399999999999977,4731.3013681593,45180.6,1747.6,0,1,0,0
300.5,311.2,1270,67.5,208,10.699999999999989,8977.101007632833,85725.0,14040.0,0,1,0,1
298.5,309.1,1474,41.3,189,10.600000000000023,6374.940756615432,60876.2,7805.7,0,1,0,0
301.8,311.3,1624,31.6,145,9.5,5374.050281132748,51318.4,4582.0,0,0,1,0
300.8,311.4,1453,44.6,38,10.599999999999966,6786.238066823408,64803.8,1694.8,1,0,0,0
300.7,309.5,1592,29.0,17,8.800000000000011,4834.701654364452,46168.0,493.0,0,1,0,0
300.7,309.6,1500,44.1,122,8.900000000000034,6927.211801165495,66150.0,5380.2,0,1,0,0
302.7,310.5,1446,40.9,211,7.800000000000011,6193.2729254338465,59141.4,8629.9,0,1,0,1
301.3,311.1,1492,41.2,223,9.800000000000011,6437.1652351075345,61470.4,9187.6,0,0,1,0
298.4,309.2,1651,28.5,141,10.800000000000011,4927.430997522911,47053.5,4018.5,0,1,0,0
300.6,311.1,1452,40.2,28,10.5,6112.533994236589,58370.4,1125.6000000000001,1,0,0,0
304.3,313.6,1409,56.0,19,9.300000000000011,8262.807557961634,78904.0,1064.0,0,1,0,0
300.2,309.7,1656,34.3,120,9.5,5948.16586660077,56800.799999999996,4116.0,0,1,0,0
299.9,311.4,1480,44.9,108,11.5,6958.837167211631,66452.0,4849.2,0,0,1,0
299.9,309.9,1639,42.1,159,10.0,7225.862070791252,69001.90000000001,6693.900000000001,0,0,1,0
301.3,310.3,1626,31.3,180,9.0,5329.58627310894,50893.8,5634.0,0,1,0,0
303.5,312.4,1390,47.3,164,8.899999999999977,6885.00973985227,65747.0,7757.2,0,1,0,0
300.6,310.4,1446,49.7,155,9.799999999999955,7525.810865380494,71866.2,7703.5,0,1,0,0
298.6,310.2,1668,31.5,7,11.599999999999966,5502.185373497164,52542.0,220.5,0,0,1,0
298.7,309.7,1868,23.8,118,11.0,4655.672761011882,44458.4,2808.4,0,0,1,0
300.1,311.5,1422,46.2,134,11.399999999999977,6879.710920243216,65696.40000000001,6190.8,1,0,0,0
298.6,309.6,1491,36.9,192,11.0,5761.461015197929,55017.9,7084.799999999999,0,1,0,0
300.4,309.4,1875,23.9,155,9.0,4692.754026299754,44812.5,3704.5,0,0,1,0
295.8,306.5,1514,37.7,60,10.699999999999989,5977.173238768916,57077.8,2262.0,0,0,1,0
303.7,312.8,1488,42.8,54,9.100000000000023,6669.224212452699,63686.399999999994,2311.2,1,0,0,0
299.0,308.7,1449,38.9,18,9.699999999999989,5902.644189050256,56366.1,700.1999999999999,0,1,0,0
298.9,310.0,2231,17.4,151,11.100000000000023,4065.1580618921207,38819.399999999994,2627.3999999999996,0,1,0,0
298.8,309.7,1477,48.5,138,10.899999999999977,7501.547298119267,71634.5,6693.0,0,0,1,0
301.3,311.0,1348,44.5,78,9.699999999999989,6281.719230607911,59986.0,3471.0,0,1,0,0
303.6,312.8,1710,27.2,14,9.199999999999989,4870.725250125615,46512.0,380.8,0,1,0,0
300.1,309.7,1641,30.4,41,9.599999999999966,5224.091591801394,49886.399999999994,1246.3999999999999,0,1,0,0
302.2,311.4,1397,53.0,17,9.199999999999989,7753.555388814729,74041.0,901.0,0,1,0,0
299.0,310.1,1531,36.0,57,11.100000000000023,5771.734023175169,55116.0,2052.0,0,1,0,0
299.5,309.1,1502,44.6,13,9.600000000000023,7015.092619661912,66989.2,579.8000000000001,0,1,0,0
303.7,312.9,1461,50.1,31,9.199999999999989,7665.077667714128,73196.1,1553.1000000000001,0,1,0,0
300.4,309.7,1467,36.9,131,9.300000000000011,5668.721200063958,54132.299999999996,4833.9,0,1,0,0
297.6,309.5,1574,30.9,151,11.899999999999977,5093.212841852844,48636.6,4665.9,0,1,0,0
299.1,310.1,1894,24.2,22,11.0,4799.809031958582,45834.799999999996,532.4,0,1,0,0
300.6,310.2,1489,47.8,21,9.599999999999966,7453.344794837687,71174.2,1003.8,0,1,0,0
298.2,308.4,1452,43.5,158,10.199999999999989,6614.309172867951,63162.0,6873.0,0,1,0,0
303.0,312.5,1524,42.1,76,9.5,6718.861376379418,64160.4,3199.6,0,0,1,0
297.6,308.7,1419,41.7,81,11.099999999999966,6196.5087658670445,59172.3,3377.7000000000003,0,0,1,0
297.4,308.7,1433,43.4,116,11.300000000000011,6512.751954352903,62192.2,5034.4,0,1,0,0
298.3,308.0,1363,50.1,96,9.699999999999989,7150.924614027623,68286.3,4809.6,0,1,0,0
301.7,309.8,1398,46.0,109,8.100000000000023,6734.3180122350805,64308.0,5014.0,0,1,0,0
300.5,309.3,1881,25.5,98,8.800000000000011,5022.935414192041,47965.5,2499.0,0,0,1,0
300.8,311.9,1486,45.1,30,11.099999999999966,7018.1713804624305,67018.6,1353.0,0,1,0,0
302.3,311.6,1309,57.6,77,9.300000000000011,7895.701984414155,75398.40000000001,4435.2,0,1,0,0
303.5,312.4,1606,31.7,22,8.899999999999977,5331.303677092903,50910.2,697.4,0,0,1,0
300.7,310.2,1807,24.2,77,9.5,4579.33205952965,43729.4,1863.3999999999999,0,1,0,0
303.2,311.4,2102,19.0,5,8.199999999999989,4182.297579968972,39938.0,95.0,0,0,1,0
302.7,310.5,1725,29.0,209,7.800000000000011,5238.60574986098,50025.0,6061.0,0,1,0,0
297.3,308.5,1625,32.8,92,11.199999999999989,5581.562947877866,53299.99999999999,3017.6,0,0,1,0
302.5,310.4,1605,36.0,69,7.899999999999977,6050.707450813941,57780.0,2484.0,0,0,1,0
300.9,310.8,1490,38.1,125,9.900000000000034,5944.835778387966,56769.0,4762.5,0,1,0,0
297.1,307.8,1681,27.6,181,10.699999999999989,4858.5358706296865,46395.600000000006,4995.6,0,1,0,0
298.3,309.0,1471,48.3,91,10.699999999999989,7440.265297423242,71049.3,4395.3,0,1,0,0
298.8,309.7,1392,48.7,133,10.899999999999977,7098.994087463784,67790.40000000001,6477.1,0,0,1,0
297.6,309.6,1530,37.3,10,12.0,5976.251704923863,57068.99999999999,373.0,0,0,1,0
301.0,310.9,1554,32.7,59,9.899999999999977,5321.4181322096065,50815.8,1929.3000000000002,0,0,1,0
295.6,306.0,1949,21.9,5,10.399999999999977,4469.76377974795,42683.1,109.5,0,1,0,0
302.3,311.4,1535,41.8,77,9.099999999999966,6719.1336477427285,64162.99999999999,3218.6,0,1,0,0
297.5,308.2,1624,30.9,186,10.699999999999989,5255.004863512719,50181.6,5747.4,0,0,1,0
297.6,309.7,1541,33.7,165,12.099999999999966,5438.274906947636,51931.700000000004,5560.500000000001,0,0,1,0
300.0,310.1,1314,53.5,199,10.100000000000023,7361.694065156963,70299.0,10646.5,0,0,1,0
299.7,310.6,1616,35.1,142,10.900000000000034,5939.872061995294,56721.600000000006,4984.2,0,1,0,0
301.9,310.8,1650,29.8,94,8.900000000000034,5149.070359233671,49170.0,2801.2000000000003,0,1,0,0
299.2,310.2,1458,47.0,183,11.0,7176.025939329805,68526.0,8601.0,0,1,0,0
298.2,308.0,1411,47.2,168,9.800000000000011,6974.251915165245,66599.2,7929.6,0,0,1,0
300.2,311.5,1547,40.9,66,11.300000000000011,6625.859761857649,63272.299999999996,2699.4,0,0,1,0
297.7,308.7,1688,27.2,125,11.0,4808.060948662011,45913.6,3400.0,0,1,0,0
300.4,309.9,1681,28.6,206,9.5,5034.569778985835,48076.600000000006,5891.6,0,1,0,0
302.3,311.1,1589,29.9,141,8.800000000000011,4975.350757465668,47511.1,4215.9,0,1,0,0
300.2,310.1,1619,31.3,38,9.900000000000034,5306.6421747622235,50674.700000000004,1189.4,0,0,1,0
299.3,308.6,1605,37.0,78,9.300000000000011,6218.782657780996,59385.0,2886.0,0,1,0,0
301.8,310.7,1383,45.7,44,8.899999999999977,6618.613154803369,63203.100000000006,2010.8000000000002,0,0,1,0
303.1,312.4,1404,61.5,127,9.299999999999955,9042.131975562143,86346.0,7810.5,0,1,0,1
300.5,311.8,1596,34.8,87,11.300000000000011,5816.218975149999,55540.799999999996,3027.6,0,1,0,0
299.8,311.2,1533,35.9,137,11.399999999999977,5763.220307083939,55034.7,4918.3,0,1,0,0
301.5,310.6,1492,43.0,100,9.100000000000023,6718.400609456892,64156.0,4300.0,0,0,1,0
299.2,308.3,1755,26.4,19,9.100000000000023,4851.875694204075,46332.0,501.59999999999997,0,0,1,0
299.4,308.9,1550,33.7,174,9.5,5470.036408675429,52235.00000000001,5863.8,0,1,0,0
299.4,309.2,1433,42.1,22,9.800000000000011,6317.669522540489,60329.3,926.2,0,1,0,0
300.3,311.4,1544,41.6,97,11.099999999999966,6726.191759237795,64230.4,4035.2000000000003,0,1,0,0
297.5,308.2,1713,32.2,17,10.699999999999989,5776.195084743266,55158.600000000006,547.4000000000001,0,0,1,0
299.2,310.5,1458,44.1,91,11.300000000000011,6733.24987073286,64297.8,4013.1,0,1,0,0
297.6,309.5,1569,36.2,63,11.899999999999977,5947.851707335412,56797.8,2280.6000000000004,0,1,0,0
296.4,307.3,2077,19.1,80,10.900000000000034,4154.3059894254875,39670.700000000004,1528.0,0,0,1,0
302.5,310.4,1487,42.0,152,7.899999999999977,6540.167586243232,62454.0,6384.0,0,1,0,0
298.1,308.5,1372,51.1,116,10.399999999999977,7341.818255635252,70109.2,5927.6,0,0,1,0
303.7,312.4,1404,46.6,119,8.699999999999989,6851.436586360908,65426.4,5545.400000000001,0,1,0,0
298.8,310.1,1719,28.8,206,11.300000000000011,5184.381860660021,49507.200000000004,5932.8,0,0,1,0
299.1,308.3,1451,42.8,21,9.199999999999989,6503.390008245206,62102.799999999996,898.8,1,0,0,0
298.0,308.9,1500,36.7,104,10.899999999999977,5764.822519337271,55050.00000000001,3816.8,0,1,0,0
301.5,310.6,1512,39.0,143,9.100000000000023,6175.114519896098,58968.0,5577.0,1,0,0,0
302.5,311.9,1481,42.9,52,9.399999999999977,6653.359169552072,63534.9,2230.7999999999997,0,1,0,0
300.8,312.1,1512,37.1,169,11.300000000000011,5874.275607388339,56095.200000000004,6269.900000000001,0,1,0,0
297.2,308.6,1392,41.5,108,11.400000000000034,6049.450813752505,57768.0,4482.0,0,1,0,0
297.9,309.8,1461,50.5,38,11.900000000000034,7726.275892606058,73780.5,1919.0,0,1,0,0
302.0,310.7,1453,42.7,92,8.699999999999989,6497.138238864563,62043.100000000006,3928.4,0,1,0,0
300.6,309.4,1654,32.8,57,8.799999999999955,5681.1723789476855,54251.2,1869.6,0,1,0,0
298.3,308.1,1586,35.5,0,9.800000000000011,5896.036372502204,56303.0,0.0,0,1,0,0
300.4,309.7,1466,39.8,184,9.300000000000011,6110.0626080157635,58346.799999999996,7323.2,0,0,1,0
300.8,312.0,1416,46.5,7,11.199999999999989,6895.167556098879,65844.0,325.5,0,1,0,0
300.8,310.7,1886,21.1,44,9.899999999999977,4167.280767084813,39794.600000000006,928.4000000000001,0,0,1,0
300.6,310.5,2156,18.0,16,9.899999999999977,4063.9642566837565,38808.0,288.0,0,0,1,0
301.3,310.6,1378,49.4,173,9.300000000000011,7128.608834211623,68073.2,8546.199999999999,0,0,1,0
301.1,310.7,1334,48.2,106,9.599999999999966,6733.35459048798,64298.8,5109.200000000001,0,1,0,0
300.1,311.3,1495,41.0,193,11.199999999999989,6418.797390059545,61295.0,7913.0,0,0,1,0
302.5,310.3,1326,58.5,55,7.800000000000011,8123.216124387128,77571.0,3217.5,0,1,0,1
302.0,311.2,1270,65.3,182,9.199999999999989,8684.514011828503,82931.0,11884.6,0,1,0,1
298.0,307.6,1508,41.8,89,9.600000000000023,6600.946932114681,63034.399999999994,3720.2,0,0,1,0
297.6,307.1,1471,44.9,14,9.5,6916.519914167777,66047.9,628.6,0,0,1,0
302.2,310.9,1465,43.5,140,8.699999999999989,6673.528194388118,63727.5,6090.0,0,0,1,0
300.9,310.4,1427,47.0,65,9.5,7023.4492561204615,67069.0,3055.0,0,1,0,0
302.0,310.7,1348,58.1,83,8.699999999999989,8201.52555726561,78318.8,4822.3,0,1,0,0
301.0,311.7,1547,34.5,152,10.699999999999989,5589.050410368921,53371.5,5244.0,0,1,0,0
300.8,311.7,1414,49.0,10,10.899999999999977,7255.612953220746,69286.0,490.0,0,1,0,0
301.9,311.0,1430,49.8,174,9.100000000000023,7457.512641091452,71214.0,8665.199999999999,1,0,0,0
300.8,309.6,1546,42.3,186,8.800000000000011,6848.232161854245,65395.799999999996,7867.799999999999,0,0,1,0
301.4,310.7,1425,45.1,7,9.300000000000011,6730.076862152733,64267.5,315.7,0,1,0,0
302.3,311.0,1421,41.3,182,8.699999999999989,6145.719684634008,58687.299999999996,7516.599999999999,0,0,1,0
302.3,311.7,1423,44.6,93,9.399999999999977,6646.123034473303,63465.8,4147.8,0,0,1,0
299.8,310.3,1687,30.4,33,10.5,5370.531697360727,51284.799999999996,1003.1999999999999,0,1,0,0
301.0,311.3,1454,41.5,57,10.300000000000011,6318.894743675391,60341.0,2365.5,0,0,1,0
298.1,308.0,1686,29.3,35,9.899999999999977,5173.134958960169,49399.8,1025.5,0,0,1,0
303.5,311.9,1515,39.2,24,8.399999999999977,6219.096817046355,59388.00000000001,940.8000000000001,0,1,0,0
296.5,307.5,1443,41.8,87,11.0,6316.423357454566,60317.399999999994,3636.6,0,1,0,0
303.4,311.9,1531,37.9,203,8.5,6076.353318842746,58024.9,7693.7,0,1,0,0
299.9,309.5,1582,38.2,160,9.600000000000023,6328.466129293328,60432.4,6112.0,0,0,1,0
300.8,310.3,1494,42.2,35,9.5,6602.2454570781665,63046.8,1477.0,0,0,1,0
300.5,311.7,2141,17.2,196,11.199999999999989,3856.325926232495,36825.2,3371.2,0,0,1,0
301.7,311.3,1348,51.0,87,9.600000000000023,7199.27372496637,68748.0,4437.0,0,1,0,0
297.3,308.7,1542,37.0,184,11.399999999999977,5974.680908597069,57054.0,6808.0,0,0,1,0
298.1,307.9,1425,58.2,57,9.799999999999955,8684.932890848982,82935.0,3317.4,0,1,0,0
297.3,308.5,1528,44.5,140,11.199999999999989,7120.524469116385,67996.0,6230.0,0,1,0,0
300.1,311.6,1433,51.4,76,11.5,7713.259227044683,73656.2,3906.4,0,0,1,0
299.1,310.5,1736,26.9,74,11.399999999999977,4890.245012479919,46698.399999999994,1990.6,0,1,0,0
300.2,311.4,1319,54.6,15,11.199999999999989,7541.644492354586,72017.40000000001,819.0,1,0,0,0
299.7,309.1,1352,46.1,102,9.400000000000034,6526.889121294059,62327.200000000004,4702.2,0,0,1,0
300.9,311.9,1310,56.1,35,11.0,7695.9595234989165,73491.0,1963.5,0,0,1,0
297.4,308.7,2874,4.2,118,11.300000000000011,1264.0512200983894,12070.800000000001,495.6,0,1,0,1
300.2,309.8,1374,47.7,8,9.600000000000023,6863.311806591479,65539.8,381.6,1,0,0,0
302.4,312.0,1457,45.5,206,9.600000000000023,6942.239086025164,66293.5,9373.0,0,1,0,0
301.7,311.1,1578,40.5,174,9.400000000000034,6692.534829942336,63909.0,7047.0,0,0,1,0
297.2,308.5,1364,55.6,163,11.300000000000011,7941.778676666805,75838.40000000001,9062.800000000001,0,0,1,0
303.6,311.7,1491,39.8,92,8.099999999999966,6214.258764359825,59341.799999999996,3661.6,0,1,0,0
300.4,311.0,1433,46.1,199,10.600000000000023,6917.9231588863795,66061.3,9173.9,0,0,1,0
300.8,310.9,1732,25.7,109,10.099999999999966,4661.327627788343,44512.4,2801.2999999999997,0,1,0,0
303.7,312.6,1702,29.1,141,8.900000000000034,5186.580975517533,49528.200000000004,4103.1,0,1,0,0
297.2,308.5,1604,34.9,200,11.300000000000011,5862.170003696505,55979.6,6980.0,0,0,1,0
298.4,309.3,1806,27.6,64,10.900000000000034,5219.8190257925135,49845.600000000006,1766.4,0,1,0,0
300.0,309.3,1397,51.2,173,9.300000000000011,7490.227092590832,71526.40000000001,8857.6,0,1,0,0
304.0,313.2,1416,46.0,128,9.199999999999989,6821.02596947416,65136.0,5888.0,0,1,0,0
302.0,310.7,1698,28.1,39,8.699999999999989,4996.577451828422,47713.8,1095.9,0,1,0,0
300.5,311.4,1642,27.1,37,10.899999999999977,4659.840607265644,44498.200000000004,1002.7,0,1,0,0
297.9,308.0,1800,24.8,44,10.100000000000023,4674.689868541612,44640.0,1091.2,1,0,0,0
299.6,309.2,1393,47.7,28,9.599999999999966,6958.219320656426,66446.1,1335.6000000000001,0,0,1,0
303.5,311.8,1944,23.5,159,8.300000000000011,4784.017292886538,45684.0,3736.5,0,1,0,0
303.4,312.8,1513,35.8,92,9.400000000000034,5672.187423958419,54165.399999999994,3293.6,0,1,0,0
300.9,311.3,1449,40.2,168,10.400000000000034,6099.904791769159,58249.8,6753.6,0,1,0,0
302.5,312.0,1579,35.7,167,9.5,5903.084012021757,56370.3,5961.900000000001,1,0,0,0
298.8,310.0,1672,30.4,150,11.199999999999989,5322.779489026163,50828.799999999996,4560.0,0,1,0,0
297.5,308.4,1384,56.0,73,10.899999999999977,8116.19990079411,77504.0,4088.0,0,1,0,0
298.3,309.2,1562,37.6,137,10.899999999999977,6150.316881883763,58731.200000000004,5151.2,0,1,0,0
302.3,311.8,1559,34.4,191,9.5,5616.078579165305,53629.6,6570.4,0,0,1,0
304.1,313.2,1824,25.8,186,9.099999999999966,4928.027900127093,47059.200000000004,4798.8,0,1,0,0
297.5,308.5,1447,41.6,118,11.0,6303.626603378943,60195.200000000004,4908.8,0,0,1,0
298.8,310.0,1611,32.4,183,11.199999999999989,5465.994226127809,52196.399999999994,5929.2,0,1,0,0
304.0,313.1,1648,35.7,119,9.100000000000023,6161.040184808015,58833.600000000006,4248.3,0,1,0,0
300.0,309.7,1554,32.0,117,9.699999999999989,5207.5039825904405,49728.0,3744.0,0,1,0,0
302.1,310.7,1491,42.8,98,8.599999999999966,6682.670229010063,63814.799999999996,4194.4,0,1,0,0
299.5,308.7,2549,13.0,179,9.199999999999989,3470.0985254001657,33137.0,2327.0,0,1,0,1
297.5,309.4,1391,58.2,34,11.899999999999977,8477.713439418201,80956.2,1978.8000000000002,0,0,1,0
297.6,308.3,1623,36.9,61,10.699999999999989,6271.529998434768,59888.7,2250.9,0,1,0,0
298.4,308.0,1605,32.4,154,9.600000000000023,5445.636705732547,52002.0,4989.599999999999,0,1,0,0
302.7,312.1,1601,35.2,31,9.400000000000034,5901.50274371945,56355.200000000004,1091.2,0,1,0,0
298.6,309.4,2312,15.5,44,10.799999999999955,3752.7371444681276,35836.0,682.0,0,1,0,0
300.3,311.5,1403,60.1,58,11.199999999999989,8830.001167616247,84320.3,3485.8,0,1,0,0
299.7,309.6,1313,60.0,186,9.900000000000034,8249.822308326797,78780.0,11160.0,0,0,1,0
303.7,312.6,1671,30.5,163,8.900000000000034,5337.09467955102,50965.5,4971.5,0,0,1,0
300.2,310.3,1704,29.2,42,10.100000000000023,5210.519911537887,49756.799999999996,1226.3999999999999,0,0,1,0
300.8,311.8,1427,43.3,180,11.0,6470.53942106417,61789.1,7793.999999999999,0,1,0,0
298.7,309.6,1442,55.6,194,10.900000000000034,8395.927310669746,80175.2,10786.4,0,1,0,0
300.1,311.3,1479,39.5,133,11.199999999999989,6117.780453968084,58420.5,5253.5,0,1,0,0
298.3,308.9,1862,27.0,172,10.599999999999966,5264.680968885776,50274.0,4644.0,0,1,0,0
300.8,311.4,1536,40.9,22,10.599999999999966,6578.746344029314,62822.399999999994,899.8,0,1,0,0
298.5,309.1,2051,19.0,184,10.600000000000023,4080.824137258022,38969.0,3496.0,1,0,0,0
296.9,307.8,1345,54.5,172,10.900000000000034,7676.21984965886,73302.5,9374.0,1,0,0,0
300.2,310.3,1704,29.4,221,10.100000000000023,5246.208404082668,50097.6,6497.4,0,0,1,0
302.1,311.4,1549,44.6,31,9.299999999999955,7234.606170343743,69085.40000000001,1382.6000000000001,0,1,0,0
298.1,307.8,1384,43.7,200,9.699999999999989,6333.5345654411185,60480.8,8740.0,0,0,1,0
303.5,313.0,1482,38.5,82,9.5,5974.995067862428,57057.0,3157.0,0,1,0,0
298.2,307.8,1439,41.6,62,9.600000000000023,6268.775868875121,59862.4,2579.2000000000003,0,1,0,0
298.9,309.8,1353,53.7,71,10.900000000000034,7608.528999949513,72656.1,3812.7000000000003,0,0,1,0
299.1,308.1,1479,40.7,10,9.0,6303.637075354457,60195.3,407.0,0,1,0,0
297.4,308.1,1435,45.7,110,10.700000000000045,6867.469180869729,65579.5,5027.0,0,1,0,0
301.2,311.0,1567,35.1,64,9.800000000000011,5759.764555164991,55001.700000000004,2246.4,0,1,0,0
301.8,311.1,1463,50.1,149,9.300000000000011,7675.57058717712,73296.3,7464.900000000001,1,0,0,0
299.3,309.0,1786,23.5,100,9.699999999999989,4395.1928421272405,41971.0,2350.0,0,1,0,0
297.2,308.6,1413,49.8,12,11.400000000000034,7368.856896407146,70367.4,597.5999999999999,0,1,0,0
298.1,308.3,1495,38.7,188,10.199999999999989,6058.718512080595,57856.50000000001,7275.6,0,1,0,0
303.6,312.4,2232,16.8,0,8.799999999999955,3926.739489574954,37497.6,0.0,0,1,0,0
301.1,311.3,1909,22.7,38,10.199999999999989,4537.957284281872,43334.299999999996,862.6,0,0,1,0
299.2,308.4,1620,34.1,89,9.199999999999989,5784.928712320245,55242.0,3034.9,0,1,0,0
300.8,312.3,1858,26.3,144,11.5,5117.172721824222,48865.4,3787.2000000000003,0,1,0,0
297.4,308.7,1402,40.2,114,11.300000000000011,5902.0472864460735,56360.4,4582.8,0,1,0,0
301.7,310.1,1431,44.0,61,8.400000000000034,6593.574661354258,62964.0,2684.0,0,0,1,0
298.2,307.8,1585,34.6,78,9.600000000000023,5742.936090517262,54841.0,2698.8,0,1,0,0
303.8,312.6,1406,47.1,162,8.800000000000011,6934.814455387181,66222.6,7630.2,0,0,1,0
295.6,306.2,1823,25.8,29,10.599999999999966,4925.326130445006,47033.4,748.2,0,1,0,0
304.2,313.2,1464,44.9,37,9.0,6883.606495133667,65733.59999999999,1661.3,0,1,0,0
302.4,311.8,1644,37.2,195,9.400000000000034,6404.32511990201,61156.8,7254.000000000001,0,0,1,0
295.6,306.1,1669,29.0,161,10.5,5068.540867546652,48401.0,4669.0,0,0,1,0
297.2,308.3,1656,30.3,124,11.100000000000023,5254.5022086881445,50176.8,3757.2000000000003,0,1,0,0
298.0,308.2,1373,51.2,215,10.199999999999989,7361.547457499795,70297.6,11008.0,0,0,1,0
298.1,309.0,1557,36.0,56,10.899999999999977,5869.751713967169,56052.0,2016.0,0,1,0,0
298.6,309.5,1566,38.1,89,10.899999999999977,6248.062301312452,59664.600000000006,3390.9,0,0,1,0
302.3,311.2,1842,23.9,111,8.899999999999977,4610.161555436878,44023.799999999996,2652.8999999999996,0,0,1,0
302.1,311.4,1518,37.4,102,9.299999999999955,5945.275601359469,56773.2,3814.7999999999997,0,1,0,0
300.2,311.4,1427,39.7,196,11.199999999999989,5932.573095063454,56651.9,7781.200000000001,0,0,1,0
301.4,310.4,1559,39.4,199,9.0,6432.369070323053,61424.6,7840.599999999999,0,1,0,0
301.5,310.5,1587,33.8,57,9.0,5617.230496471621,53640.6,1926.6,1,0,0,0
300.7,310.6,1407,40.5,87,9.900000000000034,5967.2981658611325,56983.5,3523.5,0,1,0,0
300.0,311.4,1483,45.6,187,11.399999999999977,7081.652496015968,67624.8,8527.2,0,1,0,0
298.2,308.8,1837,28.4,34,10.600000000000023,5463.313400396746,52170.799999999996,965.5999999999999,1,0,0,0
300.6,311.7,1448,49.1,206,11.099999999999966,7445.239485791427,71096.8,10114.6,0,1,0,0
297.9,309.1,1457,44.4,28,11.200000000000045,6774.404734494886,64690.799999999996,1243.2,0,1,0,0
299.6,310.9,1679,31.2,120,11.299999999999955,5485.723427992352,52384.799999999996,3744.0,1,0,0,0
301.1,310.5,1428,44.1,103,9.399999999999977,6594.70563470955,62974.8,4542.3,0,1,0,0
297.9,309.1,1558,39.2,59,11.200000000000045,6395.612436276054,61073.600000000006,2312.8,0,0,1,0
298.0,309.9,1565,33.9,40,11.899999999999977,5555.749528240868,53053.5,1356.0,0,0,1,0
301.2,310.6,1670,30.0,40,9.400000000000034,5246.459731494954,50100.0,1200.0,0,1,0,0
296.3,307.2,1286,51.1,177,10.899999999999977,6881.6168197863935,65714.6,9044.7,0,0,1,0
296.6,307.4,1790,25.8,72,10.799999999999955,4836.167730936128,46182.0,1857.6000000000001,0,0,1,0
300.8,310.6,1465,44.1,136,9.800000000000011,6765.576859138299,64606.5,5997.6,1,0,0,0
297.8,307.3,1315,54.0,180,9.5,7436.14981104704,71010.0,9720.0,0,0,1,0
301.7,310.6,1624,34.5,216,8.900000000000034,5867.238439844297,56028.0,7452.0,0,1,0,0
301.0,310.7,1455,46.1,103,9.699999999999989,7024.129934528739,67075.5,4748.3,0,0,1,0
299.0,310.1,1664,29.7,89,11.100000000000023,5175.334073817682,49420.799999999996,2643.2999999999997,0,1,0,0
297.4,308.6,1524,43.1,73,11.200000000000045,6878.45428318178,65684.40000000001,3146.3,0,1,0,0
301.8,310.8,1505,41.2,33,9.0,6493.253135949624,62006.00000000001,1359.6000000000001,0,1,0,0
297.3,308.4,1531,35.6,16,11.099999999999966,5707.603645139889,54503.6,569.6,1,0,0,0
299.8,309.7,1705,28.5,103,9.899999999999977,5088.594700652067,48592.5,2935.5,0,0,1,0
301.4,310.8,1782,26.5,6,9.400000000000034,4945.180996015693,47223.0,159.0,0,0,1,0
298.9,310.2,1603,36.1,126,11.300000000000011,6059.9542051910075,57868.3,4548.6,0,0,1,0
298.6,309.6,1525,42.4,2,11.0,6771.1793660372,64660.0,84.8,0,0,1,0
297.5,308.3,1459,45.2,34,10.800000000000011,6905.932746925179,65946.8,1536.8000000000002,0,0,1,0
298.3,308.5,1453,42.9,89,10.199999999999989,6527.569799702335,62333.7,3818.1,0,1,0,0
301.4,311.1,1758,25.4,88,9.700000000000045,4676.072169309191,44653.2,2235.2,0,0,1,0
298.2,307.8,1599,31.2,173,9.600000000000023,5224.342919213682,49888.799999999996,5397.599999999999,0,0,1,0
303.3,311.6,1337,56.8,187,8.300000000000011,7952.585755395153,75941.59999999999,10621.6,0,1,0,1
301.7,310.7,1861,21.8,84,9.0,4248.459521253573,40569.8,1831.2,0,0,1,0
297.4,309.0,1833,22.6,161,11.600000000000023,4338.0996316360015,41425.8,3638.6000000000004,0,1,0,0
302.5,310.9,1624,34.4,146,8.399999999999977,5850.231951612865,55865.6,5022.4,0,1,0,0
297.5,308.6,1842,27.0,133,11.100000000000023,5208.132301121159,49734.0,3591.0,0,0,1,0
300.1,310.4,1554,39.4,115,10.299999999999955,6411.73927856448,61227.6,4531.0,0,1,0,0
298.0,308.0,1555,37.0,111,10.0,6025.051110809625,57535.0,4107.0,0,0,1,0
297.0,307.9,1448,45.6,172,10.899999999999977,6914.519766844992,66028.8,7843.2,1,0,0,0
298.9,309.1,2861,4.6,143,10.200000000000045,1378.1748092277942,13160.599999999999,657.8,0,1,0,1
300.2,310.2,1438,51.5,7,10.0,7755.230904896644,74057.0,360.5,0,0,1,0
298.3,309.4,1631,29.8,0,11.099999999999966,5089.778033884919,48603.8,0.0,1,0,0,0
300.6,309.8,1455,48.0,125,9.199999999999989,7313.627697557038,69840.0,6000.0,0,1,0,0
299.6,309.1,1476,45.3,166,9.5,7001.856042614787,66862.8,7519.799999999999,0,1,0,0
300.5,311.9,1710,28.4,158,11.399999999999977,5085.610187631158,48564.0,4487.2,0,1,0,0
300.2,311.7,1448,54.2,173,11.5,8218.573933399091,78481.6,9376.6,0,1,0,0
299.0,308.2,1662,30.4,55,9.199999999999989,5290.944683469786,50524.799999999996,1672.0,1,0,0,0
300.6,309.4,1541,35.2,105,8.799999999999955,5680.334620906729,54243.200000000004,3696.0000000000005,0,0,1,0
302.2,311.3,1554,40.2,118,9.100000000000023,6541.926878129241,62470.8,4743.6,0,1,0,0
300.7,311.8,1443,43.7,217,11.100000000000023,6603.533510066139,63059.100000000006,9482.900000000001,0,1,0,0
298.9,310.4,1831,25.4,81,11.5,4870.243539252065,46507.399999999994,2057.4,0,1,0,0
298.5,308.0,1379,49.6,152,9.5,7162.663698576537,68398.40000000001,7539.2,0,1,0,0
302.0,309.7,1414,36.3,209,7.699999999999989,5375.07653473292,51328.2,7586.7,0,1,0,0
297.8,309.7,1394,42.9,206,11.899999999999977,6262.513627518965,59802.6,8837.4,0,1,0,0
297.3,308.1,1369,52.0,214,10.800000000000011,7454.78992745834,71188.0,11128.0,0,0,1,0
301.0,310.4,1793,25.0,142,9.399999999999977,4694.06302323875,44825.0,3550.0,0,0,1,0
302.6,311.0,1620,36.2,139,8.399999999999977,6141.185319237328,58644.00000000001,5031.8,0,1,0,0
300.6,309.4,1581,35.7,117,8.799999999999955,5910.561002537302,56441.700000000004,4176.900000000001,0,0,1,0
298.5,309.4,1548,37.7,43,10.899999999999977,6111.403020881297,58359.600000000006,1621.1000000000001,0,1,0,0
299.5,309.3,1902,24.0,151,9.800000000000011,4780.247381702229,45648.0,3624.0,0,0,1,0
299.2,310.8,1502,39.8,177,11.600000000000023,6260.105073151212,59779.6,7044.599999999999,0,0,1,0
297.0,307.8,1414,47.5,168,10.800000000000011,7033.502352611948,67165.0,7980.0,0,1,0,0
301.6,309.9,1746,31.1,83,8.299999999999955,5686.345534850598,54300.600000000006,2581.3,0,0,1,0
303.3,311.5,1373,47.3,60,8.199999999999989,6800.804584760553,64942.899999999994,2838.0,0,0,1,1
299.3,308.5,1413,38.5,57,9.199999999999989,5696.807038387051,54400.5,2194.5,0,1,0,0
298.3,309.7,1484,44.3,173,11.399999999999977,6884.402365272576,65741.2,7663.9,0,1,0,0
302.3,311.7,1453,41.2,147,9.399999999999977,6268.901532581265,59863.600000000006,6056.400000000001,0,1,0,0
299.4,309.2,1513,36.1,212,9.800000000000011,5719.719720807233,54619.3,7653.200000000001,1,0,0,0
297.5,308.8,1502,45.9,150,11.300000000000011,7219.5684135085585,68941.8,6885.0,0,1,0,0
297.1,308.4,1421,42.0,165,11.299999999999955,6249.884425051535,59682.0,6930.0,0,0,1,0
300.2,310.1,1485,40.5,188,9.900000000000034,6298.1078722841385,60142.5,7614.0,0,0,1,0
303.5,312.5,1380,46.1,166,9.0,6662.061381202517,63618.0,7652.6,0,1,0,0
302.5,310.4,1487,40.2,48,7.899999999999977,6259.874689689951,59777.4,1929.6000000000001,0,1,0,0
299.1,308.2,1450,46.1,112,9.099999999999966,6999.992030973658,66845.0,5163.2,1,0,0,0
300.8,309.6,1404,38.7,44,8.800000000000011,5689.92695047569,54334.8,1702.8000000000002,0,0,1,0
298.6,309.5,1375,41.0,39,10.899999999999977,5903.576194870819,56375.0,1599.0,1,0,0,0
301.3,310.0,1532,36.3,2,8.699999999999989,5823.633133812471,55611.6,72.6,1,0,0,0
296.8,307.8,1551,38.9,112,11.0,6318.151233414042,60333.899999999994,4356.8,0,0,1,0
301.1,310.6,1388,58.5,68,9.5,8503.034676206134,81198.0,3978.0,1,0,0,0
303.7,312.8,1448,44.5,55,9.100000000000023,6747.722140890397,64436.0,2447.5,0,1,0,0
304.2,313.0,1442,40.9,23,8.800000000000011,6176.1407734962695,58977.799999999996,940.6999999999999,1,0,0,0
297.4,308.6,1494,42.6,161,11.200000000000045,6664.825982737675,63644.4,6858.6,0,1,0,0
298.0,307.7,1407,43.9,205,9.699999999999989,6468.25653040256,61767.299999999996,8999.5,0,1,0,0
302.3,310.1,1383,42.9,24,7.800000000000011,6213.096375077998,59330.7,1029.6,1,0,0,0
304.2,313.3,1625,37.3,27,9.100000000000023,6347.326157190378,60612.49999999999,1007.0999999999999,1,0,0,0
299.3,310.8,1523,40.9,141,11.5,6523.0668502321905,62290.7,5766.9,0,0,1,0
299.1,308.3,1601,31.4,121,9.199999999999989,5264.408697522464,50271.399999999994,3799.3999999999996,0,1,0,0
299.9,309.2,1548,35.7,97,9.300000000000011,5787.190659030831,55263.600000000006,3462.9,0,0,1,0
303.3,312.6,1827,24.2,132,9.300000000000011,4630.0164210075645,44213.4,3194.4,1,0,0,0
299.1,310.1,1412,44.4,24,11.0,6565.174663765806,62692.799999999996,1065.6,0,0,1,0
302.3,310.2,1548,35.3,170,7.899999999999977,5722.348186660736,54644.399999999994,6000.999999999999,0,1,0,0
298.4,309.3,1531,37.4,16,10.900000000000034,5996.190346298647,57259.4,598.4,0,1,0,0
304.1,313.3,1452,43.9,182,9.199999999999989,6675.130406641449,63742.799999999996,7989.8,0,1,0,0
301.2,310.9,1460,46.7,166,9.699999999999989,7140.0023435686435,68182.0,7752.200000000001,0,0,1,0
299.6,308.9,1568,35.3,77,9.299999999999955,5796.280333775216,55350.399999999994,2718.1,0,0,1,0
303.3,312.6,1463,44.0,140,9.300000000000011,6741.02007656274,64372.0,6160.0,0,1,0,0
299.4,308.7,1459,47.6,96,9.300000000000011,7272.61944145218,69448.40000000001,4569.6,0,1,0,0
302.6,311.6,2041,19.2,174,9.0,4103.673987825131,39187.2,3340.7999999999997,0,0,1,0
299.6,309.3,1577,39.8,48,9.699999999999989,6572.693542183398,62764.6,1910.3999999999999,0,0,1,0
300.5,311.9,1670,26.3,89,11.399999999999977,4599.396364610577,43921.0,2340.7000000000003,0,0,1,0
303.7,312.3,1511,38.9,117,8.600000000000023,6155.20729444785,58777.9,4551.3,0,1,0,0
298.3,309.0,1519,40.0,96,10.699999999999989,6362.772321070528,60760.0,3840.0,0,1,0,0
300.8,310.6,1505,36.2,0,9.800000000000011,5705.236978674185,54481.00000000001,0.0,0,0,1,0
299.1,308.3,1892,25.2,34,9.199999999999989,4992.8703724971865,47678.4,856.8,0,1,0,0
303.4,311.8,1316,50.9,69,8.400000000000034,7014.589964837338,66984.4,3512.1,0,0,1,1
298.2,308.3,1589,33.2,94,10.100000000000023,5524.469737386628,52754.8,3120.8,0,1,0,0
298.9,309.3,1665,32.5,93,10.400000000000034,5666.647748912589,54112.5,3022.5,0,1,0,0
298.0,307.8,1567,36.4,109,9.800000000000011,5973.089168319249,57038.799999999996,3967.6,0,1,0,0
299.2,308.2,1674,28.2,14,9.0,4943.484535982755,47206.799999999996,394.8,0,0,1,0
302.3,311.0,1528,43.1,30,8.699999999999989,6896.50796896441,65856.8,1293.0,0,1,0,0
300.2,311.4,1452,47.8,34,11.199999999999989,7268.137435933058,69405.59999999999,1625.1999999999998,0,1,0,0
303.8,312.7,1500,41.7,125,8.899999999999977,6550.220682734719,62550.00000000001,5212.5,0,0,1,0
301.8,310.9,1609,31.7,202,9.099999999999966,5341.262525804782,51005.299999999996,6403.4,0,1,0,0
304.3,313.5,1416,48.1,167,9.199999999999989,7132.42063329798,68109.6,8032.7,0,0,1,0
301.2,310.3,1379,43.2,56,9.100000000000023,6238.449027792468,59572.8,2419.2000000000003,0,0,1,0
296.9,307.9,1367,47.1,204,11.0,6742.454737207879,64385.700000000004,9608.4,0,1,0,0
298.1,308.7,1315,56.8,59,10.599999999999966,7821.727949397627,74692.0,3351.2,0,0,1,0
300.6,309.5,1550,40.2,96,8.899999999999977,6525.087941506001,62310.00000000001,3859.2000000000003,0,0,1,0
298.8,309.8,1463,40.0,90,11.0,6128.200069602491,58520.0,3600.0,0,1,0,0
297.4,308.9,1323,57.3,163,11.5,7938.584724135656,75807.9,9339.9,0,0,1,0
301.3,310.8,1628,32.2,43,9.5,5489.577114980758,52421.600000000006,1384.6000000000001,0,1,0,0
301.1,310.8,1608,32.9,119,9.699999999999989,5540.010149046385,52903.2,3915.1,0,1,0,0
297.5,309.4,1443,45.4,70,11.899999999999977,6860.421541350175,65512.2,3178.0,0,1,0,0
298.5,309.2,1568,40.6,39,10.699999999999989,6666.543386721636,63660.8,1583.4,1,0,0,0
302.6,311.7,1254,54.1,19,9.099999999999966,7104.334794974887,67841.40000000001,1027.9,0,1,0,0
299.9,309.5,2065,18.1,62,9.600000000000023,3914.057927229964,37376.5,1122.2,0,0,1,0
301.7,310.5,1388,50.5,176,8.800000000000011,7340.226515357432,70094.0,8888.0,1,0,0,0
299.8,309.4,1630,32.4,53,9.599999999999966,5530.459707379471,52812.0,1717.1999999999998,0,1,0,0
300.5,311.5,1651,36.9,65,11.0,6379.7264494244,60921.899999999994,2398.5,0,1,0,0
300.7,310.7,1416,40.4,214,10.0,5990.640199277305,57206.4,8645.6,0,1,0,0
298.4,308.9,1782,23.9,24,10.5,4459.993426595285,42589.799999999996,573.5999999999999,1,0,0,0
297.6,308.3,1617,31.7,39,10.699999999999989,5367.819455703128,51258.9,1236.3,0,1,0,0
297.4,308.3,1704,27.3,65,10.900000000000034,4871.479232362477,46519.200000000004,1774.5,0,1,0,0
300.5,310.6,1540,46.7,206,10.100000000000023,7531.235348695692,71918.0,9620.2,0,1,0,0
302.4,311.0,1329,54.6,176,8.600000000000023,7598.82147864992,72563.40000000001,9609.6,0,1,0,0
297.6,308.7,1659,32.1,49,11.099999999999966,5576.73536716685,53253.9,1572.9,1,0,0,0
298.0,309.4,1490,40.5,53,11.399999999999977,6319.313622695869,60345.0,2146.5,1,0,0,0
303.7,312.7,1469,48.5,147,9.0,7460.91603313284,71246.5,7129.5,0,0,1,0
302.3,310.9,1412,48.9,28,8.599999999999966,7230.563987796125,69046.8,1369.2,0,1,0,0
298.2,307.8,1627,31.5,64,9.600000000000023,5366.939809760123,51250.5,2016.0,0,1,0,0
298.1,309.4,1362,47.6,70,11.299999999999955,6789.107388113686,64831.200000000004,3332.0,0,0,1,0
302.7,312.4,1444,48.7,9,9.699999999999989,7364.186395328809,70322.8,438.3,0,1,0,0
299.2,310.4,1611,36.4,32,11.199999999999989,6140.8083281188965,58640.399999999994,1164.8,0,1,0,0
300.4,310.1,1457,35.1,193,9.700000000000045,5355.441580647985,51140.700000000004,6774.3,0,0,1,0
303.5,312.3,1681,29.8,25,8.800000000000011,5245.810469013212,50093.8,745.0,0,1,0,0
300.8,310.3,1457,46.8,182,9.5,7140.588774197312,68187.59999999999,8517.6,1,0,0,0
303.9,312.6,1642,32.3,127,8.700000000000045,5553.979764379346,53036.6,4102.099999999999,0,1,0,0
299.6,309.4,1331,46.4,16,9.799999999999955,6467.324524581994,61758.4,742.4,0,1,0,0
300.4,311.5,1596,32.5,154,11.100000000000023,5431.813698056752,51870.0,5005.0,0,1,0,0
298.9,308.5,1467,44.7,136,9.600000000000023,6866.987469996178,65574.90000000001,6079.200000000001,0,1,0,0
299.3,308.7,1536,38.9,94,9.399999999999977,6257.047256301719,59750.399999999994,3656.6,0,1,0,0
297.3,308.5,1435,55.0,104,11.199999999999989,8265.006672819149,78925.0,5720.0,1,0,0,0
302.6,311.8,1427,50.1,21,9.199999999999989,7486.6980368433005,71492.7,1052.1000000000001,0,1,0,0
299.0,310.2,1494,40.6,67,11.199999999999989,6351.923354440131,60656.4,2720.2000000000003,0,1,0,0
303.4,311.6,1712,30.1,182,8.200000000000045,5396.334645022212,51531.200000000004,5478.2,0,1,0,0
297.3,308.8,1564,38.0,191,11.5,6223.70448627162,59432.0,7258.0,1,0,0,0
298.1,307.6,1496,44.1,104,9.5,6908.739236362387,65973.6,4586.400000000001,1,0,0,0
301.9,309.8,1724,27.5,126,7.900000000000034,4964.7635902230695,47410.0,3465.0,1,0,0,0
302.3,311.0,1591,32.7,171,8.699999999999989,5448.118563928883,52025.700000000004,5591.700000000001,0,1,0,0
298.0,308.5,1395,46.2,122,10.5,6749.083497706953,64449.00000000001,5636.400000000001,0,1,0,0
298.3,308.0,1553,41.0,52,9.699999999999989,6667.8209677340965,63673.0,2132.0,1,0,0,0
300.6,310.2,1341,52.6,21,9.599999999999966,7386.575478973395,70536.6,1104.6000000000001,0,1,0,0
300.6,311.7,1488,47.7,22,11.099999999999966,7432.756890981163,70977.6,1049.4,0,1,0,0
300.9,312.1,1711,28.8,74,11.200000000000045,5160.25442908045,49276.8,2131.2000000000003,0,1,0,0
298.2,308.2,1988,21.4,41,10.0,4455.1134860067095,42543.2,877.4,0,1,0,0
303.7,312.7,1396,47.3,158,9.0,6914.72920635523,66030.8,7473.4,0,0,1,0
299.5,309.3,1972,19.3,177,9.800000000000011,3985.591991952203,38059.6,3416.1,0,1,0,0
300.4,311.8,1320,57.9,168,11.400000000000034,8003.521444285356,76428.0,9727.199999999999,0,1,0,0
296.7,307.9,1424,53.8,133,11.199999999999989,8022.706103423279,76611.2,7155.4,1,0,0,0
302.2,311.6,1658,31.4,89,9.400000000000034,5451.836115235631,52061.2,2794.6,0,1,0,0
302.8,310.9,1708,29.8,42,8.099999999999966,5330.067983982492,50898.4,1251.6000000000001,0,1,0,0
298.9,308.5,1555,37.6,142,9.600000000000023,6122.754642336267,58468.0,5339.2,0,0,1,0
296.8,307.5,1695,30.0,33,10.699999999999989,5324.999547834699,50850.0,990.0,1,0,0,0
302.7,312.2,1350,58.6,2,9.5,8284.379827516284,79110.0,117.2,0,0,1,0
298.0,308.1,1403,44.8,148,10.100000000000023,6582.097376193143,62854.399999999994,6630.4,0,0,1,0
297.5,308.4,1747,31.0,45,10.899999999999977,5671.307778015414,54157.0,1395.0,0,1,0,0
300.9,311.0,1316,56.5,120,10.100000000000023,7786.332672167183,74354.0,6780.0,0,1,0,0
301.3,310.4,1507,39.1,194,9.099999999999966,6170.475434744298,58923.700000000004,7585.400000000001,0,1,0,0
295.9,306.6,1414,50.2,51,10.700000000000045,7433.301433707785,70982.8,2560.2000000000003,0,1,0,0
300.5,310.9,1447,46.5,137,10.399999999999977,7046.121083103867,67285.5,6370.5,1,0,0,0
298.4,308.6,1477,44.0,124,10.200000000000045,6805.527445716449,64988.0,5456.0,0,1,0,0
301.7,310.5,1399,53.2,174,8.800000000000011,7793.956270339895,74426.8,9256.800000000001,0,1,0,0
302.1,310.8,1409,41.3,39,8.699999999999989,6093.820573996705,58191.7,1610.6999999999998,0,0,1,0
297.3,308.6,1688,29.4,166,11.300000000000011,5196.948231274379,49627.2,4880.4,1,0,0,0
299.8,309.4,1609,32.5,27,9.599999999999966,5476.057794594808,52292.5,877.5,0,1,0,0
301.3,310.1,1525,37.8,199,8.800000000000011,6036.5702838727875,57644.99999999999,7522.2,0,0,1,0
300.3,310.0,1560,40.8,182,9.699999999999989,6665.202973856104,63647.99999999999,7425.599999999999,0,1,0,0
300.4,309.5,1447,39.3,110,9.100000000000023,5955.108786365204,56867.1,4323.0,0,1,0,0
295.4,305.8,1526,38.2,181,10.400000000000034,6104.4496291413525,58293.200000000004,6914.200000000001,0,0,1,0
298.6,309.8,1497,41.6,118,11.199999999999989,6521.443694027836,62275.200000000004,4908.8,0,1,0,0
301.0,310.4,2204,16.6,175,9.399999999999977,3831.3188487099205,36586.4,2905.0000000000005,0,1,0,0
304.1,313.1,1969,20.8,59,9.0,4288.818514876691,40955.200000000004,1227.2,0,1,0,0
300.0,309.1,1474,45.2,152,9.100000000000023,6976.93274089631,66624.8,6870.400000000001,0,0,1,0
299.1,308.3,1305,61.4,17,9.199999999999989,8390.879818472979,80127.0,1043.8,0,1,0,0
300.8,311.2,1376,48.1,172,10.399999999999977,6930.939824447753,66185.6,8273.2,0,1,0,0
299.0,309.7,1418,44.7,209,10.699999999999989,6637.619790357588,63384.600000000006,9342.300000000001,0,0,1,0
300.7,311.9,1462,39.7,181,11.199999999999989,6078.081194802222,58041.4,7185.700000000001,0,1,0,0
297.3,308.7,1655,34.1,21,11.399999999999977,5909.911740055559,56435.5,716.1,0,0,1,0
298.0,308.7,1377,48.5,181,10.699999999999989,6993.656485788918,66784.5,8778.5,0,0,1,0
301.9,310.6,1610,33.4,87,8.700000000000045,5631.200111804584,53774.0,2905.7999999999997,0,1,0,0
298.4,309.1,1467,39.6,78,10.700000000000045,6083.505678117419,58093.200000000004,3088.8,0,0,1,0
303.0,312.5,1602,33.7,135,9.5,5653.547307547121,53987.4,4549.5,0,0,1,0
299.2,310.4,1379,46.8,39,11.199999999999989,6758.319780108506,64537.2,1825.1999999999998,0,1,0,0
298.0,308.6,1453,44.1,165,10.600000000000023,6710.159164728975,64077.3,7276.5,0,0,1,0
302.3,311.7,1449,44.5,152,9.399999999999977,6752.382169993222,64480.5,6764.0,1,0,0,0
299.8,311.1,1763,25.5,171,11.300000000000011,4707.833671036985,44956.5,4360.5,0,0,1,0
297.0,308.1,2540,13.3,98,11.100000000000023,3537.642767452346,33782.0,1303.4,1,0,0,0
301.3,310.6,1605,32.5,59,9.300000000000011,5462.444226429253,52162.5,1917.5,1,0,0,0
301.7,310.7,2023,20.9,5,9.0,4427.624550287798,42280.7,104.5,0,1,0,0
300.3,310.4,1742,25.9,7,10.099999999999966,4724.724967537785,45117.799999999996,181.29999999999998,0,1,0,0
299.3,309.2,1465,41.5,127,9.899999999999977,6366.699311887515,60797.5,5270.5,0,1,0,0
302.5,311.5,1985,18.8,190,9.0,3907.9318215554636,37318.0,3572.0,0,1,0,0
302.4,310.4,1586,34.3,149,8.0,5696.733734558467,54399.799999999996,5110.7,0,0,1,0
299.0,308.5,1604,34.7,159,9.5,5828.575906254119,55658.8,5517.3,0,1,0,0
299.4,310.7,1492,45.7,219,11.300000000000011,7140.25367098093,68184.40000000001,10008.300000000001,0,0,1,0
301.8,310.8,1736,26.5,56,9.0,4817.527614524827,46004.0,1484.0,0,1,0,0
304.1,313.3,1459,50.3,39,9.199999999999989,7685.141972795055,73387.7,1961.6999999999998,0,1,0,0
297.5,308.9,1436,44.8,2,11.399999999999977,6736.915062162047,64332.799999999996,89.6,0,0,1,0
299.3,308.6,1433,37.7,42,9.300000000000011,5657.390522560011,54024.100000000006,1583.4,0,1,0,0
302.0,310.5,1809,27.1,175,8.5,5133.770803010689,49023.9,4742.5,0,1,0,0
300.8,311.1,1509,33.4,172,10.300000000000011,5277.938489883924,50400.6,5744.8,0,1,0,0
304.0,312.9,1313,53.9,202,8.899999999999977,7411.090373646905,70770.7,10887.8,0,1,0,0
301.8,311.1,1399,41.8,125,9.300000000000011,6123.822783838488,58478.2,5225.0,0,0,1,0
296.3,307.3,1444,49.0,13,11.0,7409.550993246646,70756.0,637.0,0,1,0,0
300.1,311.5,1471,47.2,201,11.399999999999977,7270.8182616641225,69431.2,9487.2,0,1,0,0
302.2,310.8,1438,41.4,66,8.600000000000023,6234.3021254897285,59533.2,2732.4,0,1,0,0
300.3,311.5,1528,40.9,76,11.199999999999989,6544.482040154161,62495.2,3108.4,0,0,1,0
300.7,310.6,1447,40.7,82,9.900000000000034,6167.2500662866105,58892.9,3337.4,0,1,0,0
297.6,309.5,1549,34.9,68,11.899999999999977,5661.160433744319,54060.1,2373.2,0,1,0,0
300.5,311.5,1378,48.2,82,11.0,6955.444247145754,66419.6,3952.4,0,0,1,0
298.1,307.7,1388,40.3,109,9.599999999999966,5857.6461102753365,55936.399999999994,4392.7,0,1,0,0
300.3,311.7,1635,31.8,156,11.399999999999977,5444.69422793647,51993.0,4960.8,0,1,0,0
302.0,311.3,1567,41.1,26,9.300000000000011,6744.339692800032,64403.700000000004,1068.6000000000001,0,1,0,0
298.8,308.7,1450,43.4,66,9.899999999999977,6590.01418968019,62930.0,2864.4,0,1,0,0
299.3,308.7,1579,36.3,211,9.399999999999977,6002.295508022122,57317.7,7659.299999999999,0,1,0,0
301.4,310.1,1502,46.6,37,8.700000000000045,7329.67076404137,69993.2,1724.2,0,1,0,0
302.5,312.2,1775,27.9,56,9.699999999999989,5185.98407291335,49522.5,1562.3999999999999,0,1,0,0
304.0,313.2,1500,40.6,124,9.199999999999989,6377.43308678728,60900.0,5034.400000000001,0,0,1,0
300.3,311.5,1445,47.3,40,11.199999999999989,7157.438182796065,68348.5,1892.0,0,0,1,0
300.8,311.9,1560,31.8,21,11.099999999999966,5194.937611976082,49608.0,667.8000000000001,0,1,0,0
302.6,312.3,1554,42.0,58,9.699999999999989,6834.8489771499535,65268.0,2436.0,0,1,0,0
302.4,310.2,1435,44.9,127,7.800000000000011,6747.250901992359,64431.5,5702.3,1,0,0,0
297.7,309.3,1893,24.6,15,11.600000000000023,4876.568612461292,46567.8,369.0,0,1,0,0
300.8,311.2,1397,48.7,111,10.399999999999977,7124.4933478354205,68033.90000000001,5405.700000000001,0,1,0,0
301.9,310.4,1889,21.5,92,8.5,4253.035774552302,40613.5,1978.0,0,1,0,0
297.9,309.4,1558,35.7,39,11.5,5824.5756116085495,55620.600000000006,1392.3000000000002,0,1,0,0
298.2,308.2,1466,42.4,164,10.0,6509.212426629859,62158.4,6953.599999999999,0,1,0,0
298.2,307.7,1952,21.6,93,9.5,4415.319979061239,42163.200000000004,2008.8000000000002,0,0,1,0
297.2,307.9,1530,35.9,197,10.699999999999989,5751.941989457552,54927.0,7072.299999999999,0,0,1,0
303.7,313.0,1469,39.9,137,9.300000000000011,6137.94947880413,58613.1,5466.3,0,0,1,0
302.3,311.2,1386,50.3,110,8.899999999999977,7300.621503971176,69715.8,5533.0,0,1,0,0
298.2,308.9,1592,35.2,142,10.699999999999989,5868.327525297543,56038.4,4998.400000000001,0,0,1,0
301.7,310.6,1743,26.2,71,8.900000000000034,4782.195169147454,45666.6,1860.2,0,1,0,0
300.4,309.7,1440,42.8,104,9.300000000000011,6454.08794753487,61631.99999999999,4451.2,0,0,1,0
298.3,308.1,1722,28.6,89,9.800000000000011,5157.364163839148,49249.200000000004,2545.4,0,0,1,0
299.2,308.6,1381,50.0,193,9.400000000000034,7230.899091012506,69050.0,9650.0,0,1,0,0
299.1,308.4,1543,37.9,130,9.299999999999955,6123.979863471167,58479.7,4927.0,0,1,0,0
300.7,311.3,1348,53.0,35,10.600000000000023,7481.598184768973,71444.0,1855.0,0,0,1,0
304.1,313.3,1883,24.5,190,9.199999999999989,4831.088822812824,46133.5,4655.0,0,1,0,0
303.8,312.8,1420,47.9,200,9.0,7122.8283037290175,68018.0,9580.0,0,0,1,0
299.8,309.2,1435,42.6,111,9.399999999999977,6401.623350219922,61131.0,4728.6,1,0,0,0
298.9,309.1,1383,54.9,145,10.200000000000045,7951.025431043872,75926.7,7960.5,0,1,0,0
301.7,311.2,1563,34.5,139,9.5,5646.8557151949735,53923.5,4795.5,0,0,1,0
298.8,310.1,1380,44.0,56,11.300000000000011,6358.583530865742,60720.0,2464.0,1,0,0,0
299.1,310.5,1329,54.9,58,11.399999999999977,7640.573245016129,72962.09999999999,3184.2,0,1,0,0
299.1,308.6,1408,46.7,196,9.5,6885.70089023606,65753.6,9153.2,0,1,0,0
300.8,310.5,1696,29.7,162,9.699999999999989,5274.859729083407,50371.2,4811.4,0,0,1,0
300.1,309.2,1454,44.4,19,9.099999999999966,6760.456063112948,64557.6,843.6,0,0,1,0
301.2,310.8,1392,52.6,23,9.600000000000023,7667.496694057393,73219.2,1209.8,0,1,0,0
300.2,309.3,1532,43.2,53,9.100000000000023,6930.6047212313715,66182.40000000001,2289.6000000000004,0,1,0,0
297.7,307.1,1715,30.2,0,9.400000000000034,5423.7502769125385,51793.0,0.0,0,1,0,0
302.0,310.6,1438,43.2,12,8.600000000000023,6505.358739641457,62121.600000000006,518.4000000000001,1,0,0,0
302.2,311.4,1539,35.1,24,9.199999999999989,5656.84597983339,54018.9,842.4000000000001,0,0,1,0
301.7,311.0,1510,47.8,27,9.300000000000011,7558.462485026802,72178.0,1290.6,0,0,1,0
303.7,312.5,1462,46.2,165,8.800000000000011,7073.233027704348,67544.40000000001,7623.000000000001,0,1,0,0
301.0,310.9,1910,21.9,37,9.899999999999977,4380.322636900248,41829.0,810.3,0,0,1,0
296.9,308.0,1514,41.0,120,11.100000000000023,6500.37407929776,62074.0,4920.0,0,1,0,0
299.6,310.9,1658,28.0,76,11.299999999999955,4861.509911675085,46424.0,2128.0,0,1,0,0
299.0,310.2,1564,39.9,97,11.199999999999989,6534.889710585201,62403.6,3870.2999999999997,0,0,1,0
302.3,310.8,1511,48.1,24,8.5,7610.937554317265,72679.1,1154.4,0,1,0,0
300.0,309.5,1728,26.0,37,9.5,4704.849158016074,44928.0,962.0,0,1,0,0
298.7,309.2,1396,44.8,178,10.5,6549.257260987618,62540.799999999996,7974.4,0,1,0,0
303.6,312.5,1459,48.2,17,8.899999999999977,7364.29111508393,70323.8,819.4000000000001,0,0,1,0
302.9,312.2,1677,30.5,46,9.300000000000011,5356.258394737918,51148.5,1403.0,0,1,0,0
297.5,308.8,1533,41.5,223,11.300000000000011,6662.2184608351945,63619.5,9254.5,0,1,0,0
302.0,309.8,1280,57.3,147,7.800000000000011,7680.565719496325,73344.0,8423.1,1,0,0,1
297.9,310.0,1439,41.7,185,12.100000000000023,6283.84504163684,60006.3,7714.500000000001,0,0,1,0
295.6,306.0,1419,51.1,7,10.399999999999977,7593.323691506138,72510.90000000001,357.7,0,1,0,0
300.0,309.2,1759,27.9,5,9.199999999999989,5139.237174227935,49076.1,139.5,0,1,0,0
301.5,310.6,1998,20.2,210,9.100000000000023,4226.44742872742,40359.6,4242.0,0,1,0,0
302.3,311.6,1658,32.3,150,9.300000000000011,5608.0989338251875,53553.399999999994,4845.0,0,1,0,0
297.0,308.2,1577,29.4,130,11.199999999999989,4855.205782416881,46363.799999999996,3822.0,0,1,0,0
298.8,309.8,1413,45.5,64,11.0,6732.590136275606,64291.5,2912.0,0,0,1,0
297.9,308.0,1296,62.9,41,10.100000000000023,8536.586885746472,81518.4,2578.9,0,1,0,0
299.9,310.3,1268,53.3,146,10.400000000000034,7077.421817909134,67584.4,7781.799999999999,0,1,0,0
302.0,310.6,1358,53.1,194,8.600000000000023,7551.320597727643,72109.8,10301.4,0,1,0,0
300.1,311.4,1572,36.2,199,11.299999999999955,5959.224272741407,56906.4,7203.8,0,1,0,0
300.8,309.8,1657,31.1,151,9.0,5396.491724654891,51532.700000000004,4696.1,0,1,0,0
299.8,310.9,1545,40.7,166,11.099999999999966,6584.935281556887,62881.50000000001,6756.200000000001,0,1,0,0
297.0,307.9,1846,27.3,179,10.899999999999977,5277.435835059349,50395.8,4886.7,1,0,0,0
303.5,311.9,1493,38.7,14,8.399999999999977,6050.613203034335,57779.100000000006,541.8000000000001,0,1,0,0
299.3,308.9,1577,34.9,160,9.599999999999966,5763.492578447251,55037.299999999996,5584.0,0,0,1,0
300.7,311.9,1697,28.2,191,11.199999999999989,5011.405769153367,47855.4,5386.2,0,0,1,0
302.7,311.9,1389,46.5,15,9.199999999999989,6763.691903546144,64588.5,697.5,0,1,0,0
304.0,313.1,1465,41.0,69,9.100000000000023,6289.992091262364,60065.0,2829.0,0,1,0,0
301.9,311.2,1474,41.8,18,9.300000000000011,6452.119216138622,61613.2,752.4,1,0,0,0
300.7,310.6,1631,32.6,43,9.900000000000034,5568.012211565381,53170.600000000006,1401.8,1,0,0,0
297.6,308.3,1538,40.2,0,10.699999999999989,6474.571131636277,61827.600000000006,0.0,0,0,1,0
300.3,311.7,1445,47.3,15,11.399999999999977,7157.438182796065,68348.5,709.5,0,1,0,0
300.5,309.8,1428,43.8,119,9.300000000000011,6549.843691616287,62546.399999999994,5212.2,0,1,0,0
297.0,307.8,1553,33.3,155,10.800000000000011,5415.571664037692,51714.899999999994,5161.5,0,1,0,0
297.4,308.3,1475,40.5,222,10.900000000000034,6255.696371460675,59737.5,8991.0,0,1,0,1
299.6,310.2,1588,34.1,38,10.599999999999966,5670.6585155336725,54150.8,1295.8,0,1,0,0
298.9,310.7,1638,33.6,218,11.800000000000011,5763.440218569691,55036.8,7324.8,0,0,1,0
298.3,307.9,1399,47.8,99,9.599999999999966,7002.840408312913,66872.2,4732.2,0,1,0,0
300.8,309.7,1418,46.6,12,8.899999999999977,6919.755754600975,66078.8,559.2,0,1,0,0
299.0,308.7,1408,48.5,25,9.699999999999989,7151.102637611326,68288.0,1212.5,1,0,0,0
299.5,310.7,1423,56.5,7,11.199999999999989,8419.415951743085,80399.5,395.5,0,0,1,0
296.9,307.9,1535,39.2,133,11.0,6301.197105060168,60172.00000000001,5213.6,0,1,0,0
300.7,311.9,1486,35.8,32,11.199999999999989,5570.9653086597555,53198.799999999996,1145.6,0,1,0,0
302.2,310.5,1832,23.7,129,8.300000000000011,4546.764215687435,43418.4,3057.2999999999997,0,0,1,0
298.1,308.4,1592,38.2,211,10.299999999999955,6368.469075749038,60814.4,8060.200000000001,0,1,0,0
298.1,307.8,1608,32.6,57,9.699999999999989,5489.493339176662,52420.8,1858.2,0,0,1,0
301.9,311.0,1384,47.4,121,9.100000000000023,6869.783487457872,65601.59999999999,5735.4,0,0,1,0
300.7,311.0,1436,44.9,119,10.300000000000011,6751.952818997231,64476.4,5343.099999999999,0,1,0,0
296.6,307.4,1368,45.1,185,10.799999999999955,6460.873787666625,61696.8,8343.5,0,1,0,0
297.9,309.9,1542,33.8,33,12.0,5457.951748934619,52119.6,1115.3999999999999,0,1,0,0
299.0,310.3,1658,27.6,69,11.300000000000011,4792.059770079727,45760.8,1904.4,1,0,0,0
301.5,310.4,2639,12.0,21,8.899999999999977,3316.265205129386,31668.0,252.0,0,0,1,1
300.6,309.6,1411,41.6,140,9.0,6146.798298111741,58697.6,5824.0,0,1,0,0
299.0,309.1,1592,35.0,200,10.100000000000023,5834.984755267443,55720.0,7000.0,0,1,0,0
301.8,310.6,1452,48.4,110,8.800000000000011,7359.369286593306,70276.8,5324.0,0,1,0,0
302.3,311.7,1639,36.6,121,9.399999999999977,6281.865838265079,59987.4,4428.6,0,0,1,0
297.8,307.9,1600,33.5,13,10.099999999999966,5612.978874413764,53600.0,435.5,1,0,0,0
301.4,310.6,1555,43.3,212,9.200000000000045,7050.938191839371,67331.5,9179.599999999999,0,1,0,0
298.9,308.6,1413,46.5,122,9.700000000000045,6880.559150259685,65704.5,5673.0,0,1,0,0
296.8,307.9,1413,46.5,121,11.099999999999966,6880.559150259685,65704.5,5626.5,0,1,0,0
301.0,310.5,1248,61.4,77,9.5,8024.381619505193,76627.2,4727.8,0,1,0,0
300.2,311.5,1432,43.6,127,11.300000000000011,6538.198854846982,62435.200000000004,5537.2,1,0,0,0
299.3,309.0,1419,46.6,158,9.699999999999989,6924.6356951895505,66125.40000000001,7362.8,0,1,0,0
302.2,310.4,1456,47.5,167,8.199999999999989,7242.41826407567,69160.0,7932.5,0,0,1,0
297.4,309.4,1473,45.5,94,12.0,7018.475067752278,67021.5,4277.0,0,1,0,0
297.4,308.0,1355,55.1,63,10.600000000000023,7818.42927711136,74660.5,3471.3,0,0,1,0
301.2,309.9,1382,52.4,13,8.699999999999989,7583.469562549377,72416.8,681.1999999999999,0,1,0,0
300.5,311.7,1619,32.7,85,11.199999999999989,5543.999971716445,52941.3,2779.5000000000005,0,1,0,0
300.5,309.8,1410,44.4,111,9.300000000000011,6555.875549511181,62604.0,4928.4,0,0,1,0
302.0,311.0,1865,22.7,48,9.0,4433.363192868355,42335.5,1089.6,0,1,0,0
295.5,306.2,1448,48.9,65,10.699999999999989,7414.912644708774,70807.2,3178.5,0,1,0,0
297.5,308.5,1691,33.1,9,11.0,5861.38460553311,55972.100000000006,297.90000000000003,0,1,0,0
300.1,311.4,1438,42.2,139,11.299999999999955,6354.771731779386,60683.600000000006,5865.8,0,1,0,0
300.9,309.7,2355,14.4,201,8.800000000000011,3551.256335617902,33912.0,2894.4,0,1,0,0
303.2,311.4,1607,36.6,43,8.199999999999989,6159.218061068933,58816.200000000004,1573.8,1,0,0,0
301.3,310.1,1662,31.0,37,8.800000000000011,5395.37122327511,51522.0,1147.0,0,1,0,0
300.5,309.7,1616,34.5,155,9.199999999999989,5838.3357874312715,55752.0,5347.5,0,1,0,0
299.4,309.3,1692,28.4,201,9.900000000000034,5032.077448813986,48052.799999999996,5708.4,0,0,1,0
301.8,310.0,1642,32.6,201,8.199999999999989,5605.564715751291,53529.200000000004,6552.6,0,1,0,0
300.1,311.4,1629,31.3,41,11.299999999999955,5339.419458114676,50987.700000000004,1283.3,0,1,0,0
301.4,310.5,1633,39.5,0,9.100000000000023,6754.790724360974,64503.5,0.0,0,1,0,0
302.7,312.4,1954,24.8,13,9.699999999999989,5074.635557294617,48459.200000000004,322.40000000000003,0,1,0,0
299.7,309.3,1417,54.6,131,9.600000000000023,8101.978958048861,77368.2,7152.6,0,1,0,0
299.7,310.8,1405,47.6,192,11.100000000000023,7003.447782892607,66878.0,9139.2,0,0,1,0
300.3,311.9,1609,34.0,177,11.599999999999966,5728.798923576106,54706.0,6018.0,0,1,0,0
301.0,311.6,1448,43.9,145,10.600000000000023,6656.741617642437,63567.2,6365.5,0,0,1,0
303.7,312.2,1568,33.8,96,8.5,5549.979469733776,52998.399999999994,3244.7999999999997,0,1,0,0
303.9,312.7,1602,33.9,165,8.800000000000011,5687.099517087459,54307.799999999996,5593.5,0,1,0,0
301.6,310.4,1599,41.7,116,8.799999999999955,6982.53524779521,66678.3,4837.200000000001,0,1,0,0
297.7,308.4,1738,27.7,96,10.699999999999989,5041.481282823733,48142.6,2659.2,1,0,0,0
301.0,310.9,1828,25.1,166,9.899999999999977,4804.835580204325,45882.8,4166.6,0,1,0,0
300.0,309.3,1473,46.0,35,9.300000000000011,7095.601167397907,67758.0,1610.0,0,1,0,0
299.0,310.0,1484,39.6,212,11.0,6154.0030172639745,58766.4,8395.2,0,1,0,0
298.8,309.8,1753,27.5,130,11.0,5048.277594930998,48207.5,3575.0,0,1,0,0
298.1,308.9,1804,25.1,118,10.799999999999955,4741.752399720243,45280.4,2961.8,0,0,1,0
301.7,309.5,1298,65.5,229,7.800000000000011,8903.168860518354,85019.0,14999.5,0,1,0,1
298.5,308.1,1501,39.2,127,9.600000000000023,6161.626615436687,58839.200000000004,4978.400000000001,0,0,1,0
300.9,310.9,1995,20.2,105,10.0,4220.101411567169,40299.0,2121.0,0,1,0,0
298.9,308.7,1727,29.4,116,9.800000000000011,5317.019902494581,50773.799999999996,3410.3999999999996,0,1,0,0
300.2,311.5,1528,36.1,125,11.300000000000011,5776.425468204528,55160.8,4512.5,0,1,0,0
297.8,307.4,1512,40.8,137,9.599999999999966,6460.119805429764,61689.6,5589.599999999999,0,1,0,0
298.4,307.9,1544,35.9,132,9.5,5804.5741383806935,55429.6,4738.8,0,1,0,0
297.8,307.5,1631,31.3,124,9.699999999999989,5345.974914785167,51050.3,3881.2000000000003,1,0,0,0
297.6,308.6,1355,46.4,13,11.0,6583.94044388325,62872.0,603.1999999999999,0,1,0,0
299.4,309.1,1326,62.0,142,9.700000000000045,8609.220507897468,82212.0,8804.0,0,0,1,0
303.6,311.8,1614,33.2,155,8.199999999999989,5611.387134135946,53584.8,5146.0,0,1,0,0
301.5,310.7,1568,33.1,38,9.199999999999989,5435.039066514438,51900.8,1257.8,0,1,0,0
299.9,309.4,1509,42.8,190,9.5,6763.34632835425,64585.2,8131.999999999999,0,0,1,0
297.4,309.0,1497,41.8,144,11.600000000000023,6552.7967887106615,62574.6,6019.2,0,0,1,0
302.0,311.3,1509,39.9,25,9.300000000000011,6305.082207975107,60209.1,997.5,0,1,0,0
297.2,308.0,1478,42.5,56,10.800000000000011,6577.971417841428,62815.0,2380.0,0,0,1,0
298.3,309.4,1568,35.8,140,11.099999999999966,5878.380621789029,56134.399999999994,5012.0,0,1,0,0
298.0,308.1,1454,37.1,35,10.100000000000023,5648.939638321855,53943.4,1298.5,0,1,0,0
301.2,312.4,1395,47.8,90,11.199999999999989,6982.817991134032,66681.0,4302.0,1,0,0,0
300.9,311.1,1546,37.7,133,10.200000000000045,6103.507151345274,58284.200000000004,5014.1,0,0,1,0
298.4,308.6,1433,47.1,101,10.200000000000045,7067.986567972852,67494.3,4757.1,0,1,0,0
297.3,308.7,1506,39.3,187,11.399999999999977,6197.922482561159,59185.799999999996,7349.099999999999,0,1,0,0
300.0,309.5,1641,30.1,35,9.5,5172.538056355987,49394.100000000006,1053.5,0,1,0,0
301.7,311.1,1489,41.4,108,9.400000000000034,6455.407416449378,61644.6,4471.2,0,0,1,0
300.4,309.8,1448,39.7,107,9.400000000000034,6019.877954906714,57485.600000000006,4247.900000000001,1,0,0,0
299.5,310.8,1600,32.4,67,11.300000000000011,5428.672105403162,51840.0,2170.7999999999997,1,0,0,0
298.3,307.7,1717,27.1,7,9.399999999999977,4872.683509546353,46530.700000000004,189.70000000000002,0,0,1,0
297.4,308.3,1490,42.6,164,10.900000000000034,6646.9817364652845,63474.0,6986.400000000001,0,1,0,0
301.0,309.7,1468,42.0,141,8.699999999999989,6456.601221657744,61656.0,5922.0,0,1,0,0
299.3,308.6,1314,48.2,65,9.300000000000011,6632.404746552628,63334.8,3133.0,0,1,0,0
300.4,310.5,1500,43.0,9,10.100000000000023,6754.424205218055,64500.0,387.0,0,0,1,0
300.7,310.6,1572,38.5,50,9.900000000000034,6337.849019352048,60522.0,1925.0,0,0,1,0
300.7,311.0,1740,25.6,176,10.300000000000011,4664.636772050125,44544.0,4505.6,0,0,1,0
304.2,313.5,1546,41.4,58,9.300000000000011,6702.525094580751,64004.399999999994,2401.2,1,0,0,0
299.6,309.2,1601,33.3,33,9.599999999999966,5582.9557206209565,53313.299999999996,1098.8999999999999,0,1,0,0
298.2,308.1,1462,49.9,69,9.900000000000034,7639.704071048635,72953.8,3443.1,0,1,0,0
300.2,309.1,1406,42.2,40,8.900000000000034,6213.358174465797,59333.200000000004,1688.0,0,0,1,0
299.1,310.3,1233,59.0,81,11.199999999999989,7618.04802568989,72747.0,4779.0,0,0,1,0
299.3,309.1,1470,41.1,118,9.800000000000011,6326.853445064484,60417.0,4849.8,0,1,0,0
302.1,311.5,1866,23.1,159,9.399999999999977,4513.903156530887,43104.600000000006,3672.9,0,0,1,0
298.3,309.6,1527,30.9,189,11.300000000000011,4941.128341492562,47184.299999999996,5840.099999999999,0,1,0,0
298.0,308.8,1790,27.2,193,10.800000000000011,5098.595437265995,48688.0,5249.599999999999,0,1,0,0
298.3,309.1,1632,32.7,0,10.800000000000011,5588.516339617811,53366.4,0.0,0,0,1,0
298.7,309.5,1446,40.0,160,10.800000000000011,6056.9906361211215,57840.0,6400.0,0,1,0,0
299.0,308.7,2250,16.6,208,9.699999999999989,3911.282853719293,37350.0,3452.8,0,1,0,0
298.6,308.3,1278,60.5,32,9.699999999999989,8096.826746096973,77319.0,1936.0,0,1,0,0
298.2,308.0,1411,42.4,48,9.800000000000011,6265.005957690813,59826.4,2035.1999999999998,0,1,0,0
297.9,307.6,1344,54.3,151,9.700000000000045,7642.363952828674,72979.2,8199.3,0,1,0,0
298.3,309.1,1593,40.1,18,10.800000000000011,6689.424653215282,63879.3,721.8000000000001,0,1,0,0
296.3,307.4,1465,47.1,215,11.099999999999966,7225.820182889204,69001.5,10126.5,0,1,0,0
299.2,310.7,1737,27.0,225,11.5,4911.251795356923,46899.0,6075.0,0,1,0,1
299.2,308.3,1410,43.0,26,9.100000000000023,6349.158752904972,60630.0,1118.0,0,1,0,0
298.6,309.6,1540,35.8,5,11.0,5773.4095392570825,55131.99999999999,179.0,0,1,0,0
298.4,309.3,1512,35.8,18,10.900000000000034,5668.438456725135,54129.6,644.4,0,1,0,0
299.9,309.2,1491,44.3,214,9.300000000000011,6916.875961335182,66051.3,9480.199999999999,0,1,0,0
300.4,310.4,1298,61.4,19,10.0,8345.871267722549,79697.2,1166.6,0,1,0,0
302.3,311.1,1455,40.3,145,8.800000000000011,6140.399921073929,58636.49999999999,5843.5,1,0,0,0
297.8,308.8,1559,35.2,66,11.0,5746.685057750546,54876.8,2323.2000000000003,0,1,0,0
302.2,310.8,1673,32.9,52,8.600000000000023,5763.953345369776,55041.7,1710.8,0,1,0,0
302.7,312.0,1501,37.0,77,9.300000000000011,5815.821040080546,55537.0,2849.0,0,1,0,0
302.3,311.7,1648,32.1,197,9.399999999999977,5539.758821634097,52900.8,6323.700000000001,0,1,0,0
297.6,308.6,1585,42.0,90,11.0,6971.19409831575,66570.0,3780.0,0,0,1,0
302.9,312.3,1889,22.8,148,9.400000000000034,4510.196077199651,43069.200000000004,3374.4,0,1,0,0
299.8,310.3,1805,23.7,198,10.5,4479.754044386365,42778.5,4692.599999999999,0,0,1,0
299.4,309.3,1401,59.0,38,9.900000000000034,8656.030238435957,82659.0,2242.0,0,1,0,0
298.9,308.2,2022,20.0,23,9.300000000000011,4234.866897039041,40440.0,460.0,0,0,1,0
297.5,308.5,1462,52.3,148,11.0,8007.144747812497,76462.59999999999,7740.4,0,1,0,0
302.7,312.2,1450,52.1,213,9.5,7911.0539005146975,75545.0,11097.300000000001,0,1,0,1
300.7,310.6,1488,39.2,189,9.900000000000034,6108.261428227707,58329.600000000006,7408.8,0,0,1,0
302.2,311.3,1475,48.6,104,9.100000000000023,7506.835645752812,71685.0,5054.400000000001,0,1,0,0
299.1,310.4,1524,51.4,66,11.299999999999955,8203.07540964138,78333.59999999999,3392.4,0,0,1,0
300.2,310.0,1664,30.7,179,9.800000000000011,5349.587746336796,51084.799999999996,5495.3,0,0,1,0
299.1,308.6,1260,57.8,152,9.5,7626.530325854582,72828.0,8785.6,0,1,0,0
298.5,309.5,1294,66.7,12,11.0,9038.34112042681,86309.8,800.4000000000001,0,1,0,1
299.3,309.0,1511,47.8,148,9.699999999999989,7563.468089321522,72225.8,7074.4,0,1,0,0
299.6,309.2,1559,39.1,110,9.599999999999966,6383.391640853589,60956.9,4301.0,0,1,0,0
302.3,312.0,1746,28.1,167,9.699999999999989,5137.82345753382,49062.600000000006,4692.7,0,1,0,0
299.9,309.5,1567,35.5,171,9.600000000000023,5825.402897673994,55628.5,6070.5,0,1,0,0
297.6,308.6,1383,47.5,75,11.0,6879.3025131982495,65692.5,3562.5,0,1,0,0
302.0,310.8,1948,19.7,66,8.800000000000011,4018.683434570015,38375.6,1300.2,0,1,0,0
301.2,310.3,1357,54.5,49,9.100000000000023,7744.706569507118,73956.5,2670.5,0,0,1,0
299.2,310.6,1567,38.4,172,11.400000000000034,6301.280880864263,60172.799999999996,6604.8,0,1,0,0
297.4,308.4,1573,34.5,205,11.0,5682.984030711256,54268.5,7072.5,0,1,0,0
297.6,308.6,1595,36.9,25,11.0,6163.333547445136,58855.5,922.5,0,0,1,0
303.8,313.1,2117,18.6,22,9.300000000000011,4123.4660215427475,39376.200000000004,409.20000000000005,0,0,1,0
297.9,307.9,1476,45.2,91,10.0,6986.399406759126,66715.2,4113.2,0,1,0,0
297.3,308.3,1430,41.9,95,11.0,6274.493567504655,59917.0,3980.5,0,1,0,0
297.9,307.6,1977,20.2,182,9.700000000000045,4182.025308605661,39935.4,3676.4,0,1,0,0
299.4,310.8,1376,53.9,215,11.400000000000034,7766.687246106733,74166.4,11588.5,0,1,0,1
300.0,311.2,1393,43.1,45,11.199999999999989,6287.19607380067,60038.3,1939.5,1,0,0,0
300.3,311.8,1418,45.9,53,11.5,6815.8109256692005,65086.2,2432.7,0,1,0,0
299.3,309.3,1523,37.9,204,10.0,6044.602289090465,57721.7,7731.599999999999,0,0,1,0
297.7,309.0,1507,38.2,94,11.300000000000011,6028.444030875503,57567.4,3590.8,0,1,0,0
299.1,308.6,1437,41.6,183,9.5,6260.063185249166,59779.200000000004,7612.8,0,1,0,0
300.6,310.0,1511,36.9,105,9.399999999999977,5838.744194476238,55755.9,3874.5,0,1,0,0
300.7,309.5,1479,34.5,197,8.800000000000011,5343.3778648582,51025.5,6796.5,0,1,0,0
299.5,310.9,1378,48.7,119,11.399999999999977,7027.5961584232,67108.6,5795.3,0,0,1,0
300.8,310.9,1457,47.7,82,10.099999999999966,7277.9077890857225,69498.90000000001,3911.4,0,1,0,0
297.8,308.5,1488,41.9,196,10.699999999999989,6528.983516396452,62347.2,8212.4,0,0,1,0
300.3,311.4,1386,48.1,119,11.099999999999966,6981.3100266603105,66666.6,5723.900000000001,0,0,1,0
297.7,308.2,1526,40.1,165,10.5,6408.074087135294,61192.6,6616.5,1,0,0,0
300.6,309.6,1684,32.8,53,9.0,5784.216617985431,55235.2,1738.3999999999999,0,1,0,0
297.8,307.9,1447,48.6,46,10.099999999999966,7364.333002985977,70324.2,2235.6,0,1,0,0
304.0,313.1,1694,31.4,116,9.100000000000023,5570.211326422895,53191.6,3642.3999999999996,0,0,1,0
299.3,309.2,1440,37.5,111,9.899999999999977,5654.8667764616275,54000.0,4162.5,0,0,1,0
296.9,307.8,1400,57.1,202,10.900000000000034,8371.297224265601,79940.0,11534.2,0,1,0,1
298.9,308.2,1686,30.4,53,9.300000000000011,5367.34821680509,51254.399999999994,1611.1999999999998,0,1,0,0
302.9,312.4,1334,50.9,5,9.5,7110.53420447797,67900.59999999999,254.5,0,0,1,0
298.4,308.3,1433,62.3,20,9.900000000000034,9348.950386087232,89275.9,1246.0,0,1,0,1
300.8,309.4,1342,62.4,113,8.599999999999966,8769.316069524404,83740.8,7051.2,0,0,1,1
298.5,308.0,1461,51.9,157,9.5,7940.469679727809,75825.9,8148.3,0,0,1,0
299.9,311.3,1647,27.5,26,11.400000000000034,4743.019508757191,45292.5,715.0,0,1,0,0
301.1,311.3,1268,60.0,53,10.199999999999989,7967.0789695037165,76080.0,3180.0,0,1,0,0
300.3,311.9,1429,41.6,184,11.599999999999966,6225.212450745343,59446.4,7654.400000000001,0,0,1,0
302.4,310.2,1539,37.7,29,7.800000000000011,6075.871607969197,58020.3,1093.3000000000002,0,1,0,0
301.4,310.3,1374,47.6,176,8.900000000000034,6848.923312238037,65402.4,8377.6,0,1,0,0
302.0,309.9,1735,27.2,192,7.899999999999977,4941.934683606984,47192.0,5222.4,1,0,0,0
298.3,309.1,1395,49.8,133,10.800000000000011,7274.986107917883,69471.0,6623.4,0,1,0,0
298.6,309.4,1407,45.1,176,10.799999999999955,6645.065364946595,63455.700000000004,7937.6,0,0,1,0
297.5,308.7,1446,53.0,168,11.199999999999989,8025.512592860486,76638.0,8904.0,0,0,1,0
302.6,310.2,1563,39.0,97,7.599999999999966,6383.402112829101,60957.0,3783.0,0,0,1,0
300.6,310.3,1920,22.3,223,9.699999999999989,4483.681035203353,42816.0,4972.900000000001,0,1,0,0
300.4,309.7,1685,31.3,152,9.300000000000011,5522.972244888417,52740.5,4757.6,0,1,0,0
300.7,311.8,1441,38.1,34,11.100000000000023,5749.334467555073,54902.1,1295.4,0,1,0,0
300.5,311.6,1509,47.2,202,11.100000000000023,7458.643614446743,71224.8,9534.400000000001,0,1,0,0
298.5,309.6,1438,44.5,124,11.100000000000023,6701.121849862148,63991.0,5518.0,0,0,1,0
298.9,309.8,1392,43.1,218,10.900000000000034,6282.682652355012,59995.200000000004,9395.800000000001,0,0,1,0
297.8,309.8,1676,29.0,178,12.0,5089.798977835943,48604.0,5162.0,0,0,1,0
302.2,311.5,1360,53.0,36,9.300000000000011,7548.199949025076,72080.0,1908.0,0,0,1,0
301.8,311.2,1840,26.6,202,9.399999999999977,5125.403694576628,48944.0,5373.200000000001,0,1,0,0
300.2,310.4,1518,41.8,5,10.199999999999989,6644.7197897547,63452.399999999994,209.0,0,1,0,0
297.5,308.5,1546,40.4,129,11.0,6540.628353165756,62458.399999999994,5211.599999999999,0,1,0,0
302.9,312.5,1551,40.0,20,9.600000000000023,6496.813607623693,62040.0,800.0,0,0,1,0
302.1,311.2,1616,35.1,57,9.099999999999966,5939.872061995294,56721.600000000006,2000.7,0,0,1,0
300.2,311.8,1410,51.4,189,11.600000000000023,7589.459532542222,72474.0,9714.6,0,1,0,0
301.6,310.7,1457,40.4,213,9.099999999999966,6164.098001657509,58862.799999999996,8605.199999999999,0,1,0,0
297.0,307.8,1404,40.7,184,10.800000000000011,5983.980022851695,57142.8,7488.8,1,0,0,0
300.5,311.6,1454,41.4,108,11.100000000000023,6303.6684912809915,60195.6,4471.2,0,0,1,0
299.9,309.1,1412,48.3,198,9.200000000000045,7141.845411258749,68199.59999999999,9563.4,0,1,0,0
298.3,309.1,1403,45.1,138,10.800000000000011,6626.173921123008,63275.3,6223.8,0,1,0,0
302.2,310.9,1604,40.5,68,8.699999999999989,6802.8047320833375,64962.0,2754.0,0,1,0,0
302.5,310.2,1716,29.9,156,7.699999999999989,5373.003083581551,51308.399999999994,4664.4,0,1,0,0
300.7,309.6,1525,36.5,71,8.900000000000034,5828.963369348062,55662.5,2591.5,0,0,1,0
301.1,311.1,1615,37.7,153,10.0,6375.914650338045,60885.50000000001,5768.1,0,0,1,0
301.2,310.2,1385,42.3,42,9.0,6135.059213562828,58585.49999999999,1776.6,0,1,0,0
299.1,310.3,1472,46.6,157,11.199999999999989,7183.272546384085,68595.2,7316.2,0,1,0,0
299.2,308.8,1405,51.4,183,9.600000000000023,7562.5465554764705,72217.0,9406.199999999999,0,1,0,0
301.0,310.7,1657,29.9,148,9.699999999999989,5188.266963574959,49544.299999999996,4425.2,0,0,1,0
297.9,308.9,1566,41.9,50,11.0,6871.228620078523,65615.4,2095.0,0,1,0,0
302.3,311.2,1432,42.7,68,8.899999999999977,6403.236034448764,61146.4,2903.6000000000004,0,0,1,0
300.7,310.8,1479,49.1,71,10.100000000000023,7604.633425059062,72618.90000000001,3486.1,0,1,0,0
297.7,308.9,1530,39.1,108,11.199999999999989,6264.649910523406,59823.0,4222.8,0,0,1,0
300.2,311.5,1515,36.8,27,11.300000000000011,5838.3357874312715,55751.99999999999,993.5999999999999,1,0,0,0
300.3,311.6,1617,32.5,115,11.300000000000011,5503.28493092592,52552.5,3737.5,0,0,1,0
302.3,311.6,1441,53.9,74,9.300000000000011,8133.572908168463,77669.9,3988.6,1,0,0,0
298.8,309.8,1437,42.8,23,11.0,6440.6419309775065,61503.6,984.4,0,1,0,0
300.4,311.1,1397,50.8,189,10.700000000000045,7431.709693429966,70967.59999999999,9601.199999999999,0,1,0,0
297.1,308.7,1474,42.3,64,11.599999999999966,6529.297675661811,62350.2,2707.2,0,1,0,0
300.5,311.3,1490,41.8,39,10.800000000000011,6522.155788362649,62281.99999999999,1630.1999999999998,0,1,0,0
299.2,308.4,1415,43.5,53,9.199999999999989,6445.762727002858,61552.5,2305.5,0,0,1,0
302.5,310.2,1477,41.6,16,7.699999999999989,6434.316857768278,61443.200000000004,665.6,0,1,0,0
297.2,308.6,1652,32.1,52,11.400000000000034,5553.204838191463,53029.200000000004,1669.2,0,1,0,0
299.1,310.7,1309,51.1,188,11.599999999999966,7004.69394797853,66889.90000000001,9606.800000000001,0,1,0,0
302.2,310.8,1744,29.7,16,8.600000000000023,5424.148211981992,51796.799999999996,475.2,0,1,0,0
301.0,310.9,1479,44.3,194,9.899999999999977,6861.206939513572,65519.7,8594.199999999999,0,1,0,0
302.0,310.6,1539,37.4,96,8.600000000000023,6027.522497030449,57558.6,3590.3999999999996,0,0,1,0
302.7,312.3,1346,61.2,170,9.600000000000023,8626.310771932998,82375.2,10404.0,0,1,0,0
302.3,311.2,1405,47.7,88,8.899999999999977,7018.16090848692,67018.5,4197.6,0,0,1,0
298.2,307.8,1375,46.6,188,9.600000000000023,6709.9183092921985,64075.0,8760.800000000001,0,1,0,0
298.3,310.0,1858,23.9,114,11.699999999999989,4650.2063897946355,44406.2,2724.6,0,1,0,0
299.7,309.4,1362,51.9,117,9.699999999999989,7402.409105947485,70687.8,6072.3,0,1,0,0
301.0,311.1,1615,35.6,158,10.100000000000023,6020.757600849719,57494.0,5624.8,0,1,0,0
298.9,308.8,1281,53.9,77,9.900000000000034,7230.469740016517,69045.9,4150.3,0,1,0,0
300.3,311.7,1452,41.5,172,11.399999999999977,6310.203004000458,60258.0,7138.0,0,1,0,0
298.2,308.7,1599,36.2,28,10.5,6061.5773613953625,57883.8,1013.6000000000001,0,0,1,0
298.9,309.9,1517,36.6,117,11.0,5814.271187704774,55522.200000000004,4282.2,0,1,0,0
298.8,309.8,1634,33.6,27,11.0,5749.365883481609,54902.4,907.2,0,1,0,0
297.8,307.2,1498,38.1,188,9.399999999999977,5976.754359748438,57073.8,7162.8,0,1,0,0
301.4,310.6,1634,31.1,171,9.200000000000045,5321.585683817799,50817.4,5318.1,0,1,0,0
300.7,311.0,1706,25.0,153,10.300000000000011,4466.297555853489,42650.0,3825.0,0,0,1,0
296.1,307.1,1651,35.7,167,11.0,6172.255670581331,58940.700000000004,5961.900000000001,0,1,0,0
302.4,311.8,1508,45.7,108,9.400000000000034,7216.824755924425,68915.6,4935.6,0,1,0,0
297.4,307.9,1390,47.7,156,10.5,6943.233923698802,66303.0,7441.200000000001,0,1,0,0
303.9,313.4,1442,48.5,174,9.5,7323.785513803646,69937.0,8439.0,0,1,0,0
297.6,309.3,1610,35.0,6,11.699999999999989,5900.958200992827,56350.0,210.0,0,1,0,0
297.4,308.2,1530,32.6,22,10.800000000000011,5223.21194585839,49878.0,717.2,0,0,1,0
300.6,310.7,1455,40.6,82,10.099999999999966,6186.110094183661,59073.0,3329.2000000000003,0,1,0,0
299.3,310.5,1818,26.0,102,11.199999999999989,4949.893384996079,47268.0,2652.0,0,1,0,0
300.7,311.0,1312,52.1,107,10.300000000000011,7158.139805155367,68355.2,5574.7,0,1,0,0
298.7,309.7,1510,40.6,162,11.0,6419.949307365861,61306.0,6577.2,0,1,0,0
302.7,312.5,1527,36.4,26,9.800000000000011,5820.617204865024,55582.799999999996,946.4,1,0,0,0
299.9,310.2,1288,69.6,62,10.300000000000011,9387.581503750875,89644.79999999999,4315.2,0,1,0,1
298.2,308.3,1522,49.1,22,10.100000000000023,7825.728244043198,74730.2,1080.2,0,0,1,0
298.6,309.4,1667,35.6,185,10.799999999999955,6214.614811527233,59345.200000000004,6586.0,0,1,0,0
301.6,309.8,1472,42.5,91,8.199999999999989,6551.2678802859145,62560.0,3867.5,0,1,0,0
297.4,308.8,1640,34.2,142,11.400000000000034,5873.521625151478,56088.00000000001,4856.400000000001,0,1,0,0
299.8,309.8,1749,33.4,153,10.0,6117.372046923117,58416.6,5110.2,0,1,0,0
298.4,309.4,1385,50.0,201,11.0,7251.843042036439,69250.0,10050.0,0,1,0,0
298.5,309.4,1565,33.7,150,10.899999999999977,5522.972244888416,52740.50000000001,5055.0,0,0,1,0
297.4,308.4,1371,57.4,52,11.0,8240.963017043674,78695.4,2984.7999999999997,0,1,0,0
300.1,309.4,2141,17.9,33,9.299999999999955,4013.269423230329,38323.899999999994,590.6999999999999,0,1,0,0
297.8,307.7,1393,38.0,29,9.899999999999977,5543.235517504071,52934.0,1102.0,0,1,0,0
299.8,311.3,1560,35.4,178,11.5,5783.043756728091,55224.0,6301.2,0,1,0,0
297.6,308.3,1502,43.2,139,10.699999999999989,6794.8879185962915,64886.4,6004.8,0,1,0,0
304.3,313.5,1590,29.8,17,9.199999999999989,4961.831437079719,47382.0,506.6,0,1,0,0
304.1,313.5,1469,44.6,113,9.399999999999977,6860.966084076797,65517.4,5039.8,0,1,0,0
299.8,311.2,1664,28.3,173,11.399999999999977,4931.378932290922,47091.200000000004,4895.900000000001,0,1,0,0
297.6,309.2,1390,43.3,221,11.599999999999966,6302.767901386962,60186.99999999999,9569.3,0,1,0,0
301.2,310.1,1479,45.5,44,8.900000000000034,7047.063560899945,67294.5,2002.0,0,0,1,0
300.1,309.7,1362,49.1,23,9.599999999999966,7003.049847823151,66874.2,1129.3,0,1,0,0
299.6,310.8,1644,30.9,114,11.199999999999989,5319.721672176668,50799.6,3522.6,0,1,0,0
297.5,309.2,1347,55.8,188,11.699999999999989,7871.00906615694,75162.59999999999,10490.4,0,0,1,0
300.6,310.3,1484,41.0,213,9.699999999999989,6371.568780500579,60844.0,8733.0,0,1,0,0
300.6,309.4,2496,13.5,111,8.799999999999955,3528.6368685120556,33696.0,1498.5,0,1,0,0
300.4,311.0,1595,35.4,15,10.600000000000023,5912.7915333213505,56463.0,531.0,0,0,1,0
298.9,310.3,1243,63.0,163,11.400000000000034,8200.499303665438,78309.0,10269.0,1,0,0,0
300.3,310.6,1433,53.8,86,10.300000000000011,8073.4114088522165,77095.4,4626.8,0,1,0,0
300.8,311.3,1524,43.5,71,10.5,6942.291445902724,66294.0,3088.5,0,1,0,0
302.0,311.4,1587,35.9,30,9.399999999999977,5966.230024358912,56973.299999999996,1077.0,0,0,1,0
300.7,311.7,1635,32.4,213,11.0,5547.424307708856,52974.0,6901.2,0,1,0,0
298.7,308.4,1560,33.3,53,9.699999999999989,5439.981838956085,51947.99999999999,1764.8999999999999,1,0,0,0
303.7,313.1,1406,48.6,183,9.400000000000034,7155.668418934542,68331.6,8893.800000000001,0,1,0,0
303.8,312.6,1811,24.9,183,8.800000000000011,4722.222165390425,45093.899999999994,4556.7,1,0,0,0
299.3,308.6,1448,52.1,71,9.300000000000011,7900.142102031229,75440.8,3699.1,0,0,1,0
301.8,310.8,1619,31.0,76,9.0,5255.779789700605,50189.0,2356.0,0,0,1,0
299.8,310.2,1654,32.7,159,10.399999999999977,5663.8517314508945,54085.8,5199.3,0,1,0,0
302.4,311.5,1540,43.7,81,9.100000000000023,7047.430080042864,67298.0,3539.7000000000003,1,0,0,0
299.0,310.3,1520,45.0,171,11.300000000000011,7162.8312501847295,68400.0,7695.0,0,1,0,0
297.2,308.4,1462,51.2,102,11.199999999999989,7838.734437629061,74854.40000000001,5222.400000000001,0,1,0,0
298.8,308.6,1486,41.1,13,9.800000000000011,6395.717156031173,61074.6,534.3000000000001,0,0,1,0
298.3,308.1,1630,32.7,83,9.800000000000011,5581.667667632986,53301.00000000001,2714.1000000000004,0,0,1,0
300.9,310.8,1390,40.6,131,9.900000000000034,5909.75466042288,56434.0,5318.6,1,0,0,0
298.8,309.1,1559,34.7,95,10.300000000000011,5665.056008634771,54097.3,3296.5000000000005,0,0,1,0
297.8,309.7,1700,31.3,200,11.899999999999977,5572.138169917096,53210.0,6260.0,0,0,1,0
298.2,308.8,1498,36.0,39,10.600000000000023,5647.326954093012,53928.0,1404.0,0,1,0,0
301.6,310.9,1706,29.5,193,9.299999999999955,5270.231115907117,50327.0,5693.5,0,1,0,0
301.7,310.8,1516,40.4,48,9.100000000000023,6413.708009960729,61246.4,1939.1999999999998,0,0,1,0
300.3,311.2,1381,65.2,136,10.899999999999977,9429.092414680308,90041.2,8867.2,0,0,1,1
297.8,307.8,1761,28.9,128,10.0,5329.492025329333,50892.899999999994,3699.2,0,1,0,0
298.9,310.1,1452,49.9,187,11.200000000000045,7587.448913243925,72454.8,9331.3,1,0,0,0
298.2,307.7,1688,32.4,91,9.5,5727.249071200336,54691.2,2948.4,0,1,0,0
302.7,312.4,1453,47.3,62,9.699999999999989,7197.064138133344,68726.9,2932.6,0,1,0,0
297.3,308.1,1458,45.7,202,10.800000000000011,6977.540115476002,66630.6,9231.400000000001,0,1,0,0
300.7,310.7,1428,43.4,26,10.0,6490.027767491938,61975.2,1128.3999999999999,1,0,0,0
300.1,309.4,1563,40.8,28,9.299999999999955,6678.020671882751,63770.399999999994,1142.3999999999999,1,0,0,0
299.4,309.3,1448,48.6,44,9.900000000000034,7369.422383084793,70372.8,2138.4,0,1,0,0
301.5,310.4,1580,35.7,161,8.899999999999977,5906.822507279529,56406.00000000001,5747.700000000001,1,0,0,0
304.2,313.4,1421,43.4,56,9.199999999999989,6458.213905886585,61671.4,2430.4,0,1,0,0
300.6,309.3,1409,38.7,115,8.699999999999989,5710.190223091344,54528.3,4450.5,0,1,0,0
297.3,308.7,1447,44.5,105,11.399999999999977,6743.062111787572,64391.5,4672.5,0,0,1,0
300.6,310.6,1448,44.7,55,10.0,6778.048981973051,64725.600000000006,2458.5,1,0,0,0
303.5,312.4,1318,54.2,177,8.899999999999977,7480.718538825967,71435.6,9593.4,0,0,1,0
299.0,310.3,1552,39.9,114,11.300000000000011,6484.749891833906,61924.799999999996,4548.599999999999,0,1,0,0
301.6,310.6,1924,23.6,181,9.0,4754.9470888653195,45406.4,4271.6,0,0,1,0
297.1,308.1,1487,34.6,208,11.0,5387.85234485752,51450.200000000004,7196.8,0,1,0,0
298.8,310.6,1651,33.3,0,11.800000000000011,5757.31411289519,54978.299999999996,0.0,0,1,0,0
301.0,312.1,1585,32.3,50,11.100000000000023,5361.180223228541,51195.49999999999,1614.9999999999998,0,1,0,0
297.4,308.7,1429,57.4,96,11.300000000000011,8589.596025788045,82024.59999999999,5510.4,0,1,0,0
300.2,309.4,1433,48.8,191,9.199999999999989,7323.094363419855,69930.4,9320.8,0,0,1,0
298.3,309.1,1387,52.3,160,10.800000000000011,7596.38150835563,72540.09999999999,8368.0,0,1,0,0
301.0,310.9,1404,41.8,71,9.899999999999977,6145.709212658497,58687.2,2967.7999999999997,0,1,0,0
301.5,311.1,1426,52.1,121,9.600000000000023,7780.112318713074,74294.6,6304.1,0,1,0,0
298.1,308.2,1420,63.9,19,10.099999999999966,9502.061140047686,90738.0,1214.1,0,0,1,1
301.6,310.7,1424,50.5,214,9.099999999999966,7530.607030164974,71912.0,10807.0,0,1,0,0
299.9,309.6,1280,59.3,163,9.700000000000045,7948.648292602655,75904.0,9665.9,0,1,0,0
299.2,308.7,1325,51.0,171,9.5,7076.437452211009,67575.0,8721.0,0,1,0,0
299.6,310.9,1530,38.8,198,11.299999999999955,6216.583542923482,59363.99999999999,7682.4,0,0,1,0
303.2,311.5,1507,39.2,225,8.300000000000011,6186.256701840831,59074.4,8820.0,0,1,0,0
299.8,309.2,1572,35.4,158,9.399999999999977,5827.528708702922,55648.799999999996,5593.2,0,1,0,0
300.5,309.9,1423,47.9,114,9.399999999999977,7137.8765325397135,68161.7,5460.599999999999,0,1,0,0
295.7,306.2,2161,16.5,105,10.5,3733.939948424149,35656.5,1732.5,1,0,0,0
302.3,311.2,1758,24.4,68,8.899999999999977,4491.9748398088295,42895.2,1659.1999999999998,0,1,0,0
302.5,310.3,1584,35.5,158,7.800000000000011,5888.601269888708,56232.0,5609.0,0,1,0,0
300.6,311.5,1419,38.6,31,10.899999999999977,5735.8570350711725,54773.4,1196.6000000000001,0,1,0,0
300.7,310.8,1608,39.5,202,10.100000000000023,6651.3799661803105,63516.0,7979.0,0,1,0,0
301.2,310.4,1381,49.8,115,9.199999999999989,7201.975494648455,68773.8,5727.0,0,1,0,0
300.2,309.8,1353,59.4,26,9.600000000000023,8416.13822340784,80368.2,1544.3999999999999,0,1,0,0
300.4,310.2,1671,30.5,234,9.800000000000011,5337.09467955102,50965.5,7137.0,0,0,1,1
300.1,311.4,1430,40.9,93,11.299999999999955,6124.744317683541,58487.0,3803.7,0,1,0,0
301.7,311.2,1413,42.6,79,9.5,6303.4799957217765,60193.8,3365.4,0,0,1,0
299.5,309.1,1852,22.6,77,9.600000000000023,4383.066294484383,41855.200000000004,1740.2,0,1,0,0
300.1,310.1,1426,42.7,64,10.0,6376.406833187108,60890.200000000004,2732.8,1,0,0,0
303.7,312.8,1366,47.3,49,9.100000000000023,6766.131873840433,64611.799999999996,2317.7,0,0,1,0
299.2,308.4,1856,22.7,86,9.199999999999989,4411.96894689741,42131.2,1952.2,0,0,1,0
298.6,309.8,1704,28.3,64,11.199999999999989,5049.921695086377,48223.200000000004,1811.2,0,1,0,0
302.2,311.5,1427,43.8,88,9.300000000000011,6545.256966342046,62502.6,3854.3999999999996,0,1,0,0
301.1,311.1,1436,41.8,156,10.0,6285.782357106554,60024.799999999996,6520.799999999999,0,0,1,0
298.9,310.0,1559,33.4,58,11.100000000000023,5452.820480933756,52070.6,1937.1999999999998,0,1,0,0
297.2,308.3,1805,25.6,103,11.100000000000023,4838.890444569239,46208.0,2636.8,0,1,0,0
303.1,312.8,2329,15.1,113,9.699999999999989,3682.773876072683,35167.9,1706.3,0,1,0,0
302.7,312.5,1417,51.5,19,9.800000000000011,7641.976489734731,72975.5,978.5,0,0,1,0
300.9,310.6,1350,53.8,131,9.700000000000045,7605.795814340889,72630.0,7047.799999999999,0,1,0,0
303.9,313.1,1790,26.7,17,9.200000000000045,5004.871256433899,47793.0,453.9,1,0,0,0
302.0,310.9,1663,31.5,81,8.899999999999977,5485.692012065818,52384.5,2551.5,0,1,0,0
299.6,309.0,1648,33.6,70,9.399999999999977,5798.626056289896,55372.8,2352.0,0,1,0,0
297.4,308.4,1571,39.4,0,11.0,6481.880570543628,61897.399999999994,0.0,0,1,0,0
298.6,309.9,1818,24.9,9,11.299999999999955,4740.474818707783,45268.2,224.1,0,0,1,0
299.2,308.6,1586,35.7,138,9.400000000000034,5929.253478826161,56620.200000000004,4926.6,0,0,1,0
302.9,312.3,1754,26.9,209,9.400000000000034,4940.95031790886,47182.6,5622.099999999999,1,0,0,0
298.7,310.2,1717,27.3,26,11.5,4908.6442734544435,46874.1,709.8000000000001,0,1,0,0
300.3,310.3,2158,16.8,32,10.0,3796.5518900101933,36254.4,537.6,0,1,0,0
296.9,308.0,1332,53.9,7,11.100000000000023,7518.3338748649485,71794.8,377.3,0,1,0,0
298.0,308.4,1432,46.2,11,10.399999999999977,6928.091447108499,66158.40000000001,508.20000000000005,0,1,0,0
299.3,308.7,1802,26.0,130,9.399999999999977,4906.329966866299,46852.0,3380.0,0,1,0,0
297.3,308.2,1846,24.5,41,10.899999999999977,4736.160364796852,45227.0,1004.5,0,0,1,0
300.6,310.9,1472,47.6,75,10.299999999999955,7337.420025920225,70067.2,3570.0,0,1,0,0
299.9,309.3,1452,41.9,106,9.400000000000034,6371.024237773957,60838.799999999996,4441.4,0,0,1,0
298.2,308.8,1606,39.9,53,10.600000000000023,6710.379076214726,64079.399999999994,2114.7,1,0,0,0
298.0,309.5,1496,45.8,46,11.5,7175.0625175827045,68516.8,2106.7999999999997,0,1,0,0
300.1,311.4,1913,21.9,15,11.299999999999955,4387.20272481161,41894.7,328.5,0,0,1,0
302.1,310.5,1696,30.9,107,8.399999999999977,5487.985374702937,52406.399999999994,3306.2999999999997,0,1,0,0
303.3,312.5,1328,49.8,120,9.199999999999989,6925.578172985628,66134.4,5976.0,1,0,0,0
298.6,308.4,1562,34.4,25,9.799999999999955,5626.885657893655,53732.799999999996,860.0,0,1,0,0
300.5,310.6,1411,47.2,201,10.100000000000023,6974.251915165245,66599.2,9487.2,1,0,0,0
300.6,310.1,1541,42.0,23,9.5,6777.671990854619,64722.0,966.0,0,1,0,0
297.5,308.3,1585,32.9,32,10.800000000000011,5460.768710347337,52146.5,1052.8,0,1,0,0
303.2,311.2,1363,46.7,29,8.0,6665.632324852096,63652.100000000006,1354.3000000000002,0,1,0,1
301.4,311.0,1733,25.7,182,9.600000000000023,4664.018925494918,44538.1,4677.4,0,1,0,0
303.3,311.2,1607,31.7,34,7.899999999999977,5334.623293330196,50941.9,1077.8,1,0,0,0
300.3,311.6,1312,53.4,151,11.300000000000011,7336.749819487458,70060.8,8063.4,0,0,1,0
300.2,311.7,1555,37.4,169,11.5,6090.186798494053,58157.0,6320.599999999999,0,0,1,0
301.3,310.4,1695,30.9,108,9.099999999999966,5484.74953426974,52375.5,3337.2,0,1,0,0
300.6,312.2,2174,18.5,95,11.599999999999966,4211.723831157596,40219.0,1757.5,0,0,1,0
299.0,310.1,1583,35.8,142,11.100000000000023,5934.615130288286,56671.399999999994,5083.599999999999,0,1,0,0
301.0,311.2,1602,32.7,19,10.199999999999989,5485.786259845426,52385.4,621.3000000000001,1,0,0,0
300.7,309.5,1850,24.5,19,8.800000000000011,4746.42290079858,45325.0,465.5,0,1,0,0
302.5,310.4,1488,48.4,134,7.899999999999977,7541.832987913801,72019.2,6485.599999999999,0,1,0,0
299.1,308.7,1498,38.9,181,9.599999999999966,6102.250514283838,58272.2,7040.9,0,1,0,0
301.5,310.7,1466,43.6,56,9.199999999999989,6693.435419836365,63917.6,2441.6,0,1,0,0
299.9,309.4,1483,38.1,193,9.5,5916.907019697552,56502.3,7353.3,0,0,1,0
301.1,311.1,1450,43.3,168,10.0,6574.829825187839,62784.99999999999,7274.4,0,1,0,0
299.3,309.1,1473,40.3,125,9.800000000000011,6216.363631437731,59361.899999999994,5037.5,0,1,0,0
302.5,311.1,1538,36.8,208,8.600000000000023,5926.970588164551,56598.399999999994,7654.4,0,1,0,0
300.9,311.6,1671,33.5,148,10.700000000000045,5862.054811965875,55978.5,4958.0,0,1,0,0
297.6,308.6,1382,47.1,11,11.0,6816.439244199918,65092.200000000004,518.1,0,1,0,0
299.7,311.0,1435,50.1,168,11.300000000000011,7528.66971469526,71893.5,8416.800000000001,0,0,1,0
298.5,309.3,1590,33.9,107,10.800000000000011,5644.4995207047805,53901.0,3627.2999999999997,0,1,0,0
303.0,312.4,1526,36.1,142,9.399999999999977,5768.864701884891,55088.6,5126.2,0,0,1,0
298.3,309.0,1379,43.2,0,10.699999999999989,6238.449027792468,59572.8,0.0,1,0,0,0
303.7,312.4,1631,28.5,132,8.699999999999989,4867.740737104705,46483.5,3762.0,0,0,1,0
301.5,311.0,1494,45.3,99,9.5,7087.244530939358,67678.2,4484.7,0,1,0,0
297.4,308.9,1809,23.8,131,11.5,4508.625280872856,43054.200000000004,3117.8,0,1,0,0
301.8,310.8,1691,33.4,62,9.0,5914.508937305312,56479.399999999994,2070.7999999999997,0,0,1,0
298.9,309.9,1645,31.4,86,11.0,5409.089511195785,51653.0,2700.4,0,0,1,0
300.8,310.5,1330,59.0,190,9.699999999999989,8217.359184239702,78470.0,11210.0,0,0,1,0
299.4,309.0,1436,47.9,75,9.600000000000023,7203.085524052725,68784.4,3592.5,0,1,0,0
298.4,310.1,1926,23.7,83,11.700000000000045,4780.058886143014,45646.2,1967.1,0,1,0,0
303.8,313.2,1525,41.9,145,9.399999999999977,6691.330552758461,63897.5,6075.5,0,1,0,0
301.5,310.7,1599,40.4,72,9.199999999999989,6764.854292827973,64599.6,2908.7999999999997,1,0,0,0
301.4,310.5,1476,39.2,206,9.100000000000023,6059.001255419419,57859.200000000004,8075.200000000001,0,1,0,0
298.6,309.5,1483,43.2,92,10.899999999999977,6708.933943594075,64065.600000000006,3974.4,0,1,0,0
298.1,307.7,1424,47.7,103,9.599999999999966,7113.068422551867,67924.8,4913.1,0,0,1,0
299.9,309.8,1625,41.2,109,9.900000000000034,7010.987605261223,66950.0,4490.8,0,0,1,0
301.9,311.0,1669,32.2,191,9.100000000000023,5627.828135689732,53741.8,6150.200000000001,0,1,0,0
298.0,308.1,1819,23.4,78,10.100000000000023,4457.354488766269,42564.6,1825.1999999999998,0,1,0,0
300.7,310.2,1286,64.9,160,9.5,8740.057369943972,83461.40000000001,10384.0,0,1,0,0
302.2,310.6,1346,49.2,134,8.400000000000034,6934.877287240253,66223.2,6592.8,0,0,1,1
299.8,309.2,1479,44.4,214,9.399999999999977,6876.69499129577,65667.59999999999,9501.6,0,1,0,0
298.8,309.9,1415,53.2,194,11.099999999999966,7883.093725897748,75278.0,10320.800000000001,0,0,1,0
302.5,311.8,1566,37.6,54,9.300000000000011,6166.066733053759,58881.600000000006,2030.4,0,0,1,0
300.2,311.3,1491,37.3,102,11.100000000000023,5823.915877151294,55614.299999999996,3804.6,0,0,1,0
300.7,311.9,1657,30.9,116,11.199999999999989,5361.787597808236,51201.299999999996,3584.3999999999996,0,0,1,0
298.9,310.1,1823,26.1,131,11.200000000000045,4982.597364519948,47580.3,3419.1000000000004,0,1,0,0
299.0,309.8,2240,15.9,144,10.800000000000011,3729.698798341802,35616.0,2289.6,0,0,1,0
303.4,312.9,1307,54.3,68,9.5,7431.9714928177655,70970.09999999999,3692.3999999999996,0,0,1,0
297.8,308.4,1737,27.5,146,10.599999999999966,5002.200902678348,47767.5,4015.0,0,1,0,0
299.1,308.4,1330,53.6,62,9.299999999999955,7465.2619029703055,71288.0,3323.2000000000003,0,0,1,0
302.4,310.1,2009,18.9,59,7.7000000000000455,3976.219573868993,37970.1,1115.1,0,1,0,0
297.4,308.3,1561,38.3,0,10.900000000000034,6260.806695510514,59786.299999999996,0.0,0,1,0,0
300.2,311.4,1960,20.9,20,11.199999999999989,4289.740048721743,40964.0,418.0,0,0,1,0
300.7,312.3,1430,47.2,131,11.600000000000023,7068.164591556558,67496.0,6183.200000000001,0,0,1,0
296.9,307.9,1441,47.6,60,11.0,7182.895555265656,68591.6,2856.0,0,0,1,0
302.4,310.3,1480,45.8,123,7.900000000000034,7098.323881031018,67784.0,5633.4,0,1,0,0
299.1,308.9,1686,29.6,108,9.799999999999955,5226.102211099693,49905.600000000006,3196.8,0,1,0,0
302.0,311.2,1400,49.5,20,9.199999999999989,7257.079029792421,69300.0,990.0,0,0,1,0
302.0,310.4,1450,46.6,165,8.399999999999977,7075.9138534354115,67570.0,7689.0,0,1,0,0
299.8,309.3,1470,42.7,119,9.5,6573.154309105924,62769.00000000001,5081.3,0,0,1,0
303.8,312.9,1619,35.7,182,9.099999999999966,6052.623822332632,57798.3,6497.400000000001,0,1,0,0
301.2,310.6,1409,50.9,66,9.400000000000034,7510.301869647271,71718.09999999999,3359.4,0,1,0,0
298.1,308.0,1697,31.0,164,9.899999999999977,5508.992157579943,52607.0,5084.0,0,1,0,0
298.8,309.7,1461,55.1,118,10.899999999999977,8430.055478863243,80501.1,6501.8,1,0,0,0
300.8,312.3,1535,40.3,71,11.5,6478.016411579712,61860.49999999999,2861.2999999999997,0,0,1,0
301.3,311.0,1641,33.0,145,9.699999999999989,5670.8888989949355,54153.0,4785.0,0,0,1,0
302.3,310.9,1742,29.7,137,8.599999999999966,5417.927858527885,51737.4,4068.9,0,0,1,0
297.4,308.5,1412,45.5,49,11.100000000000023,6727.825387417663,64246.0,2229.5,0,0,1,0
298.9,310.1,1324,54.6,185,11.200000000000045,7570.232985502253,72290.40000000001,10101.0,1,0,0,0
299.0,310.6,1787,22.2,192,11.600000000000023,4154.37929325407,39671.4,4262.4,0,0,1,0
298.0,307.6,1792,26.0,119,9.600000000000023,4879.102830535188,46592.0,3094.0,0,0,1,0
300.7,310.2,1642,32.6,26,9.5,5605.564715751291,53529.200000000004,847.6,0,1,0,0
303.3,311.4,1958,21.5,0,8.099999999999966,4408.387531272318,42097.0,0.0,0,1,0,0
301.0,310.8,1375,57.2,20,9.800000000000011,8236.20874016124,78650.0,1144.0,0,1,0,0
303.7,312.1,1443,45.9,74,8.400000000000034,6935.97684466901,66233.7,3396.6,0,1,0,0
300.9,311.9,1480,40.9,28,11.0,6338.896216903245,60532.0,1145.2,0,0,1,0
300.5,311.9,1875,22.1,100,11.399999999999977,4339.324852770902,41437.5,2210.0,0,0,1,0
297.2,308.4,1605,30.0,183,11.199999999999989,5042.256209011618,48150.0,5490.0,0,1,0,0
298.3,309.6,1531,40.1,81,11.300000000000011,6429.070398036785,61393.1,3248.1,0,0,1,0
299.1,308.8,1320,67.5,20,9.699999999999989,9330.530181161685,89100.0,1350.0,0,1,0,1
297.7,309.2,1700,27.4,176,11.5,4877.846193473752,46580.0,4822.4,0,0,1,0
301.3,310.8,1509,40.1,25,9.5,6336.68663007022,60510.9,1002.5,0,0,1,0
302.1,310.7,1359,49.3,41,8.599999999999966,7016.087457335549,66998.7,2021.3,0,1,0,1
298.2,309.4,1443,45.4,187,11.199999999999989,6860.421541350175,65512.2,8489.8,0,1,0,0
302.2,311.4,1538,37.4,37,9.199999999999989,6023.6059781889735,57521.2,1383.8,0,0,1,0
297.2,308.5,1766,25.8,7,11.300000000000011,4771.325258566034,45562.8,180.6,0,1,0,0
300.6,311.8,1539,37.0,187,11.199999999999989,5963.057015778787,56943.0,6919.0,0,1,0,0
299.9,309.2,1683,30.5,13,9.300000000000011,5375.422109924816,51331.5,396.5,0,0,1,0
302.3,311.0,1450,45.7,175,8.699999999999989,6939.254573004256,66265.0,7997.500000000001,0,0,1,0
301.5,310.6,1490,48.1,81,9.100000000000023,7505.160129670897,71669.0,3896.1,0,1,0,0
301.4,310.7,1605,34.2,94,9.300000000000011,5748.172078273245,54891.00000000001,3214.8,0,1,0,0
298.1,308.0,1456,42.4,59,9.899999999999977,6464.8112504591245,61734.4,2501.6,0,1,0,0
296.8,307.9,1683,31.8,76,11.099999999999966,5604.538462151119,53519.4,2416.8,0,0,1,0
296.6,307.4,1631,35.0,168,10.799999999999955,5977.927221005777,57085.0,5880.0,0,1,0,0
300.7,310.8,1519,43.9,55,10.100000000000023,6983.142622374904,66684.09999999999,2414.5,0,1,0,0
300.9,310.8,1402,48.1,22,9.900000000000034,7061.902350200401,67436.2,1058.2,0,0,1,0
299.6,309.5,1803,27.7,159,9.899999999999977,5230.02920191668,49943.1,4404.3,0,1,0,0
299.0,310.4,1365,49.1,226,11.399999999999977,7018.475067752277,67021.5,11096.6,0,1,0,1
298.3,308.9,1270,52.7,44,10.599999999999966,7008.788490403708,66929.0,2318.8,0,1,0,0
303.8,313.1,1309,55.8,193,9.300000000000011,7648.9612974012125,73042.2,10769.4,0,1,0,0
303.8,312.6,1768,23.9,149,8.800000000000011,4424.954196532247,42255.2,3561.1,0,0,1,0
301.5,310.4,1918,21.8,9,8.899999999999977,4378.584288965262,41812.4,196.20000000000002,0,1,0,0
299.8,310.4,1694,30.3,204,10.599999999999966,5375.076534732921,51328.200000000004,6181.2,0,1,0,0
300.5,309.9,1780,26.5,101,9.399999999999977,4939.630848994351,47170.0,2676.5,0,0,1,0
297.6,308.7,1376,59.9,74,11.099999999999966,8631.253544374646,82422.4,4432.599999999999,0,0,1,0
303.5,311.7,1959,22.3,157,8.199999999999989,4574.755806230921,43685.700000000004,3501.1,0,1,0,0
298.1,307.9,2161,17.5,5,9.799999999999955,3960.2393392377335,37817.5,87.5,0,1,0,0
296.2,307.2,1445,41.8,20,11.0,6325.177928982569,60400.99999999999,836.0,0,1,0,0
298.3,310.0,1460,47.6,101,11.699999999999989,7277.604101795876,69496.0,4807.6,0,1,0,0
300.2,311.4,1891,22.6,86,11.199999999999989,4475.366286646852,42736.600000000006,1943.6000000000001,0,1,0,0
298.3,308.1,1672,41.3,0,9.800000000000011,7231.276082130938,69053.59999999999,0.0,0,1,0,0
297.5,308.5,1306,50.7,38,11.0,6933.934809444177,66214.2,1926.6000000000001,0,1,0,0
296.3,307.3,1439,41.5,208,11.0,6253.706696113401,59718.5,8632.0,0,1,0,0
297.5,309.5,1448,43.7,46,12.0,6626.414776559784,63277.600000000006,2010.2,0,0,1,0
297.8,309.0,1340,56.9,6,11.199999999999989,7984.462448853578,76246.0,341.4,0,1,0,0
298.3,309.2,1359,51.4,21,10.899999999999977,7314.947166471546,69852.59999999999,1079.3999999999999,0,0,1,0
297.7,307.2,1518,35.8,195,9.5,5690.932260124839,54344.399999999994,6980.999999999999,0,1,0,0
304.3,313.5,2245,15.1,172,9.199999999999989,3549.947338678906,33899.5,2597.2,0,0,1,0
298.8,308.5,1395,44.4,33,9.699999999999989,6486.132192601486,61938.0,1465.2,0,1,0,0
298.6,309.9,1630,30.6,2,11.299999999999955,5223.21194585839,49878.0,61.2,0,1,0,0
298.8,309.9,1526,42.1,30,11.099999999999966,6727.678779760496,64244.6,1263.0,1,0,0,0
300.8,311.8,1417,43.4,223,11.0,6440.034556397813,61497.799999999996,9678.199999999999,0,1,0,0
298.4,308.5,1398,47.1,122,10.100000000000023,6895.356051658094,65845.8,5746.2,1,0,0,0
301.9,310.3,1972,21.3,67,8.400000000000034,4398.606706144142,42003.6,1427.1000000000001,0,1,0,0
298.2,309.0,1413,47.9,97,10.800000000000011,7087.715769837396,67682.7,4646.3,0,0,1,0
297.3,308.1,1370,58.8,199,10.800000000000011,8435.80459341931,80556.0,11701.199999999999,0,0,1,0
298.1,308.4,1515,43.8,6,10.299999999999955,6948.888790475263,66357.0,262.79999999999995,1,0,0,0
296.2,307.0,1516,37.6,25,10.800000000000011,5969.1935934287985,57001.6,940.0,0,0,1,0
300.6,310.0,1486,41.2,127,9.399999999999977,6411.2785116419545,61223.200000000004,5232.400000000001,0,0,1,0
300.4,311.5,1441,44.6,96,11.100000000000023,6730.1920538833665,64268.6,4281.6,0,1,0,0
301.1,311.1,1470,40.9,125,10.0,6296.065837059304,60123.0,5112.5,0,1,0,0
298.1,307.7,1495,48.1,111,9.599999999999966,7530.345230777174,71909.5,5339.1,0,1,0,0
298.2,308.7,1520,35.7,40,10.5,5682.512791813219,54264.00000000001,1428.0,1,0,0,0
300.3,311.5,1446,45.0,82,11.199999999999989,6814.114465636261,65070.0,3690.0,0,1,0,0
295.8,306.5,1493,40.5,90,10.699999999999989,6332.037072942908,60466.5,3645.0,0,1,0,0
300.7,310.8,1814,21.4,59,10.100000000000023,4065.179005843144,38819.6,1262.6,0,1,0,0
298.1,309.2,1802,26.9,83,11.099999999999966,5076.164465719363,48473.799999999996,2232.7,0,1,0,0
300.8,311.2,1430,54.4,85,10.399999999999977,8146.359190268574,77792.0,4624.0,0,1,0,0
299.7,309.6,1720,27.1,146,9.900000000000034,4881.197225637581,46612.0,3956.6000000000004,0,1,0,0
300.9,311.2,1472,40.0,93,10.300000000000011,6165.899181445567,58880.0,3720.0,0,0,1,0
298.1,308.4,1438,45.6,105,10.299999999999955,6866.767558510426,65572.8,4788.0,0,1,0,0
301.5,310.5,1389,54.9,187,9.0,7985.5201183802865,76256.09999999999,10266.3,0,1,0,0
300.5,311.6,1541,47.8,156,11.100000000000023,7713.636218163114,73659.79999999999,7456.799999999999,0,1,0,0
296.2,307.1,1413,53.4,203,10.900000000000034,7901.545346749832,75454.2,10840.199999999999,0,1,0,0
302.3,310.9,1620,30.3,112,8.599999999999966,5140.273899803619,49086.0,3393.6,0,1,0,0
300.9,310.7,1389,50.0,214,9.800000000000011,7272.78699306037,69450.0,10700.0,0,1,0,0
301.9,311.0,1376,44.9,186,9.100000000000023,6469.837798704867,61782.4,8351.4,0,1,0,0
296.5,307.2,1481,38.2,160,10.699999999999989,5924.436370090657,56574.200000000004,6112.0,0,1,0,0
302.0,310.9,1546,34.4,7,8.899999999999977,5569.247904675793,53182.399999999994,240.79999999999998,0,1,0,0
298.3,308.4,1444,47.5,178,10.099999999999966,7182.728003657462,68590.0,8455.0,0,0,1,0
298.1,310.0,1393,43.1,65,11.899999999999977,6287.19607380067,60038.3,2801.5,0,0,1,0
303.6,312.1,1627,32.5,7,8.5,5537.31885133981,52877.5,227.5,0,0,1,0
300.5,310.4,1548,37.3,65,9.899999999999977,6046.560548511203,57740.399999999994,2424.5,0,0,1,0
297.3,308.3,1341,51.9,51,11.0,7288.2750448425695,69597.9,2646.9,0,0,1,0
300.4,311.6,1674,33.0,172,11.200000000000045,5784.928712320245,55242.0,5676.0,0,1,0,0
300.8,310.5,1482,39.0,47,9.699999999999989,6052.592406406096,57798.0,1833.0,0,1,0,0
302.0,310.6,1366,47.7,206,8.600000000000023,6823.350748037817,65158.200000000004,9826.2,0,1,0,0
298.9,308.7,1558,41.2,110,9.800000000000011,6721.919193228914,64189.600000000006,4532.0,0,1,0,0
303.7,312.7,1564,40.2,150,9.0,6584.024219687346,62872.8,6030.0,1,0,0,0
300.3,309.9,1394,46.7,210,9.599999999999966,6817.235114338828,65099.8,9807.0,1,0,0,1
298.2,308.1,1618,34.7,39,9.900000000000034,5879.4487632912505,56144.600000000006,1353.3000000000002,0,1,0,0
300.1,309.3,1841,23.0,125,9.199999999999989,4434.148591031753,42343.0,2875.0,0,1,0,0
300.7,310.8,1689,28.9,100,10.100000000000023,5111.591158876344,48812.1,2890.0,0,1,0,0
300.5,309.4,1360,46.2,93,8.899999999999977,6579.751653678463,62832.00000000001,4296.6,1,0,0,0
300.4,311.1,2013,20.1,195,10.700000000000045,4237.097427823091,40461.3,3919.5000000000005,0,1,0,0
300.8,310.7,1589,34.3,144,9.899999999999977,5707.509397360281,54502.7,4939.2,0,1,0,0
301.8,309.9,1418,51.3,116,8.099999999999966,7617.671034571459,72743.4,5950.799999999999,1,0,0,0
298.8,310.3,1528,37.1,99,11.5,5936.437254027369,56688.8,3672.9,0,0,1,0
300.0,309.6,1477,38.1,13,9.600000000000023,5892.968083677198,56273.700000000004,495.3,0,0,1,0
300.1,311.5,1434,40.8,80,11.399999999999977,6126.859656736958,58507.2,3264.0,0,1,0,0
295.8,306.4,1399,47.6,84,10.599999999999966,6973.539820830432,66592.40000000001,3998.4,0,1,0,0
303.1,312.6,1514,42.1,138,9.5,6674.774359474041,63739.4,5809.8,0,1,0,0
301.0,311.2,1521,35.8,13,10.199999999999989,5702.179161824689,54451.799999999996,465.4,0,0,1,0
300.8,311.3,1465,43.2,113,10.5,6627.503862013028,63288.00000000001,4881.6,0,0,1,0
303.7,312.6,1466,42.5,183,8.900000000000034,6524.564342730401,62305.0,7777.5,0,1,0,0
302.1,311.3,1634,30.6,50,9.199999999999989,5236.029643885036,50000.4,1530.0,0,1,0,0
298.5,309.4,1671,31.8,108,10.899999999999977,5564.577403597457,53137.8,3434.4,1,0,0,0
298.6,308.4,1559,36.6,188,9.799999999999955,5975.246395274715,57059.4,6880.8,0,1,0,0
300.2,310.6,1431,42.3,113,10.400000000000034,6338.822913074661,60531.299999999996,4779.9,0,1,0,0
303.7,313.0,1753,29.0,42,9.300000000000011,5323.6381910181435,50837.0,1218.0,0,1,0,0
298.9,308.2,1411,51.3,43,9.300000000000011,7580.066170507988,72384.3,2205.9,0,0,1,0
299.7,310.9,1384,48.2,188,11.199999999999989,6985.72920032636,66708.8,9061.6,0,1,0,0
298.3,309.2,1383,52.1,26,10.899999999999977,7545.5086513185015,72054.3,1354.6000000000001,0,1,0,0
300.5,311.9,1511,44.5,30,11.399999999999977,7041.303974368363,67239.5,1335.0,0,0,1,0
300.8,312.0,1443,53.3,151,11.199999999999989,8054.19533378776,76911.9,8048.299999999999,0,0,1,0
300.3,311.0,1613,34.7,142,10.699999999999989,5861.27988577799,55971.100000000006,4927.400000000001,0,1,0,0
299.7,310.2,1469,39.5,26,10.5,6076.416150695818,58025.5,1027.0,0,1,0,0
301.0,310.9,1510,44.5,66,9.899999999999977,7036.643945265538,67195.0,2937.0,0,0,1,0
297.5,308.5,1335,48.0,131,11.0,6710.441908067798,64080.0,6288.0,0,1,0,0
303.6,313.0,1396,38.2,117,9.399999999999977,5584.411325217121,53327.200000000004,4469.400000000001,0,0,1,0
300.5,311.9,1383,50.5,35,11.399999999999977,7313.784777189719,69841.5,1767.5,0,1,0,0
299.4,309.2,1489,42.3,114,9.800000000000011,6595.742360285234,62984.7,4822.2,0,1,0,0
302.1,310.9,1452,42.5,198,8.799999999999955,6462.256088434205,61710.0,8415.0,1,0,0,0
296.2,307.0,1414,48.3,162,10.800000000000011,7151.961339603306,68296.2,7824.599999999999,0,1,0,0
298.8,308.5,1444,42.2,83,9.699999999999989,6381.286773775683,60936.8,3502.6000000000004,0,1,0,0
298.4,308.6,1491,42.0,120,10.200000000000045,6557.760505103333,62622.0,5040.0,0,1,0,0
300.1,309.2,1783,27.3,118,9.099999999999966,5097.328328229047,48675.9,3221.4,0,1,0,0
300.1,309.7,1680,33.8,140,9.599999999999966,5946.40657471476,56783.99999999999,4732.0,0,1,0,0
302.8,312.6,1462,39.4,22,9.800000000000011,6032.151110206738,57602.799999999996,866.8,0,1,0,0
302.4,311.8,1727,26.5,213,9.400000000000034,4792.551952928789,45765.5,5644.5,0,1,0,0
301.7,310.8,1502,34.4,157,9.100000000000023,5410.7440833266755,51668.799999999996,5400.8,0,0,1,0
302.0,311.0,1686,32.5,25,9.0,5738.118981781758,54795.0,812.5,0,1,0,0
300.8,311.8,1323,61.1,178,11.0,8465.052821024234,80835.3,10875.800000000001,0,1,0,0
301.7,311.0,1546,43.0,23,9.300000000000011,6961.559880844741,66478.0,989.0,0,1,0,0
300.9,310.9,1615,32.0,183,10.0,5411.916944584017,51680.0,5856.0,0,1,0,0
300.3,309.2,1572,32.0,173,8.899999999999977,5267.822561539365,50304.0,5536.0,0,1,0,0
303.1,311.2,1399,49.2,111,8.099999999999966,7207.944520690279,68830.8,5461.200000000001,0,1,0,0
298.6,308.2,1325,54.0,41,9.599999999999966,7492.698478811657,71550.0,2214.0,0,1,0,0
298.4,307.9,1605,31.0,18,9.5,5210.331415978671,49755.0,558.0,1,0,0,0
299.2,308.5,1366,49.7,74,9.300000000000011,7109.445119024726,67890.2,3677.8,0,1,0,0
299.0,310.1,1447,42.8,104,11.100000000000023,6485.461986168721,61931.6,4451.2,0,1,0,0
301.9,311.0,1356,45.7,119,9.100000000000023,6489.39944896122,61969.200000000004,5438.3,0,1,0,0
301.0,311.2,1467,45.4,36,10.199999999999989,6974.524186528556,66601.8,1634.3999999999999,0,1,0,0
297.3,307.9,1461,37.5,161,10.599999999999966,5737.33358361836,54787.5,6037.5,1,0,0,0
299.4,308.7,1681,30.8,171,9.300000000000011,5421.844377369361,51774.8,5266.8,0,1,0,0
298.9,310.1,1484,37.9,73,11.200000000000045,5889.816019048096,56243.6,2766.7,0,0,1,0
302.7,310.6,1349,51.2,6,7.900000000000034,7232.867822408756,69068.8,307.20000000000005,0,0,1,1
300.4,311.7,1398,42.6,176,11.300000000000011,6236.5640722003145,59554.8,7497.6,0,0,1,0
303.6,312.6,1540,39.8,21,9.0,6418.483230794186,61291.99999999999,835.8,0,1,0,0
301.3,310.3,1555,41.2,131,9.0,6708.975831496124,64066.00000000001,5397.200000000001,0,1,0,0
300.5,309.9,1382,46.5,134,9.399999999999977,6729.605623254695,64263.0,6231.0,0,1,0,0
297.5,307.9,1544,37.9,136,10.399999999999977,6127.948742190202,58517.6,5154.4,0,0,1,0
300.6,309.9,1480,43.7,153,9.299999999999955,6772.854882119115,64676.00000000001,6686.1,0,1,0,0
302.7,311.6,1501,38.8,171,8.900000000000034,6098.752874462842,58238.799999999996,6634.799999999999,0,0,1,0
303.5,312.9,1438,42.8,106,9.399999999999977,6445.123936496628,61546.399999999994,4536.799999999999,0,0,1,0
302.8,312.4,1529,36.8,237,9.599999999999966,5892.28740526892,56267.2,8721.599999999999,0,1,0,0
296.8,308.0,1311,58.6,19,11.199999999999989,8045.053299165814,76824.6,1113.4,1,0,0,0
297.5,308.5,1448,54.3,83,11.0,8233.737353940416,78626.4,4506.9,0,1,0,0
302.2,311.6,1357,44.2,142,9.400000000000034,6281.028080224121,59979.4,6276.400000000001,1,0,0,0
303.5,312.0,1441,56.8,88,8.5,8571.186292838009,81848.8,4998.4,0,1,0,0
297.8,307.2,1456,39.6,199,9.399999999999977,6037.889752787296,57657.6,7880.400000000001,0,0,1,0
302.1,311.0,1740,30.8,182,8.899999999999977,5612.141116372807,53592.0,5605.6,0,1,0,0
299.6,309.0,1245,64.0,120,9.399999999999977,8344.07008793449,79680.0,7680.0,0,0,1,0
297.9,308.1,1393,50.3,193,10.200000000000045,7337.493329748809,70067.9,9707.9,0,1,0,0
303.5,312.1,1522,36.4,107,8.600000000000023,5801.558209433247,55400.799999999996,3894.7999999999997,0,1,0,0
296.9,307.9,2010,18.9,86,11.0,3978.1987772407547,37989.0,1625.3999999999999,0,0,1,0
302.3,310.8,1650,32.4,26,8.5,5598.318108697012,53460.0,842.4,0,1,0,0
301.3,310.7,1504,47.2,74,9.399999999999977,7433.929752238504,70988.8,3492.8,0,1,0,0
297.6,308.6,1351,51.0,37,11.0,7215.295847499678,68901.0,1887.0,0,1,0,0
303.8,313.0,1452,38.6,72,9.199999999999989,5869.249059142596,56047.200000000004,2779.2000000000003,0,1,0,0
295.7,306.2,1458,40.6,103,10.5,6198.864960357236,59194.8,4181.8,0,1,0,0
301.1,311.6,1266,55.5,210,10.5,7357.924153972655,70263.0,11655.0,0,0,1,0
300.5,309.8,1305,51.7,202,9.300000000000011,7065.284798290765,67468.5,10443.400000000001,0,1,0,0
300.7,309.5,1393,43.9,81,8.800000000000011,6403.895768906019,61152.7,3555.9,0,0,1,0
298.4,308.2,1610,35.0,24,9.800000000000011,5900.958200992827,56350.0,840.0,0,0,1,0
297.9,308.6,1468,36.0,168,10.700000000000045,5534.229618563781,52848.0,6048.0,0,1,0,0
297.9,308.0,1501,36.7,4,10.100000000000023,5768.665734350163,55086.700000000004,146.8,0,1,0,0
299.8,311.1,1562,35.7,170,11.300000000000011,5839.529592639637,55763.4,6069.000000000001,0,0,1,0
304.1,313.2,1569,35.8,146,9.099999999999966,5882.129589022313,56170.2,5226.799999999999,0,1,0,0
297.4,308.4,1564,35.0,105,11.0,5732.359395250176,54740.0,3675.0,0,0,1,0
298.0,307.7,1422,45.6,140,9.699999999999989,6790.364025175122,64843.200000000004,6384.0,0,1,0,0
298.1,307.7,1498,38.3,81,9.599999999999966,6008.128398382288,57373.399999999994,3102.2999999999997,0,0,1,0
298.0,307.8,1623,29.9,24,9.800000000000011,5081.808860520313,48527.7,717.5999999999999,0,1,0,0
303.9,313.2,1422,48.0,215,9.300000000000011,7147.751605447496,68256.0,10320.0,0,0,1,1
301.6,310.4,1517,41.1,167,8.799999999999955,6529.140596029131,62348.700000000004,6863.7,0,1,0,0
299.0,310.2,1298,57.2,10,11.199999999999989,7774.981050712212,74245.6,572.0,0,0,1,0
300.3,311.4,1343,57.7,142,11.099999999999966,8114.849015953067,77491.1,8193.4,0,1,0,0
297.3,308.4,1441,43.4,14,11.099999999999966,6549.110653330451,62539.4,607.6,0,1,0,0
299.5,310.1,1659,31.5,44,10.600000000000023,5472.49732292074,52258.5,1386.0,0,0,1,0
300.1,309.4,1349,56.2,127,9.299999999999955,7939.202570690862,75813.8,7137.400000000001,0,0,1,0
302.8,312.3,1483,47.2,223,9.5,7330.131530963897,69997.6,10525.6,1,0,0,0
298.0,308.1,1777,24.3,200,10.100000000000023,4521.91421779754,43181.1,4860.0,0,1,0,0
302.7,312.3,1421,48.5,0,9.600000000000023,7217.128443214272,68918.5,0.0,0,1,0,0
298.8,309.7,1225,63.4,37,10.899999999999977,8133.059781368376,77665.0,2345.7999999999997,0,1,0,0
302.9,311.0,1556,36.5,44,8.100000000000023,5947.453772265957,56794.0,1606.0,0,0,1,0
298.7,310.1,1549,42.5,61,11.400000000000034,6893.963278915002,65832.5,2592.5,0,0,1,0
300.2,309.3,1506,35.6,63,9.100000000000023,5614.403063083391,53613.6,2242.8,1,0,0,0
300.4,309.7,1534,42.5,127,9.300000000000011,6827.204435026219,65195.0,5397.5,0,1,0,0
297.4,307.9,1627,34.3,166,10.5,5844.001126183245,55806.1,5693.799999999999,0,0,1,0
295.6,306.2,1446,49.9,133,10.599999999999966,7556.095818561099,72155.4,6636.7,0,1,0,0
297.3,308.2,1452,38.2,44,10.899999999999977,5808.427825369097,55466.4,1680.8000000000002,0,0,1,0
303.0,311.2,1361,47.6,106,8.199999999999989,6784.122727769992,64783.6,5045.6,0,1,0,1
297.4,308.7,1623,33.8,127,11.300000000000011,5744.653494501223,54857.399999999994,4292.599999999999,1,0,0,0
301.5,310.7,1394,46.7,130,9.199999999999989,6817.235114338828,65099.8,6071.0,1,0,0,0
301.4,310.7,1989,21.8,19,9.300000000000011,4540.669525939472,43360.200000000004,414.2,0,1,0,0
300.6,310.4,1479,35.6,150,9.799999999999955,5513.746434462375,52652.4,5340.0,1,0,0,0
301.6,310.8,1355,57.8,195,9.199999999999989,8201.546501216635,78319.0,11271.0,0,1,0,1
298.4,307.9,2381,14.2,164,9.5,3540.595864546721,33810.2,2328.7999999999997,0,1,0,0
300.0,309.5,1675,30.2,11,9.5,5297.248812727989,50585.0,332.2,0,1,0,0
298.1,309.5,1530,40.2,65,11.399999999999977,6440.893258389794,61506.00000000001,2613.0,1,0,0,0
303.5,312.7,2116,16.7,45,9.199999999999989,3700.502930614441,35337.2,751.5,0,0,1,0
296.8,308.0,1453,51.0,24,11.199999999999989,7760.048013632148,74103.0,1224.0,1,0,0,0
298.2,309.1,1651,28.8,186,10.900000000000034,4979.298692233679,47548.8,5356.8,0,0,1,0
303.7,312.3,1606,37.4,103,8.600000000000023,6289.929259409292,60064.399999999994,3852.2,0,1,0,0
298.0,307.8,1314,47.8,19,9.800000000000011,6577.364043261735,62809.2,908.1999999999999,1,0,0,0
297.4,308.3,1548,46.6,7,10.900000000000034,7554.148031115874,72136.8,326.2,0,1,0,0
297.8,308.9,1650,32.2,195,11.099999999999966,5563.760589507525,53130.00000000001,6279.000000000001,1,0,0,0
298.5,308.1,1564,31.1,34,9.600000000000023,5093.6107769223,48640.4,1057.4,0,1,0,0
301.0,311.0,1640,37.6,118,10.0,6457.438979698701,61664.0,4436.8,1,0,0,0
301.1,310.5,1532,37.5,119,9.399999999999977,6016.1499316244535,57450.0,4462.5,0,1,0,0
299.8,311.1,1466,46.1,58,11.300000000000011,7077.233322349918,67582.6,2673.8,0,1,0,0
302.4,310.2,1503,36.2,166,7.800000000000011,5697.6552684035205,54408.600000000006,6009.200000000001,0,1,0,0
299.7,309.2,1645,30.8,137,9.5,5305.731112892682,50666.0,4219.6,0,1,0,0
301.0,310.9,1359,53.4,180,9.899999999999977,7599.575460886781,72570.59999999999,9612.0,0,0,1,0
298.9,308.6,1481,40.7,124,9.700000000000045,6312.161263421197,60276.700000000004,5046.8,0,1,0,0
296.3,307.2,1291,58.6,29,10.899999999999977,7922.321746165574,75652.6,1699.4,0,1,0,0
304.1,313.6,1611,31.4,144,9.5,5297.2907006300375,50585.399999999994,4521.599999999999,0,1,0,0
299.2,308.8,1542,39.2,179,9.600000000000023,6329.932205865003,60446.4,7016.8,0,1,0,0
299.0,310.5,1336,56.8,136,11.5,7946.637673304359,75884.8,7724.799999999999,1,0,0,0
300.7,311.1,1426,46.2,97,10.400000000000034,6899.06313098933,65881.2,4481.400000000001,0,1,0,0
297.5,308.6,1429,50.5,129,11.100000000000023,7557.048768332688,72164.5,6514.5,0,0,1,0
300.4,309.7,1314,50.2,179,9.300000000000011,6907.608263007094,65962.8,8985.800000000001,0,1,0,0
298.8,309.8,1895,22.0,134,11.0,4365.766590938616,41690.0,2948.0,0,1,0,0
300.2,311.7,1597,39.5,68,11.5,6605.879232580817,63081.5,2686.0,0,0,1,0
301.4,311.0,1427,43.2,13,9.600000000000023,6455.5959120085945,61646.4,561.6,0,0,1,0
298.0,308.2,1466,42.6,2,10.199999999999989,6539.916258830944,62451.6,85.2,0,0,1,0
302.4,311.8,1320,56.4,100,9.400000000000034,7796.176329148429,74448.0,5640.0,0,1,0,0
302.7,310.5,1880,22.7,207,7.800000000000011,4469.0202694866,42676.0,4698.9,0,0,1,0
299.9,309.2,1574,36.5,177,9.300000000000011,6016.254651379573,57451.0,6460.5,0,0,1,0
301.8,311.1,1647,31.6,6,9.300000000000011,5450.160599153718,52045.200000000004,189.60000000000002,0,0,1,0
298.5,309.4,1360,60.9,187,10.899999999999977,8673.308998030701,82824.0,11388.3,0,1,0,1
298.2,308.9,1332,44.4,100,10.699999999999989,6193.210093580774,59140.799999999996,4440.0,0,1,0,0
300.5,311.6,1351,53.5,78,11.100000000000023,7568.986820416329,72278.5,4173.0,1,0,0,0
298.6,309.5,1523,34.2,119,10.899999999999977,5454.4959970156715,52086.600000000006,4069.8,1,0,0,0
302.3,311.4,1511,34.7,75,9.099999999999966,5490.634784507466,52431.700000000004,2602.5,0,1,0,0
297.7,308.9,1479,40.9,87,11.199999999999989,6334.613178918851,60491.1,3558.2999999999997,1,0,0,0
300.5,309.8,1566,35.9,204,9.300000000000011,5887.2818009741995,56219.399999999994,7323.599999999999,0,0,1,0
301.7,310.9,1705,31.2,146,9.199999999999989,5570.672093345421,53196.0,4555.2,0,1,0,0
297.6,308.6,1553,40.5,135,11.0,6586.5060778836805,62896.5,5467.5,0,1,0,0
299.8,309.4,1475,43.4,51,9.599999999999966,6703.63512398502,64015.0,2213.4,0,1,0,0
301.4,310.7,1673,27.8,181,9.300000000000011,4870.452978762304,46509.4,5031.8,0,1,0,0
299.1,308.2,1409,46.4,12,9.099999999999966,6846.326262311069,65377.6,556.8,0,1,0,0
299.7,310.6,1675,31.3,129,10.900000000000034,5490.194961535963,52427.5,4037.7000000000003,0,1,0,0
302.0,310.0,1664,28.6,190,8.0,4983.655034046657,47590.4,5434.0,0,1,0,0
299.0,310.3,1507,36.7,173,11.300000000000011,5791.725024427512,55306.9,6349.1,0,1,0,0
297.5,308.7,1363,53.6,194,11.199999999999989,7650.49020582596,73056.8,10398.4,0,0,1,0
300.7,310.6,1491,43.2,187,9.900000000000034,6745.125090963429,64411.200000000004,8078.400000000001,0,1,0,0
296.7,307.8,1286,60.5,0,11.100000000000023,8147.511107574889,77803.0,0.0,0,0,1,0
296.6,307.4,1436,42.8,156,10.799999999999955,6436.159925458384,61460.799999999996,6676.799999999999,0,1,0,0
297.4,308.6,1635,30.5,159,11.200000000000045,5222.112388429633,49867.5,4849.5,0,1,0,0
302.6,311.6,1953,22.4,180,9.0,4581.19607117078,43747.2,4031.9999999999995,0,1,0,0
298.5,308.8,1305,58.7,26,10.300000000000011,8021.899761308857,76603.5,1526.2,0,1,0,0
296.2,306.8,1655,31.1,136,10.600000000000023,5389.978155886449,51470.5,4229.6,0,1,0,0
298.8,309.8,1508,36.3,69,11.0,5732.401283152222,54740.399999999994,2504.7,0,1,0,0
302.1,310.0,1355,45.1,6,7.899999999999977,6399.476595239969,61110.5,270.6,0,0,1,1
298.1,309.1,1448,52.5,150,11.0,7960.795784196536,76020.0,7875.0,0,0,1,0
299.4,310.6,1348,54.5,22,11.200000000000045,7693.341529620925,73466.0,1199.0,0,1,0,0
301.3,310.3,1400,44.3,47,9.0,6494.719212521298,62019.99999999999,2082.1,0,1,0,0
303.1,311.2,1489,44.5,27,8.099999999999966,6938.783334106216,66260.5,1201.5,0,0,1,0
300.1,311.1,1616,35.2,183,11.0,5956.794774422631,56883.200000000004,6441.6,0,0,1,0
297.4,308.2,1536,34.6,4,10.800000000000011,5565.394217687391,53145.600000000006,138.4,0,0,1,0
297.2,308.1,1446,38.5,164,10.900000000000034,5829.85348726658,55671.0,6314.0,0,1,0,0
297.4,309.3,1499,36.8,88,11.900000000000034,5776.676795616815,55163.2,3238.3999999999996,0,0,1,0
301.7,311.0,1343,49.2,25,9.300000000000011,6919.420651384591,66075.6,1230.0,0,1,0,0
302.5,312.0,1591,29.4,192,9.5,4898.308433624133,46775.399999999994,5644.799999999999,0,0,1,0
298.5,308.2,1564,37.5,15,9.699999999999989,6141.813637768046,58650.0,562.5,0,0,1,0
299.2,310.7,1535,42.6,17,11.5,6847.729507029671,65391.0,724.2,0,1,0,0
300.6,311.9,1604,30.5,45,11.299999999999955,5123.099859963995,48922.0,1372.5,1,0,0,0
297.2,308.3,1604,39.4,9,11.100000000000023,6618.03719615021,63197.6,354.59999999999997,0,0,1,0
300.2,311.6,1446,47.3,66,11.400000000000034,7162.391427213225,68395.8,3121.7999999999997,0,1,0,0
300.6,310.1,1656,32.7,44,9.5,5670.700403435721,54151.200000000004,1438.8000000000002,0,1,0,0
300.1,310.5,1329,57.4,99,10.399999999999977,7988.504631401198,76284.59999999999,5682.599999999999,0,0,1,0
303.8,312.7,1596,36.6,134,8.899999999999977,6117.057887657758,58413.600000000006,4904.400000000001,0,1,0,0
299.2,308.4,1445,43.5,224,9.199999999999989,6582.422007434014,62857.5,9744.0,0,1,0,0
302.4,310.1,1709,31.8,100,7.7000000000000455,5691.120755684054,54346.200000000004,3180.0,0,1,0,0
302.6,312.2,1695,27.1,32,9.599999999999966,4810.249591544012,45934.5,867.2,0,1,0,0
301.7,310.8,1524,41.3,147,9.100000000000023,6591.1870509375285,62941.2,6071.099999999999,0,0,1,0
298.9,308.7,1572,34.1,80,9.800000000000011,5613.523417140386,53605.200000000004,2728.0,0,1,0,0
298.5,308.3,1458,44.0,44,9.800000000000011,6717.981730436413,64152.0,1936.0,0,1,0,0
300.5,309.7,1589,30.5,198,9.199999999999989,5075.190571996752,48464.5,6039.0,0,1,0,0
302.0,309.7,1386,62.7,142,7.699999999999989,9100.377103359697,86902.2,8903.4,0,0,1,1
298.4,309.4,1512,35.3,51,11.0,5589.270321854673,53373.6,1800.3,1,0,0,0
298.2,308.0,1591,33.7,32,9.800000000000011,5614.727694324262,53616.700000000004,1078.4,0,0,1,0
302.1,311.4,1889,22.7,194,9.299999999999955,4490.414515457546,42880.299999999996,4403.8,0,1,0,0
298.3,309.6,1546,36.2,177,11.300000000000011,5860.662039222782,55965.200000000004,6407.400000000001,1,0,0,0
301.2,310.6,1576,39.6,109,9.400000000000034,6535.518029115919,62409.600000000006,4316.400000000001,0,0,1,0
299.3,308.5,1485,44.7,78,9.199999999999989,6951.244984965457,66379.5,3486.6000000000004,0,1,0,0
296.9,307.7,1656,30.8,181,10.800000000000011,5341.210165927222,51004.8,5574.8,1,0,0,0
296.7,308.0,1535,36.8,210,11.300000000000011,5915.40952719934,56487.99999999999,7727.999999999999,0,1,0,0
304.1,313.3,1415,50.0,184,9.199999999999989,7408.922674715929,70750.0,9200.0,0,1,0,0
299.8,309.5,1420,46.7,136,9.699999999999989,6944.385841005118,66314.0,6351.200000000001,1,0,0,0
302.7,310.5,1520,39.3,73,7.800000000000011,6255.539291827997,59735.99999999999,2868.8999999999996,0,1,0,0
300.4,311.8,2261,14.9,5,11.400000000000034,3527.8933582507066,33688.9,74.5,0,1,0,0
296.7,307.8,1382,47.5,37,11.100000000000023,6874.328324830065,65645.0,1757.5,0,1,0,0
297.9,309.1,1543,36.6,20,11.200000000000045,5913.922506676642,56473.8,732.0,0,1,0,0
297.1,308.1,1823,24.3,219,11.0,4638.969960070297,44298.9,5321.7,0,0,1,0
302.6,310.5,1461,45.4,0,7.899999999999977,6945.99852523396,66329.4,0.0,0,1,0,0
297.1,308.4,1543,39.6,205,11.299999999999955,6398.670253125547,61102.8,8118.0,0,1,0,0
297.8,309.8,1533,36.8,198,12.0,5907.7021532225335,56414.399999999994,7286.4,0,1,0,0
301.4,310.6,1648,30.7,90,9.200000000000045,5298.149402622018,50593.6,2763.0,0,1,0,0
299.8,310.0,1697,36.0,175,10.199999999999989,6397.539279770255,61092.0,6300.0,0,1,0,0
301.1,311.1,1889,23.8,170,10.0,4708.011694620688,44958.200000000004,4046.0,0,1,0,0
303.9,313.2,1540,44.4,119,9.300000000000011,7160.317976061856,68376.0,5283.599999999999,0,1,0,0
299.9,309.2,1525,33.2,0,9.300000000000011,5301.961201708375,50630.00000000001,0.0,1,0,0,0
300.5,311.3,1507,43.4,41,10.800000000000011,6849.069919895204,65403.799999999996,1779.3999999999999,0,0,1,0
297.0,308.3,1492,48.1,137,11.300000000000011,7515.234170113407,71765.2,6589.7,0,1,0,0
297.1,308.4,1422,42.1,148,11.299999999999955,6269.173803944575,59866.200000000004,6230.8,0,1,0,0
299.4,308.7,1553,42.7,128,9.300000000000011,6944.291593225511,66313.1,5465.6,0,1,0,0
300.1,309.2,1732,33.7,218,9.099999999999966,6112.32455472635,58368.4,7346.6,0,0,1,0
300.3,309.5,1320,62.2,142,9.199999999999989,8597.910774344546,82104.0,8832.4,0,0,1,0
301.0,311.2,1394,41.3,16,10.199999999999989,6028.946685700076,57572.2,660.8,0,0,1,0
298.2,308.3,1230,59.6,162,10.100000000000023,7676.795808312018,73308.0,9655.2,0,1,0,0
298.1,309.0,1787,27.6,47,10.899999999999977,5164.903986207763,49321.200000000004,1297.2,0,1,0,0
301.4,310.8,1680,31.4,185,9.400000000000034,5524.176522072292,52752.0,5809.0,0,1,0,0
300.5,310.6,1378,51.5,166,10.100000000000023,7431.6468615768945,70967.0,8549.0,1,0,0,0
297.2,308.6,1917,24.1,54,11.400000000000034,4838.021270601746,46199.700000000004,1301.4,0,1,0,0
302.1,311.4,1419,36.2,47,9.299999999999955,5379.22343703566,51367.8,1701.4,0,0,1,0
298.9,310.1,1513,41.5,80,11.200000000000045,6575.301064085877,62789.5,3320.0,0,0,1,0
297.6,309.5,1373,50.6,55,11.899999999999977,7275.279323232219,69473.8,2783.0,0,1,0,0
298.1,307.7,1435,40.9,147,9.599999999999966,6146.159507605512,58691.5,6012.3,0,0,1,0
300.5,309.3,1539,39.1,216,8.800000000000011,6301.500792350015,60174.9,8445.6,0,0,1,0
299.8,309.5,1476,44.4,14,9.699999999999989,6862.746319913831,65534.4,621.6,0,1,0,0
300.5,311.4,2072,18.8,75,10.899999999999977,4079.211453029179,38953.6,1410.0,0,0,1,0
297.7,308.8,1354,50.2,103,11.100000000000023,7117.885531287371,67970.8,5170.6,0,1,0,0
298.0,307.5,1792,27.9,217,9.5,5235.652652766606,49996.799999999996,6054.299999999999,0,1,0,0
299.4,308.6,1455,42.7,183,9.200000000000045,6506.081305951782,62128.50000000001,7814.1,0,0,1,0
300.9,310.8,1695,30.2,188,9.900000000000034,5360.4995448202635,51189.0,5677.599999999999,0,0,1,0
296.1,306.9,1951,23.3,38,10.799999999999955,4760.38204415603,45458.3,885.4,0,0,1,0
297.2,307.9,1469,48.2,144,10.699999999999989,7414.766037051606,70805.8,6940.8,0,1,0,0
302.6,310.2,1873,21.3,87,7.599999999999966,4177.784158523315,39894.9,1853.1000000000001,1,0,0,0
302.6,311.7,1471,48.3,25,9.099999999999966,7440.265297423242,71049.3,1207.5,1,0,0,0
300.2,309.2,1430,43.4,24,9.0,6499.117442236326,62062.0,1041.6,0,1,0,0
300.8,312.6,1422,50.0,117,11.800000000000011,7445.574589007809,71100.0,5850.0,0,1,0,0
296.9,307.8,1549,35.8,206,10.900000000000034,5807.150244356636,55454.2,7374.799999999999,1,0,0,1
296.7,307.4,1540,38.7,45,10.699999999999989,6241.087965621484,59598.00000000001,1741.5000000000002,0,0,1,0
299.6,309.5,1570,35.5,189,9.899999999999977,5836.555551594238,55735.0,6709.5,0,1,0,0
300.2,311.8,1379,51.0,46,11.600000000000023,7364.835657810552,70329.0,2346.0,0,1,0,0
299.0,308.8,1495,38.4,75,9.800000000000011,6011.7517019094275,57408.0,2880.0,0,1,0,0
298.0,307.9,1750,26.6,67,9.899999999999977,4874.704600820162,46550.0,1782.2,0,0,1,0
300.4,309.6,1536,34.5,154,9.200000000000045,5549.309263301011,52992.0,5313.0,0,1,0,0
301.6,310.9,1575,40.1,139,9.299999999999955,6613.837933969912,63157.5,5573.900000000001,0,0,1,0
301.3,310.5,1406,47.1,83,9.199999999999989,6934.814455387181,66222.6,3909.3,0,1,0,0
298.6,309.2,1542,48.4,42,10.599999999999966,7815.528539894543,74632.8,2032.8,0,1,0,0
298.2,309.0,1377,57.8,8,10.800000000000011,8334.708141826794,79590.59999999999,462.4,0,1,0,0
298.5,308.0,1713,25.8,154,9.5,4628.131465415412,44195.4,3973.2000000000003,0,0,1,0
297.3,308.0,1420,46.5,73,10.699999999999989,6914.645430551134,66030.0,3394.5,0,1,0,0
303.9,313.1,1639,29.0,95,9.200000000000045,4977.434680592549,47531.0,2755.0,0,1,0,0
298.3,308.3,1597,32.4,69,10.0,5418.493345205531,51742.799999999996,2235.6,0,1,0,0
302.3,311.8,1369,56.2,208,9.5,8056.90757544536,76937.8,11689.6,0,1,0,1
302.6,310.4,1409,53.3,52,7.7999999999999545,7864.422193559913,75099.7,2771.6,1,0,0,0
296.9,308.0,1343,44.5,15,11.100000000000023,6258.419085093786,59763.5,667.5,0,1,0,0
295.6,306.2,1569,35.1,140,10.599999999999966,5767.115881974391,55071.9,4914.0,0,1,0,0
299.3,309.1,1385,45.6,34,9.800000000000011,6613.6808543372335,63156.0,1550.4,0,0,1,0
300.1,311.4,1446,40.6,147,11.299999999999955,6147.845495662938,58707.6,5968.2,0,1,0,0
299.6,310.6,1642,35.1,149,11.0,6035.439310517495,57634.200000000004,5229.900000000001,0,1,0,0
300.8,310.4,1570,35.2,23,9.599999999999966,5787.232546932879,55264.00000000001,809.6,0,1,0,0
303.0,312.4,1645,29.6,129,9.399999999999977,5099.014316286473,48692.0,3818.4,0,0,1,0
300.8,309.7,1461,44.3,158,8.899999999999977,6777.703406781155,64722.299999999996,6999.4,0,1,0,0
300.9,310.8,1988,19.7,136,9.900000000000034,4101.202601604307,39163.6,2679.2,0,0,1,0
297.0,307.7,1867,22.8,118,10.699999999999989,4457.668648031629,42567.6,2690.4,0,1,0,0
300.4,309.5,1349,50.4,30,9.100000000000023,7119.854262683619,67989.59999999999,1512.0,0,1,0,0
298.7,310.1,1401,45.3,67,11.400000000000034,6646.070674595742,63465.299999999996,3035.1,0,1,0,0
298.8,309.0,1829,22.9,172,10.199999999999989,4386.092695407342,41884.1,3938.7999999999997,0,1,0,0
298.3,309.0,1802,27.5,71,10.699999999999989,5189.38746495474,49555.0,1952.5,0,0,1,0
301.3,310.7,1300,58.3,92,9.399999999999977,7936.7102405190135,75790.0,5363.599999999999,0,0,1,0
301.2,310.9,1467,37.1,153,9.699999999999989,5699.445976216067,54425.700000000004,5676.3,0,1,0,0
301.9,311.0,1291,63.6,137,9.100000000000023,8598.287765462977,82107.6,8713.2,1,0,0,0
300.5,309.5,1653,27.6,62,9.0,4777.608443873214,45622.8,1711.2,0,1,0,0
297.7,308.9,1327,63.7,21,11.199999999999989,8851.950428289329,84529.90000000001,1337.7,0,0,1,0
300.6,310.5,1642,29.9,100,9.899999999999977,5141.300153403791,49095.799999999996,2990.0,0,1,0,0
299.1,310.0,1657,33.1,187,10.899999999999977,5743.532993121444,54846.700000000004,6189.7,1,0,0,0
298.1,308.4,1335,40.2,109,10.299999999999955,5619.9950980067815,53667.00000000001,4381.8,0,1,0,0
302.1,311.1,1423,36.8,80,9.0,5483.796584498151,52366.399999999994,2944.0,0,0,1,0
297.8,308.4,1479,43.5,143,10.599999999999966,6737.302525255991,64336.5,6220.5,0,0,1,0
300.7,309.6,1329,54.3,80,8.900000000000034,7557.069712283711,72164.7,4344.0,0,1,0,0
300.9,310.7,1696,27.3,76,9.800000000000011,4848.608437844344,46300.8,2074.8,0,0,1,0
299.0,310.5,1755,27.9,56,11.5,5127.55044955658,48964.5,1562.3999999999999,0,1,0,0
296.5,307.5,1340,59.1,89,11.0,8293.176286946336,79194.0,5259.900000000001,0,1,0,0
303.5,313.0,1902,21.6,60,9.5,4302.222643532006,41083.200000000004,1296.0,0,0,1,0
302.3,311.8,1487,43.2,206,9.5,6727.029517278753,64238.4,8899.2,0,1,0,0
300.3,311.7,1236,57.5,12,11.399999999999977,7442.4329963542195,71070.0,690.0,0,0,1,0
298.0,308.1,1877,24.3,0,10.100000000000023,4776.383222738314,45611.1,0.0,0,1,0,0
304.3,313.5,2643,12.7,21,9.199999999999989,3515.033772322012,33566.1,266.7,0,1,0,0
301.5,310.9,1671,31.1,170,9.399999999999977,5442.0867060339915,51968.100000000006,5287.0,0,1,0,0
301.1,311.1,1618,29.5,160,10.0,4998.378631616481,47731.0,4720.0,1,0,0,0
298.5,309.6,1364,58.7,123,11.100000000000023,8384.575689214775,80066.8,7220.1,0,0,1,0
298.2,307.8,1578,34.5,127,9.600000000000023,5701.048188469397,54441.0,4381.5,0,0,1,0
303.4,311.8,1515,42.6,204,8.400000000000034,6758.508275667722,64539.0,8690.4,0,0,1,0
298.0,308.7,1614,30.7,106,10.699999999999989,5188.842922228118,49549.799999999996,3254.2,0,0,1,0
300.6,310.1,1495,42.3,132,9.5,6622.320234134603,63238.49999999999,5583.599999999999,0,1,0,0
301.3,310.7,1608,31.4,86,9.399999999999977,5287.4260996977655,50491.2,2700.4,0,1,0,0
301.4,310.7,1376,50.6,25,9.300000000000011,7291.175782059383,69625.6,1265.0,0,1,0,0
297.4,308.3,1571,37.7,162,10.900000000000034,6202.205520545553,59226.700000000004,6107.400000000001,0,1,0,0
297.0,307.8,1521,40.2,190,10.800000000000011,6403.0056509875,61144.200000000004,7638.000000000001,0,1,0,0
297.7,309.4,1392,44.1,140,11.699999999999989,6428.452551481579,61387.200000000004,6174.0,0,1,0,0
299.1,310.1,1336,61.3,94,11.0,8576.212841083754,81896.8,5762.2,0,1,0,0
299.1,310.1,1649,31.6,41,11.0,5456.778887677279,52108.4,1295.6000000000001,0,0,1,0
303.4,312.3,1502,36.0,69,8.900000000000034,5662.406598830243,54072.0,2484.0,0,1,0,0
297.3,308.2,1446,53.5,7,10.899999999999977,8101.224975812,77361.0,374.5,0,1,0,0
301.4,310.5,1217,60.6,103,9.100000000000023,7723.102884025933,73750.2,6241.8,0,0,1,0
296.1,307.1,1433,38.5,14,11.0,5777.441249829189,55170.5,539.0,0,0,1,0
298.1,308.9,1323,51.7,88,10.799999999999955,7162.7370024051215,68399.1,4549.6,0,0,1,0
302.5,311.5,1677,29.2,49,9.0,5127.958856601548,48968.4,1430.8,0,1,0,0
298.6,310.0,1512,37.5,27,11.399999999999977,5937.6101152847095,56700.0,1012.5,0,0,1,0
300.3,311.4,1346,51.1,147,11.099999999999966,7202.687588983271,68780.6,7511.7,0,1,0,0
298.9,308.5,1456,50.0,156,9.600000000000023,7623.598172711232,72800.0,7800.0,0,0,1,0
299.7,311.1,1554,41.0,192,11.400000000000034,6672.114477694002,63714.0,7872.0,0,1,0,0
300.2,309.4,1456,48.8,205,9.199999999999989,7440.631816566161,71052.8,10004.0,0,0,1,0
297.4,308.9,1376,39.0,181,11.5,5619.680938741421,53664.0,7059.0,0,0,1,0
300.6,309.7,1639,30.4,121,9.099999999999966,5217.72463069012,49825.6,3678.3999999999996,0,1,0,0
297.5,308.7,1456,44.7,29,11.199999999999989,6815.496766403841,65083.200000000004,1296.3000000000002,0,1,0,0
297.3,308.7,1438,46.2,16,11.399999999999977,6957.119763227669,66435.6,739.2,1,0,0,0
302.3,310.9,1379,49.3,34,8.599999999999966,7119.341135883534,67984.7,1676.1999999999998,0,1,0,1
295.5,306.0,1641,36.6,21,10.5,6289.531324339838,60060.600000000006,768.6,0,0,1,0
301.5,311.1,1602,34.3,100,9.600000000000023,5754.203936168136,54948.6,3429.9999999999995,0,1,0,0
303.0,312.2,1624,28.8,117,9.199999999999989,4897.868610652631,46771.200000000004,3369.6,1,0,0,0
299.1,310.5,1437,43.1,40,11.399999999999977,6485.7866174095925,61934.700000000004,1724.0,0,1,0,0
299.5,310.7,1589,33.5,5,11.199999999999989,5574.389644652169,53231.5,167.5,0,1,0,0
299.4,308.7,1525,39.0,90,9.300000000000011,6228.207435741765,59475.0,3510.0,0,1,0,0
297.8,307.8,1452,39.8,21,10.0,6051.7127604630905,57789.6,835.8,0,1,0,0
301.7,310.6,1505,44.5,146,8.900000000000034,7013.343799751414,66972.5,6497.0,0,0,1,0
301.0,311.6,1454,40.0,140,10.600000000000023,6090.500957759413,58160.0,5600.0,0,0,1,0
298.4,309.2,2118,17.7,210,10.800000000000011,3925.7970117788773,37488.6,3717.0,0,1,0,0
297.7,308.9,1681,28.3,116,11.199999999999989,4981.7596064789905,47572.3,3282.8,0,0,1,0
302.4,310.2,1445,46.4,125,7.800000000000011,7021.250141262947,67048.0,5800.0,0,1,0,0
299.9,310.0,1484,42.1,182,10.100000000000023,6542.513308757912,62476.4,7662.2,0,0,1,0
298.4,309.3,1984,19.2,132,10.900000000000034,3989.068687822175,38092.799999999996,2534.4,1,0,0,0
299.2,308.4,1402,47.7,24,9.199999999999989,7003.175511529295,66875.40000000001,1144.8000000000002,0,1,0,0
300.1,311.3,1518,40.2,130,11.199999999999989,6390.376448520071,61023.600000000006,5226.0,0,0,1,0
300.8,312.4,1493,39.1,79,11.599999999999966,6113.151840791796,58376.3,3088.9,0,1,0,0
296.6,308.0,1978,22.3,208,11.399999999999977,4619.125566475121,44109.4,4638.400000000001,0,1,0,0
301.4,310.4,1579,36.9,133,9.0,6101.507004022487,58265.1,4907.7,0,1,0,0
302.8,312.2,1452,50.3,60,9.399999999999977,7648.270147017423,73035.59999999999,3018.0,0,0,1,0
299.5,308.9,1520,38.3,122,9.399999999999977,6096.365264046113,58215.99999999999,4672.599999999999,0,1,0,0
298.0,308.0,1620,29.4,75,10.0,4987.5924968391555,47628.0,2205.0,0,0,1,0
300.6,310.2,1648,31.7,46,9.599999999999966,5470.727559059217,52241.6,1458.2,0,1,0,0
297.4,308.5,1569,34.2,72,11.100000000000023,5619.24111576992,53659.8,2462.4,0,1,0,0
301.5,310.8,1500,41.0,118,9.300000000000011,6440.264939859077,61500.0,4838.0,0,1,0,0
303.4,311.8,1499,45.0,16,8.400000000000034,7063.87108159665,67455.0,720.0,0,1,0,0
297.6,308.7,1392,41.2,178,11.099999999999966,6005.719844014536,57350.4,7333.6,0,0,1,0
300.5,311.9,1403,45.7,54,11.399999999999977,6714.327010982737,64117.100000000006,2467.8,0,1,0,0
298.7,309.2,1423,48.9,187,10.5,7286.892744074989,69584.7,9144.3,0,0,1,0
302.5,310.9,1356,55.5,101,8.399999999999977,7880.999330795354,75258.0,5605.5,1,0,0,1
300.2,311.4,1506,36.1,141,11.199999999999989,5693.257038688495,54366.6,5090.1,1,0,0,0
303.8,313.1,2497,13.0,5,9.300000000000011,3399.307970939276,32461.0,65.0,0,1,0,1
301.8,310.0,1493,40.3,185,8.199999999999989,6300.767754064177,60167.899999999994,7455.499999999999,0,1,0,0
297.5,308.2,1419,48.5,108,10.699999999999989,7206.970626967665,68821.5,5238.0,0,1,0,0
302.0,309.8,1649,31.0,152,7.800000000000011,5353.169161961888,51119.0,4712.0,0,1,0,0
298.6,309.1,1339,51.1,34,10.5,7165.22933257697,68422.90000000001,1737.4,0,0,1,0
297.6,308.1,1437,46.3,149,10.5,6967.3299393518355,66533.09999999999,6898.7,0,1,0,0
300.4,309.2,1528,37.2,228,8.800000000000011,5952.438432609653,56841.600000000006,8481.6,0,0,1,0
296.8,308.0,1584,40.4,227,11.199999999999989,6701.3941212254595,63993.6,9170.8,0,1,0,0
298.8,310.1,1585,31.3,147,11.300000000000011,5195.199411363881,49610.5,4601.1,0,0,1,0
300.0,309.6,1618,28.7,53,9.600000000000023,4862.829380589593,46436.6,1521.1,0,1,0,0
297.3,307.9,1417,41.8,186,10.599999999999966,6202.61392759052,59230.6,7774.799999999999,0,1,0,0
300.3,309.9,1509,46.6,125,9.599999999999966,7363.830348161403,70319.40000000001,5825.0,1,0,0,0
297.6,308.6,2384,14.4,171,11.0,3594.987305355872,34329.6,2462.4,0,1,0,0
303.8,312.7,1555,33.4,128,8.899999999999977,5438.829921649769,51937.0,4275.2,0,0,1,0
299.0,308.7,1940,19.9,98,9.699999999999989,4042.8108661495844,38606.0,1950.1999999999998,1,0,0,0
301.2,310.1,1558,32.6,34,8.900000000000034,5318.800138331616,50790.8,1108.4,0,0,1,0
300.8,310.3,1458,43.4,0,9.5,6626.372888657735,63277.2,0.0,0,0,1,0
303.5,312.3,1584,35.2,74,8.800000000000011,5838.8384422558465,55756.8,2604.8,0,1,0,0
299.1,308.9,1325,48.4,220,9.799999999999955,6715.677895823781,64130.0,10648.0,0,0,1,0
299.9,310.2,1479,46.3,173,10.300000000000011,7170.967975157526,68477.7,8009.9,0,1,0,0
301.9,310.7,1429,51.0,76,8.800000000000011,7631.8710333656845,72879.0,3876.0,0,1,0,0
298.8,309.7,1609,40.4,169,10.899999999999977,6807.1610738963145,65003.6,6827.599999999999,0,1,0,0
301.9,311.2,1435,44.2,16,9.300000000000011,6642.059907974661,63427.00000000001,707.2,0,1,0,0
303.0,311.0,1409,41.7,120,8.0,6152.840627982146,58755.3,5004.0,0,0,1,0
300.0,309.6,1491,42.0,29,9.600000000000023,6557.760505103333,62622.0,1218.0,0,0,1,0
302.7,312.0,1944,21.4,71,9.300000000000011,4356.509364586038,41601.6,1519.3999999999999,0,0,1,0
298.4,309.1,1362,46.1,37,10.700000000000045,6575.164928404221,62788.200000000004,1705.7,0,1,0,0
301.1,311.3,1498,37.6,11,10.199999999999989,5898.319263163813,56324.8,413.6,0,1,0,0
298.2,308.8,1362,57.3,28,10.600000000000023,8172.601960901558,78042.59999999999,1604.3999999999999,0,1,0,0
302.3,311.4,1434,40.3,133,9.099999999999966,6051.775592316161,57790.2,5359.9,0,1,0,0
296.9,307.8,1653,29.7,137,10.900000000000034,5141.122129820089,49094.1,4068.9,0,1,0,0
298.7,309.8,1181,65.9,203,11.100000000000023,8150.11862947737,77827.90000000001,13377.7,0,1,0,1
300.1,311.5,1499,43.4,65,11.399999999999977,6812.711220917658,65056.6,2821.0,0,1,0,0
299.6,310.9,1487,42.5,164,11.299999999999955,6618.026724174699,63197.5,6970.0,0,1,0,0
296.9,307.6,1452,45.7,122,10.700000000000045,6948.825958622192,66356.40000000001,5575.400000000001,0,1,0,0
304.2,313.5,1390,47.8,83,9.300000000000011,6957.789969660434,66442.0,3967.3999999999996,0,0,1,0
297.4,307.9,1338,48.5,158,10.5,6795.5790689800815,64893.0,7663.0,0,0,1,0
301.3,310.8,1418,45.4,59,9.5,6741.564619289362,64377.2,2678.6,0,0,1,0
304.0,313.4,1389,45.8,123,9.399999999999977,6661.872885643299,63616.2,5633.4,0,0,1,0
297.7,308.2,1370,53.4,162,10.5,7661.087845044069,73158.0,8650.8,0,0,1,0
299.2,308.8,1700,33.5,185,9.600000000000023,5963.790054064623,56950.0,6197.5,0,0,1,0
300.9,311.3,1603,31.8,190,10.400000000000034,5338.1314051267045,50975.4,6042.0,0,0,1,0
298.1,308.2,1482,37.9,17,10.099999999999966,5881.878261610027,56167.799999999996,644.3,0,1,0,0
300.8,311.0,1578,44.4,86,10.199999999999989,7337.001146899746,70063.2,3818.4,0,1,0,0
303.4,312.2,1972,23.5,59,8.800000000000011,4852.922891755273,46342.0,1386.5,0,0,1,0
298.2,308.3,1400,48.7,194,10.100000000000023,7139.792904058402,68180.0,9447.800000000001,0,1,0,0
300.9,311.2,1789,25.5,114,10.300000000000011,4777.262868681319,45619.5,2907.0,0,1,0,0
296.4,307.2,2071,19.4,183,10.800000000000011,4207.367489344619,40177.399999999994,3550.2,0,0,1,0
302.9,312.3,1515,40.8,183,9.400000000000034,6472.937503456409,61811.99999999999,7466.4,0,1,0,0
300.5,311.7,1269,64.0,87,11.199999999999989,8504.919631798288,81216.0,5568.0,0,0,1,0
302.2,311.3,1758,26.4,4,9.100000000000023,4860.169498809553,46411.2,105.6,1,0,0,0
303.3,312.6,1482,44.4,73,9.300000000000011,6890.6436626777095,65800.8,3241.2,0,0,1,0
297.5,308.3,1388,48.6,27,10.800000000000011,7064.059577155866,67456.8,1312.2,0,1,0,0
299.5,309.4,1390,58.8,195,9.899999999999977,8558.955025440031,81732.0,11466.0,0,1,0,1
298.3,309.4,1546,36.1,94,11.099999999999966,5844.472365081283,55810.600000000006,3393.4,0,1,0,0
301.7,311.1,1506,39.5,158,9.400000000000034,6229.464072803201,59487.0,6241.0,0,0,1,0
301.6,311.2,1395,46.8,95,9.599999999999966,6836.733932742107,65285.99999999999,4446.0,1,0,0,0
296.8,307.6,1434,48.3,138,10.800000000000011,7253.120623048899,69262.2,6665.4,0,1,0,0
299.6,309.2,1450,43.1,160,9.599999999999966,6544.4610962031375,62495.0,6896.0,0,1,0,0
300.7,310.6,1439,41.7,184,9.900000000000034,6283.84504163684,60006.3,7672.8,0,0,1,0
301.0,310.9,1450,45.9,35,9.899999999999977,6969.623301988956,66555.0,1606.5,0,1,0,0
303.3,311.4,1497,46.0,234,8.099999999999966,7211.211777050011,68862.0,10764.0,0,1,0,1
298.9,308.7,1564,34.1,99,9.800000000000011,5584.955867943743,53332.4,3375.9,0,1,0,0
296.8,307.8,1373,42.9,74,11.0,6168.171600131664,58901.7,3174.6,0,1,0,0
302.9,312.5,1683,32.1,85,9.600000000000023,5657.411466511036,54024.3,2728.5,0,1,0,0
298.5,308.8,1557,36.0,21,10.300000000000011,5869.751713967169,56052.0,756.0,0,0,1,0
303.0,312.5,1507,37.9,163,9.5,5981.100229585904,57115.299999999996,6177.7,1,0,0,0
298.9,308.5,1580,39.1,119,9.600000000000023,6469.377031782342,61778.0,4652.900000000001,0,1,0,0
300.6,309.6,1503,38.4,68,9.0,6043.921610682187,57715.2,2611.2,0,0,1,0
299.3,310.6,1609,31.4,99,11.300000000000011,5290.714300008522,50522.6,3108.6,0,0,1,0
303.7,312.5,1670,26.1,139,8.800000000000011,4564.41996640061,43587.0,3627.9,0,1,0,0
298.8,310.1,1607,39.5,105,11.300000000000011,6647.243535853084,63476.5,4147.5,0,1,0,0
297.4,308.4,1588,32.5,207,11.0,5404.58656172564,51610.0,6727.5,0,1,0,0
298.3,308.0,1463,42.5,190,9.699999999999989,6511.212573952646,62177.5,8075.0,0,0,1,0
299.1,308.6,1441,36.2,169,9.5,5462.622250012957,52164.200000000004,6117.8,0,0,1,0
300.4,309.9,1415,31.8,192,9.5,4712.07482111933,44997.0,6105.6,0,0,1,0
299.1,310.1,1373,55.6,108,11.0,7994.180442128683,76338.8,6004.8,0,1,0,0
300.7,310.7,1333,61.0,177,10.0,8515.077448044896,81313.0,10797.0,0,1,0,0
299.5,309.3,1520,42.3,149,9.800000000000011,6733.061375173645,64295.99999999999,6302.7,0,1,0,0
300.8,310.2,1304,52.5,157,9.399999999999977,7169.114435491908,68460.0,8242.5,0,0,1,0
300.5,312.0,1558,36.7,113,11.5,5987.728990084979,57178.600000000006,4147.1,0,1,0,0
304.1,313.1,1666,34.6,33,9.0,6036.423676215621,57643.600000000006,1141.8,0,1,0,0
299.1,310.0,1367,56.3,203,10.899999999999977,8059.452265494767,76962.09999999999,11428.9,0,1,0,1
300.6,310.4,1608,39.2,221,9.799999999999955,6600.863156310587,63033.600000000006,8663.2,0,1,0,0
300.1,310.3,1350,48.8,50,10.199999999999989,6898.9374672831855,65880.0,2440.0,0,0,1,0
298.6,309.7,1314,49.7,136,11.099999999999966,6838.807383893478,65305.8,6759.200000000001,0,0,1,0
301.8,311.0,1839,23.6,30,9.199999999999989,4544.879260095282,43400.4,708.0,0,0,1,0
297.9,307.4,1604,36.1,225,9.5,6063.734588350827,57904.4,8122.5,1,0,0,1
297.2,308.6,1513,39.0,78,11.400000000000034,6179.198590345764,59007.0,3042.0,0,0,1,0
297.4,308.4,1378,39.9,63,11.0,5757.722519940157,54982.2,2513.7,0,1,0,0
298.5,309.8,1593,35.1,203,11.300000000000011,5855.331803687192,55914.3,7125.3,0,1,0,0
303.7,312.7,1540,44.8,196,9.0,7224.825345215567,68992.0,8780.8,0,1,0,0
303.7,312.5,1397,45.7,187,8.800000000000011,6685.612854128926,63842.9,8545.9,0,1,0,0
300.9,310.7,1573,31.2,2,9.800000000000011,5139.394253860614,49077.6,62.4,0,1,0,0
303.6,312.2,1696,30.7,5,8.599999999999966,5452.464433766349,52067.2,153.5,0,1,0,0
301.7,311.3,1708,30.5,77,9.600000000000023,5455.270923203557,52094.0,2348.5,0,1,0,0
301.6,310.6,1599,36.1,208,9.0,6044.832672551729,57723.9,7508.8,0,0,1,0
302.1,311.4,1446,39.7,95,9.299999999999955,6011.5632063502135,57406.200000000004,3771.5000000000005,0,1,0,0
302.7,311.1,1730,28.1,135,8.400000000000034,5090.741455632021,48613.0,3793.5,0,1,0,0
298.4,310.1,1335,57.8,96,11.700000000000045,8080.490464298307,77163.0,5548.799999999999,0,0,1,0
301.6,309.9,1423,53.6,95,8.299999999999955,7987.2689382907865,76272.8,5092.0,1,0,0,0
304.1,313.3,1680,29.3,158,9.199999999999989,5154.725226010132,49224.0,4629.400000000001,0,0,1,0
297.8,308.4,2129,19.2,148,10.599999999999966,4280.608486075309,40876.799999999996,2841.6,0,1,0,0
297.0,308.1,1355,51.4,76,11.100000000000023,7293.4167848189445,69647.0,3906.4,0,0,1,0
298.7,309.6,1665,31.1,178,10.900000000000034,5422.5459997286625,51781.5,5535.8,0,1,0,0
300.7,311.0,1336,53.3,68,10.300000000000011,7456.9680983648295,71208.8,3624.3999999999996,0,1,0,0
303.9,313.2,1630,29.3,104,9.300000000000011,5001.310784759831,47759.0,3047.2000000000003,0,0,1,0
303.0,312.4,1627,37.1,168,9.399999999999977,6321.062442606368,60361.700000000004,6232.8,1,0,0,0
303.5,312.7,1393,49.3,82,9.199999999999989,7191.618710867123,68674.9,4042.6,0,1,0,0
297.4,308.5,1496,36.4,126,11.100000000000023,5702.451433188001,54454.4,4586.4,0,1,0,0
302.2,311.7,1556,38.6,145,9.5,6289.636044094958,60061.600000000006,5597.0,0,1,0,0
303.7,312.3,1375,46.2,98,8.600000000000023,6652.322443976386,63525.00000000001,4527.6,0,1,0,0
303.5,311.9,1405,45.6,10,8.399999999999977,6709.185271006363,64068.0,456.0,0,1,0,0
298.3,307.9,1766,26.5,145,9.599999999999966,4900.779819844957,46799.0,3842.5,0,1,0,0
301.8,310.9,1881,20.9,23,9.099999999999966,4116.837261043673,39312.899999999994,480.7,0,0,1,0
298.1,309.3,1752,25.2,77,11.199999999999989,4623.419076435027,44150.4,1940.3999999999999,0,0,1,0
304.0,313.2,1584,38.7,104,9.199999999999989,6419.40476463924,61300.8,4024.8,0,1,0,0
300.5,310.6,1621,32.0,184,10.100000000000023,5432.023137566992,51872.0,5888.0,0,0,1,0
300.4,311.2,1472,37.3,187,10.800000000000011,5749.700986697991,54905.6,6975.099999999999,0,1,0,0
301.3,311.3,1474,50.7,10,10.0,7825.895795651391,74731.8,507.0,0,1,0,0
303.0,311.2,1519,38.0,139,8.199999999999989,6044.633705017001,57722.0,5282.0,0,0,1,0
300.5,310.5,1564,38.2,199,10.0,6256.46082567305,59744.8,7601.8,0,1,0,0
303.9,313.0,1480,39.9,176,9.100000000000023,6183.910979326149,59052.0,7022.4,0,1,0,0
298.6,308.8,1566,39.1,36,10.199999999999989,6412.053437829839,61230.600000000006,1407.6000000000001,1,0,0,0
303.0,311.2,1341,51.0,174,8.199999999999989,7161.888772388652,68391.0,8874.0,0,1,0,1
302.0,310.0,1449,48.8,181,8.0,7404.859548217287,70711.2,8832.8,0,1,0,0
302.9,312.2,1340,57.8,90,9.300000000000011,8110.754473527888,77452.0,5202.0,0,1,0,0
297.2,308.3,1693,28.0,188,11.100000000000023,4964.135271692352,47404.0,5264.0,0,1,0,0
302.3,311.0,1329,51.5,154,8.699999999999989,7167.386559532434,68443.5,7931.0,0,1,0,0
300.9,311.4,1532,41.5,126,10.5,6657.872590997728,63578.0,5229.0,0,0,1,0
296.4,307.4,1586,35.5,0,11.0,5896.036372502204,56303.0,0.0,1,0,0,0
303.1,311.3,1657,31.8,217,8.199999999999989,5517.956168618184,52692.6,6900.6,0,1,0,0
300.6,310.0,1302,62.9,87,9.399999999999977,8576.108121328632,81895.8,5472.3,0,0,1,0
297.3,308.4,1488,37.4,69,11.099999999999966,5827.780036115209,55651.2,2580.6,0,1,0,0
299.0,310.2,1377,62.5,92,11.199999999999989,9012.443924985719,86062.5,5750.0,0,1,0,1
300.4,311.8,1272,59.2,198,11.400000000000034,7885.648887922669,75302.40000000001,11721.6,0,1,0,1
300.6,310.7,1457,36.7,193,10.099999999999966,5599.564273782936,53471.9,7083.1,0,0,1,0
300.8,310.7,1386,42.1,170,9.899999999999977,6110.46054308522,58350.6,7157.0,0,0,1,0
300.2,310.2,1440,42.9,191,10.0,6469.1675922721015,61776.0,8193.9,0,1,0,0
298.6,310.0,1681,35.5,44,11.399999999999977,6249.203746643256,59675.5,1562.0,0,0,1,0
300.1,309.8,1506,35.2,21,9.699999999999989,5551.319882599309,53011.200000000004,739.2,0,1,0,0
301.9,310.9,1597,36.9,50,9.0,6171.061865372966,58929.299999999996,1845.0,0,1,0,0
302.9,311.1,1556,45.3,135,8.200000000000045,7381.360435168434,70486.79999999999,6115.5,0,1,0,0
299.9,309.8,1477,47.7,112,9.900000000000034,7377.810435469877,70452.90000000001,5342.400000000001,0,1,0,0
299.2,308.5,1594,35.8,160,9.300000000000011,5975.853769854409,57065.2,5728.0,0,0,1,0
295.6,306.2,1414,42.5,69,10.599999999999966,6293.133683915953,60095.0,2932.5,1,0,0,0
302.1,310.7,1325,45.1,208,8.599999999999966,6257.790766563069,59757.5,9380.800000000001,0,1,0,1
296.8,308.1,1843,24.2,212,11.300000000000011,4670.563910189898,44600.6,5130.4,0,0,1,0
298.2,309.0,1723,26.6,168,10.800000000000011,4799.494872693223,45831.8,4468.8,0,0,1,0
302.1,311.4,1391,49.2,52,9.299999999999955,7166.72682507518,68437.2,2558.4,0,1,0,0
296.5,307.4,1292,52.5,62,10.899999999999977,7103.140989766522,67830.0,3255.0,0,1,0,0
302.5,311.9,1401,44.9,203,9.399999999999977,6587.3857238266855,62904.9,9114.699999999999,0,1,0,0
300.5,311.4,1709,32.3,64,10.899999999999977,5780.603786433802,55200.7,2067.2,0,1,0,0
302.3,310.9,1523,43.2,210,8.599999999999966,6889.889680440848,65793.6,9072.0,0,0,1,0
297.4,308.5,1497,36.4,56,11.100000000000023,5706.263232274356,54490.799999999996,2038.3999999999999,0,0,1,0
304.2,313.2,1380,48.7,17,9.0,7037.795862571856,67206.0,827.9000000000001,0,0,1,0
298.1,308.6,1716,30.7,119,10.5,5516.762363409821,52681.2,3653.2999999999997,0,0,1,0
297.5,308.0,1430,44.5,178,10.5,6663.84161703955,63635.0,7921.0,0,0,1,0
298.7,308.3,1349,46.6,74,9.600000000000023,6583.039853989219,62863.4,3448.4,0,0,1,0
302.4,311.6,1622,35.0,68,9.200000000000045,5944.940498143085,56770.0,2380.0,0,1,0,0
297.8,307.2,1880,23.0,176,9.399999999999977,4528.082211374089,43240.0,4048.0,0,1,0,0
298.8,309.7,1582,45.0,11,10.899999999999977,7454.999366968579,71190.0,495.0,0,1,0,0
301.0,312.2,1499,41.5,140,11.199999999999989,6514.458886361354,62208.5,5810.0,0,0,1,0
299.5,309.3,1333,54.1,147,9.800000000000011,7551.896556380801,72115.3,7952.7,0,1,0,0
303.3,311.8,1548,33.5,75,8.5,5430.5570609953165,51858.0,2512.5,0,0,1,0
300.5,311.2,1397,45.2,2,10.699999999999989,6612.466105177844,63144.4,90.4,1,0,0,0
300.1,309.2,1385,46.1,120,9.099999999999966,6686.1992847575975,63848.5,5532.0,0,0,1,0
300.4,310.1,1544,41.9,184,9.700000000000045,6774.697949809221,64693.6,7709.599999999999,0,1,0,0
299.4,309.1,1500,43.3,10,9.700000000000045,6801.548095021902,64949.99999999999,433.0,0,0,1,0
302.2,311.8,1981,21.8,36,9.600000000000023,4522.406400646603,43185.8,784.8000000000001,0,1,0,0
296.3,307.1,1662,32.9,190,10.800000000000011,5726.055265991971,54679.799999999996,6251.0,0,1,0,0
301.3,310.9,1760,23.9,76,9.599999999999966,4404.931779353369,42064.0,1816.3999999999999,0,1,0,0
301.5,310.7,1790,26.2,8,9.199999999999989,4911.147075601804,46898.0,209.6,1,0,0,0
302.4,311.0,1338,67.6,194,8.600000000000023,9471.776186867082,90448.79999999999,13114.4,0,1,0,1
298.1,307.5,1684,33.1,200,9.399999999999977,5837.121038271884,55740.4,6620.0,0,1,0,0
299.4,309.2,1444,48.2,24,9.800000000000011,7288.578732132415,69600.8,1156.8000000000002,0,1,0,0
299.2,309.1,1387,48.7,4,9.900000000000034,7073.494827092146,67546.90000000001,194.8,0,1,0,0
302.3,311.5,1445,44.8,65,9.199999999999989,6779.138067426294,64735.99999999999,2912.0,0,0,1,0
300.1,309.6,1541,37.0,96,9.5,5970.806277657641,57017.0,3552.0,0,1,0,0
301.5,310.1,1639,33.4,47,8.600000000000023,5732.631666613487,54742.6,1569.8,0,1,0,0
302.1,311.2,1492,45.0,162,9.099999999999966,7030.884358733957,67140.0,7290.0,0,1,0,0
301.5,310.6,1578,34.1,120,9.100000000000023,5634.949079037869,53809.8,4092.0,0,1,0,0
302.1,311.3,1521,31.5,202,9.199999999999989,5017.280547415578,47911.5,6363.0,0,1,0,0
300.2,311.6,1533,46.4,24,11.400000000000034,7448.841845367542,71131.2,1113.6,0,0,1,0
299.2,310.2,1697,30.6,12,11.0,5437.908387804718,51928.200000000004,367.20000000000005,0,1,0,0
301.3,310.4,1577,48.3,78,9.099999999999966,7976.409499684877,76169.09999999999,3767.3999999999996,0,0,1,0
300.5,309.9,1397,45.9,210,9.399999999999977,6714.871553709359,64122.299999999996,9639.0,1,0,0,1
300.7,312.2,1335,49.0,62,11.5,6850.242781152544,65415.0,3038.0,1,0,0,0
302.3,311.7,1535,38.3,5,9.399999999999977,6156.526763362357,58790.49999999999,191.5,0,0,1,0
301.6,310.9,1559,40.2,191,9.299999999999955,6562.975548908294,62671.8,7678.200000000001,0,1,0,0
298.2,309.1,1467,44.5,80,10.900000000000034,6836.262693844069,65281.5,3560.0,0,1,0,0
298.9,308.8,1529,32.7,53,9.900000000000034,5235.809732399286,49998.3,1733.1000000000001,0,1,0,0
297.8,308.3,1567,35.6,131,10.5,5841.812483301244,55785.200000000004,4663.6,0,0,1,0
295.5,305.9,1518,44.1,194,10.399999999999977,7010.338342779481,66943.8,8555.4,0,0,1,0
300.6,311.6,1630,31.8,52,11.0,5428.043786872445,51834.0,1653.6000000000001,0,0,1,0
299.6,309.5,1453,41.4,168,9.899999999999977,6299.333093419037,60154.2,6955.2,0,1,0,0
299.9,309.6,1410,51.2,98,9.700000000000045,7559.928561598479,72192.0,5017.6,1,0,0,0
298.8,309.9,1482,39.1,45,11.099999999999966,6068.11187411483,57946.200000000004,1759.5,0,1,0,0
301.5,310.6,1519,40.7,208,9.100000000000023,6474.120836689262,61823.3,8465.6,0,1,0,0
300.2,309.4,1981,21.4,44,9.199999999999989,4439.426466689784,42393.399999999994,941.5999999999999,0,1,0,0
298.5,309.3,1421,50.3,124,10.800000000000011,7484.980632859338,71476.3,6237.2,1,0,0,0
299.8,309.4,2256,15.9,201,9.599999999999966,3756.3395040442438,35870.4,3195.9,0,1,0,0
303.8,312.5,1366,45.1,143,8.699999999999989,6451.4280657548325,61606.6,6449.3,0,0,1,0
299.9,310.5,1576,39.4,183,10.600000000000023,6502.510362302201,62094.399999999994,7210.2,0,0,1,0
297.1,308.4,1550,37.0,167,11.299999999999955,6005.677956112489,57350.0,6179.0,0,1,0,0
302.0,310.9,1378,53.1,212,8.899999999999977,7662.53297766472,73171.8,11257.2,0,1,0,1
298.0,308.2,1459,42.1,146,10.199999999999989,6432.29576649447,61423.9,6146.6,0,1,0,0
301.2,311.0,1424,41.4,131,9.800000000000011,6173.606555422375,58953.6,5423.4,0,0,1,0
296.4,307.4,1403,48.4,70,11.0,7111.01591535152,67905.2,3388.0,0,1,0,0
299.1,309.8,1398,55.4,217,10.699999999999989,8110.461258213553,77449.2,12021.8,0,1,0,1
300.6,309.4,1521,37.2,90,8.799999999999955,5925.169408376493,56581.200000000004,3348.0000000000005,0,0,1,0
301.3,311.0,1410,52.7,161,9.699999999999989,7781.410843676559,74307.0,8484.7,0,0,1,0
304.2,313.5,1532,41.3,161,9.300000000000011,6625.786458029064,63271.6,6649.299999999999,0,0,1,0
300.8,310.6,1416,42.2,225,9.800000000000011,6257.549911126294,59755.200000000004,9495.0,0,1,0,0
300.7,312.4,1590,37.9,98,11.699999999999989,6310.517163265817,60261.0,3714.2,0,1,0,0
300.6,309.4,1468,44.1,76,8.799999999999955,6779.431282740631,64738.8,3351.6,0,1,0,0
303.5,312.3,1386,49.0,35,8.800000000000011,7111.937449196574,67914.0,1715.0,1,0,0,0
299.9,311.2,1495,35.8,175,11.300000000000011,5604.70601375931,53520.99999999999,6264.999999999999,1,0,0,0
299.0,309.4,1561,37.3,70,10.399999999999977,6097.339157768725,58225.299999999996,2611.0,0,0,1,0
297.1,308.4,1588,33.4,204,11.299999999999955,5554.252035742658,53039.2,6813.599999999999,0,0,1,0
298.7,309.6,1502,46.7,198,10.900000000000034,7345.399671260343,70143.40000000001,9246.6,0,1,0,0
302.3,311.3,1324,47.8,131,9.0,6627.420086208931,63287.2,6261.799999999999,0,1,0,0
297.9,308.9,1416,39.6,45,11.0,5872.013660677755,56073.6,1782.0,1,0,0,0
298.5,309.6,1492,41.7,100,11.100000000000023,6515.2861724268005,62216.4,4170.0,0,0,1,0
297.5,309.4,1318,58.2,146,11.899999999999977,8032.801087816813,76707.6,8497.2,0,1,0,0
299.4,309.9,1567,40.6,87,10.5,6662.291764663779,63620.200000000004,3532.2000000000003,0,0,1,0
298.8,308.6,1680,29.4,95,9.800000000000011,5172.318144870235,49392.0,2793.0,0,1,0,0
297.1,308.5,1712,32.1,48,11.399999999999977,5754.895086551926,54955.200000000004,1540.8000000000002,0,1,0,0
297.2,308.7,1509,39.3,66,11.5,6210.2689416897665,59303.7,2593.7999999999997,0,1,0,0
297.7,308.5,1559,35.2,127,10.800000000000011,5746.685057750546,54876.8,4470.400000000001,0,0,1,0
297.0,307.9,1635,31.6,147,10.899999999999977,5410.450868012342,51666.0,4645.2,0,1,0,0
299.2,308.7,1650,30.5,93,9.5,5270.021676396878,50325.0,2836.5,0,1,0,0
303.5,312.4,1284,70.6,94,8.899999999999977,9492.887689499204,90650.4,6636.4,0,1,0,1
303.1,312.4,1378,50.1,104,9.299999999999955,7229.621510000047,69037.8,5210.400000000001,0,0,1,0
297.7,308.7,1829,24.9,17,11.0,4769.157559635058,45542.1,423.29999999999995,0,1,0,0
302.7,311.5,1494,41.4,149,8.800000000000011,6477.0844057591485,61851.6,6168.599999999999,0,1,0,0
300.2,309.7,1678,30.5,142,9.5,5359.452347269067,51179.0,4331.0,0,1,0,0
301.6,310.6,2103,19.7,12,9.0,4338.445206827897,41429.1,236.39999999999998,0,1,0,0
298.4,309.3,1542,35.4,208,10.900000000000034,5716.3163287658435,54586.799999999996,7363.2,0,1,0,0
298.2,309.3,1355,43.8,142,11.100000000000023,6215.012746596688,59348.99999999999,6219.599999999999,0,1,0,0
298.8,309.2,1306,54.5,50,10.399999999999977,7453.6380101520235,71177.0,2725.0,1,0,0,0
302.5,310.4,1451,53.6,194,7.899999999999977,8144.432346774371,77773.6,10398.4,0,0,1,0
300.7,310.8,1475,42.0,147,10.100000000000023,6487.388829662923,61950.0,6174.0,0,1,0,0
301.2,311.0,1761,29.1,195,9.800000000000011,5366.3743230824775,51245.100000000006,5674.5,0,1,0,0
300.5,311.9,1750,28.3,207,11.399999999999977,5186.24587230115,49525.0,5858.1,0,1,0,0
300.5,311.6,1744,26.8,94,11.100000000000023,4894.5175784888015,46739.200000000004,2519.2000000000003,0,1,0,0
299.2,308.4,1580,32.6,142,9.199999999999989,5393.905146703436,51508.0,4629.2,0,1,0,0
297.4,308.5,1782,25.9,54,11.100000000000023,4833.214633841753,46153.799999999996,1398.6,0,1,0,0
303.7,312.7,1532,42.7,194,9.0,6850.389388809712,65416.4,8283.800000000001,0,0,1,0
301.6,310.6,1691,30.1,40,9.0,5330.141287811076,50899.100000000006,1204.0,0,0,1,0
303.5,312.4,1503,36.5,191,8.899999999999977,5744.873405986975,54859.5,6971.5,0,1,0,0
298.1,308.8,1433,48.2,62,10.699999999999989,7233.056317967972,69070.6,2988.4,0,0,1,0
300.2,311.5,1495,38.5,69,11.300000000000011,6027.4073052998165,57557.5,2656.5,0,1,0,0
299.8,310.0,1460,37.1,169,10.199999999999989,5672.250255811492,54166.0,6269.900000000001,0,0,1,0
298.9,309.3,1581,30.7,65,10.400000000000034,5082.7513383163905,48536.7,1995.5,0,0,1,0
302.6,310.2,1325,62.4,92,7.599999999999966,8658.22935329347,82680.0,5740.8,0,1,0,1
296.9,308.0,1409,50.7,43,11.100000000000023,7480.791842654551,71436.3,2180.1,0,0,1,0
298.6,310.1,1596,33.0,15,11.5,5515.380062642241,52668.0,495.0,0,0,1,0
298.0,307.6,1420,45.8,150,9.600000000000023,6810.553993962192,65035.99999999999,6870.0,1,0,0,0
297.3,308.6,1431,53.0,160,11.300000000000011,7942.2603875403565,75843.0,8480.0,0,0,1,0
299.7,309.2,1478,38.8,199,9.5,6005.300964994057,57346.399999999994,7721.2,0,1,0,0
299.7,309.2,1554,41.6,62,9.5,6769.755177367573,64646.4,2579.2000000000003,1,0,0,0
299.9,309.1,1513,43.8,188,9.200000000000045,6939.715339926781,66269.4,8234.4,0,0,1,0
299.0,310.0,1488,46.3,198,11.0,7214.604697115888,68894.4,9167.4,0,0,1,0
298.7,308.5,1544,35.2,159,9.800000000000011,5691.393027047366,54348.8,5596.8,0,1,0,0
298.0,308.2,1357,48.2,7,10.199999999999989,6849.446911013634,65407.4,337.40000000000003,0,1,0,0
296.4,307.5,1596,35.1,75,11.100000000000023,5866.358793901293,56019.600000000006,2632.5,1,0,0,0
299.7,309.6,1321,53.4,166,9.900000000000034,7387.078133797968,70541.4,8864.4,0,1,0,0
303.4,311.6,1425,45.4,184,8.200000000000045,6774.844557466387,64695.0,8353.6,0,0,1,0
300.7,309.5,1461,49.9,0,8.800000000000011,7634.478555268163,72903.9,0.0,0,1,0,0
299.3,308.5,1386,42.2,30,9.199999999999989,6124.974701144804,58489.200000000004,1266.0,0,0,1,0
301.5,310.5,1453,44.2,129,9.0,6725.374945147862,64222.600000000006,5701.8,0,1,0,0
298.9,309.6,1546,35.3,190,10.700000000000045,5714.954971949287,54573.799999999996,6706.999999999999,1,0,0,0
298.9,308.7,1546,43.4,114,9.800000000000011,7026.318577410739,67096.4,4947.599999999999,0,1,0,0
304.4,313.6,1585,38.9,9,9.200000000000045,6456.653581535302,61656.5,350.09999999999997,0,1,0,0
296.2,307.2,1382,52.0,201,11.0,7525.580481919229,71864.0,10452.0,0,1,0,0
300.4,311.4,1355,56.2,122,11.0,7974.514072117213,76151.0,6856.400000000001,0,0,1,0
297.4,308.8,1538,41.2,126,11.400000000000034,6635.630115010314,63365.600000000006,5191.200000000001,0,1,0,0
300.9,310.4,1536,34.2,45,9.5,5501.054400141872,52531.200000000004,1539.0000000000002,0,1,0,0
300.6,309.4,1474,40.7,87,8.799999999999955,6282.326605187606,59991.8,3540.9,0,1,0,0
299.0,310.2,1690,30.7,244,11.199999999999989,5433.175054873308,51883.0,7490.8,0,1,0,0
296.5,307.6,1512,43.6,92,11.100000000000023,6903.461360704356,65923.2,4011.2000000000003,0,1,0,0
300.5,310.4,1761,26.5,12,9.899999999999977,4886.904452291603,46666.5,318.0,0,1,0,0
298.2,309.0,1360,56.8,107,10.800000000000011,8089.391643483478,77248.0,6077.599999999999,1,0,0,0
298.6,308.2,1488,44.0,43,9.599999999999966,6856.211807194364,65472.0,1892.0,0,0,1,0
296.5,307.6,1431,45.2,90,11.100000000000023,6773.399424845738,64681.200000000004,4068.0000000000005,0,1,0,0
302.3,311.7,1517,37.6,124,9.399999999999977,5973.1310562212975,57039.200000000004,4662.400000000001,0,0,1,0
299.5,309.0,1399,49.7,207,9.5,7281.195989396481,69530.3,10287.900000000001,0,0,1,0
299.7,309.2,1781,29.6,201,9.5,5520.574162496176,52717.600000000006,5949.6,0,1,0,0
302.7,310.5,1351,41.8,10,7.800000000000011,5913.713067166402,56471.799999999996,418.0,0,1,0,1
298.0,309.9,1403,47.7,43,11.899999999999977,7008.170643848503,66923.1,2051.1,0,1,0,0
303.6,312.4,1388,41.9,221,8.799999999999955,6090.207742445077,58157.2,9259.9,0,1,0,0
301.0,310.7,1727,34.5,127,9.699999999999989,6239.360089662009,59581.5,4381.5,0,1,0,0
296.1,306.7,1409,42.8,134,10.599999999999966,6315.145776442106,60305.2,5735.2,0,1,0,0
302.7,311.1,1440,39.5,146,8.400000000000034,5956.459671206248,56880.0,5767.0,0,1,0,0
300.3,311.5,1464,41.0,29,11.199999999999989,6285.698581302458,60024.0,1189.0,1,0,0,0
301.7,311.2,1517,42.4,113,9.5,6735.6584251006125,64320.799999999996,4791.2,0,1,0,0
298.7,309.7,1462,46.8,4,11.0,7165.093196895313,68421.59999999999,187.2,0,1,0,0
